aupr,auroc,f1,f1_opt,mcc,shd,precision,recall,tp,fp,tn,fn,topology,config,method,rep,n,p,wall_seconds
0.7432232454483915,0.8888080452081192,0.3581267217630854,0.7242647058823529,0.44170524482441104,233,0.9701492537313433,0.2195945945945946,65,2,2705,231,scale-free,n237p78,desparsified,45,237,78,0.3504594271071255
