aupr,auroc,f1,f1_opt,mcc,shd,precision,recall,tp,fp,tn,fn,topology,config,method,rep,n,p,wall_seconds
0.5369209751304429,0.8181096840862119,0.06060606060606061,0.5314685314685313,0.16991682282098422,93,1.0,0.03125,3,0,1129,93,scale-free,n100p50,desparsified,45,100,50,0.03509627468883991
