aupr,auroc,f1,f1_opt,mcc,shd,precision,recall,tp,fp,tn,fn,topology,config,method,rep,n,p,wall_seconds
0.9679183927058994,0.9912328087470208,0.7762803234501346,0.9287321830457614,0.7883955541705231,249,0.9976905311778291,0.6352941176470588,432,1,12685,248,random,n513p164,desparsified,42,513,164,3.3215695680119097
