aupr,auroc,f1,f1_opt,mcc,shd,precision,recall,tp,fp,tn,fn,topology,config,method,rep,n,p,wall_seconds
0.5082665787150034,0.7972209920283436,0.15384615384615385,0.5816326530612245,0.27804241935804697,88,1.0,0.08333333333333333,8,0,1129,88,scale-free,n100p50,desparsified,41,100,50,0.03515272121876478
