aupr,auroc,f1,f1_opt,mcc,shd,precision,recall,tp,fp,tn,fn,topology,config,method,rep,n,p,wall_seconds
0.9588658023868274,0.9911965330724216,0.776,0.9049180327868853,0.7869074799689205,56,0.9897959183673469,0.6381578947368421,97,1,2850,55,random,n237p78,desparsified,43,237,78,0.8017946751788259
