aupr,auroc,f1,f1_opt,mcc,shd,precision,recall,tp,fp,tn,fn,topology,config,method,rep,n,p,wall_seconds
0.711697869619569,0.8746628373345859,0.29291553133514986,0.7179487179487178,0.393004099765416,1038,0.9772727272727273,0.17227564102564102,215,5,12113,1033,scale-free,n513p164,desparsified,39,513,164,2.8892817543819547
