aupr,auroc,f1,f1_opt,mcc,shd,precision,recall,tp,fp,tn,fn,topology,config,method,rep,n,p,wall_seconds
0.6740144513367063,0.8657363906512177,0.27643630308076605,0.6995559940799211,0.37825734113283727,869,0.9540229885057471,0.16163583252190847,166,8,12331,861,cluster,n513p164,desparsified,17,513,164,3.3691837089136243
