aupr,auroc,f1,f1_opt,mcc,shd,precision,recall,tp,fp,tn,fn,topology,config,method,rep,n,p,wall_seconds
0.7948316613309669,0.9219374918000851,0.4793650793650793,0.7808988764044944,0.5395603302958975,656,0.9648562300319489,0.31890179514255546,302,11,12408,645,cluster,n513p164,desparsified,3,513,164,1.1123831807635725
