aupr,auroc,f1,f1_opt,mcc,shd,precision,recall,tp,fp,tn,fn,topology,config,method,rep,n,p,wall_seconds
0.48687881779574177,0.8139992987894893,0.06060606060606061,0.5579399141630902,0.16991682282098422,93,1.0,0.03125,3,0,1129,93,scale-free,n100p50,desparsified,6,100,50,0.1130594271235168
