aupr,auroc,f1,f1_opt,mcc,shd,precision,recall,tp,fp,tn,fn,topology,config,method,rep,n,p,wall_seconds
0.9515421648499939,0.9848804500703235,0.6967213114754098,0.9114754098360656,0.7218268838179881,74,1.0,0.5345911949685535,85,0,2844,74,random,n237p78,desparsified,20,237,78,0.10197348007932305
