aupr,auroc,f1,f1_opt,mcc,shd,precision,recall,tp,fp,tn,fn,topology,config,method,rep,n,p,wall_seconds
0.9778505709660905,0.9959134915642776,0.7298578199052133,0.9306930693069307,0.7492172912180782,285,0.9974093264248705,0.5754857997010463,385,1,12696,284,random,n513p164,desparsified,4,513,164,3.015098565723747
