aupr,auroc,f1,f1_opt,mcc,shd,precision,recall,tp,fp,tn,fn,topology,config,method,rep,n,p,wall_seconds
0.9032552494825719,0.9756336604684908,0.6380697050938339,0.8565656565656565,0.6794137217635281,135,0.9916666666666667,0.47035573122529645,119,1,13112,134,hub,n513p164,desparsified,33,513,164,3.5265316581353545
