aupr,auroc,f1,f1_opt,mcc,shd,precision,recall,tp,fp,tn,fn,topology,config,method,rep,n,p,wall_seconds
0.6264704546696587,0.8495626660761736,0.13592233009708737,0.6203703703703703,0.2599780789462201,89,1.0,0.07291666666666667,7,0,1129,89,scale-free,n100p50,desparsified,34,100,50,0.06869722995907068
