aupr,auroc,f1,f1_opt,mcc,shd,precision,recall,tp,fp,tn,fn,topology,config,method,rep,n,p,wall_seconds
0.8524839049488728,0.947566673373125,0.5555555555555556,0.8108108108108107,0.6075906504013219,48,1.0,0.38461538461538464,30,0,1147,48,cluster,n100p50,desparsified,49,100,50,0.20689428970217705
