aupr,auroc,f1,f1_opt,mcc,shd,precision,recall,tp,fp,tn,fn,topology,config,method,rep,n,p,wall_seconds
0.6399374592879254,0.8405826281945485,0.14792899408284024,0.6617222908941081,0.2642373664636267,1152,0.9615384615384616,0.08012820512820513,100,4,12114,1148,scale-free,n513p164,desparsified,10,513,164,3.103741532191634
