aupr,auroc,f1,f1_opt,mcc,shd,precision,recall,tp,fp,tn,fn,topology,config,method,rep,n,p,wall_seconds
0.9683502053102424,0.9902225354258049,0.7565217391304347,0.9277620396600567,0.7711180867538231,280,0.9977064220183486,0.6092436974789915,435,1,12651,279,random,n513p164,desparsified,0,513,164,2.867160717956722
