aupr,auroc,f1,f1_opt,mcc,shd,precision,recall,tp,fp,tn,fn,topology,config,method,rep,n,p,wall_seconds
0.6695412999029401,0.8750138396811338,0.11650485436893204,0.6836734693877551,0.21968032534516738,91,0.8571428571428571,0.0625,6,1,1128,90,scale-free,n100p50,desparsified,24,100,50,0.03432032698765397
