aupr,auroc,f1,f1_opt,mcc,shd,precision,recall,tp,fp,tn,fn,topology,config,method,rep,n,p,wall_seconds
0.6721166487800678,0.8745794187242285,0.20543806646525684,0.6826568265682658,0.3179891118661492,263,0.9714285714285714,0.11486486486486487,34,1,2706,262,scale-free,n237p78,desparsified,0,237,78,0.2835850492119789
