aupr,auroc,f1,f1_opt,mcc,shd,precision,recall,tp,fp,tn,fn,topology,config,method,rep,n,p,wall_seconds
0.9623511574435002,0.9914872147689485,0.7630522088353413,0.9302325581395349,0.7757051943584451,59,0.9895833333333334,0.6209150326797386,95,1,2849,58,random,n237p78,desparsified,27,237,78,0.293396492023021
