aupr,auroc,f1,f1_opt,mcc,shd,precision,recall,tp,fp,tn,fn,topology,config,method,rep,n,p,wall_seconds
0.6246986615736592,0.853983416367975,0.2937853107344633,0.6411960132890365,0.37569090011813916,250,0.896551724137931,0.17567567567567569,52,6,2701,244,scale-free,n237p78,desparsified,4,237,78,0.2208651751279831
