aupr,auroc,f1,f1_opt,mcc,shd,precision,recall,tp,fp,tn,fn,topology,config,method,rep,n,p,wall_seconds
0.8214356010299949,0.9253615411681915,0.5182481751824818,0.8078817733990148,0.5779339244402931,132,1.0,0.3497536945812808,71,0,2800,132,cluster,n237p78,desparsified,3,237,78,0.5338499830104411
