aupr,auroc,f1,f1_opt,mcc,shd,precision,recall,tp,fp,tn,fn,topology,config,method,rep,n,p,wall_seconds
0.72090121751452,0.8856589249040433,0.4280274181264281,0.7222808870116156,0.4963383208485349,751,0.9525423728813559,0.27603143418467585,281,14,12334,737,cluster,n513p164,desparsified,10,513,164,3.1184740532189608
