aupr,auroc,f1,f1_opt,mcc,shd,precision,recall,tp,fp,tn,fn,topology,config,method,rep,n,p,wall_seconds
0.6105091374445009,0.846324180690877,0.2545454545454546,0.5882352941176471,0.36872560825242057,82,1.0,0.14583333333333334,14,0,1129,82,scale-free,n100p50,desparsified,26,100,50,0.03734874213114381
