aupr,auroc,f1,f1_opt,mcc,shd,precision,recall,tp,fp,tn,fn,topology,config,method,rep,n,p,wall_seconds
0.9253203711453033,0.9717474719821311,0.6094420600858369,0.8831168831168831,0.6516663574894,91,1.0,0.4382716049382716,71,0,2841,91,random,n237p78,desparsified,4,237,78,1.712596070021391
