aupr,auroc,f1,f1_opt,mcc,shd,precision,recall,tp,fp,tn,fn,topology,config,method,rep,n,p,wall_seconds
0.39987939098318703,0.7452991216415707,0.07920792079207921,0.47191011235955055,0.17189955972609408,93,0.8,0.041666666666666664,4,1,1128,92,scale-free,n100p50,desparsified,23,100,50,0.034485556185245514
