aupr,auroc,f1,f1_opt,mcc,shd,precision,recall,tp,fp,tn,fn,topology,config,method,rep,n,p,wall_seconds
0.8610456184169587,0.9709619672748971,0.5706371191135734,0.8245243128964058,0.6226073703598258,155,0.9716981132075472,0.403921568627451,103,3,13108,152,hub,n513p164,desparsified,31,513,164,3.541928189340979
