aupr,auroc,f1,f1_opt,mcc,shd,precision,recall,tp,fp,tn,fn,topology,config,method,rep,n,p,wall_seconds
0.803372578997878,0.9205971100067473,0.48375451263537905,0.7959183673469388,0.5477358991649675,143,0.9852941176470589,0.32057416267942584,67,1,2793,142,cluster,n237p78,desparsified,42,237,78,0.9741242709569633
