aupr,auroc,f1,f1_opt,mcc,shd,precision,recall,tp,fp,tn,fn,topology,config,method,rep,n,p,wall_seconds
0.8662760913691279,0.9653794813119757,0.6186666666666666,0.8541666666666666,0.6608269175156436,143,0.9747899159663865,0.453125,116,3,13107,140,hub,n513p164,desparsified,34,513,164,3.065162321086973
