aupr,auroc,f1,f1_opt,mcc,shd,precision,recall,tp,fp,tn,fn,topology,config,method,rep,n,p,wall_seconds
0.8559373640960418,0.972159300021793,0.5972602739726027,0.8191721132897604,0.6437305080355831,147,0.9732142857142857,0.4308300395256917,109,3,13110,144,hub,n513p164,desparsified,29,513,164,3.629907513037324
