aupr,auroc,f1,f1_opt,mcc,shd,precision,recall,tp,fp,tn,fn,topology,config,method,rep,n,p,wall_seconds
0.835497814379068,0.9364844878466823,0.5858585858585859,0.8134715025906736,0.62287519316141,123,0.9666666666666667,0.42028985507246375,87,3,2793,120,cluster,n237p78,desparsified,38,237,78,1.1537871090695262
