aupr,auroc,f1,f1_opt,mcc,shd,precision,recall,tp,fp,tn,fn,topology,config,method,rep,n,p,wall_seconds
0.7619048134594002,0.9050305425799496,0.5359477124183007,0.7481296758104738,0.5800477232117278,142,0.9534883720930233,0.37272727272727274,82,4,2779,138,cluster,n237p78,desparsified,46,237,78,1.454207387752831
