aupr,auroc,f1,f1_opt,mcc,shd,precision,recall,tp,fp,tn,fn,topology,config,method,rep,n,p,wall_seconds
0.7150658345407872,0.8768551881392799,0.31684491978609625,0.7288851351351352,0.40748907388851147,1022,0.9556451612903226,0.18990384615384615,237,11,12107,1011,scale-free,n513p164,desparsified,45,513,164,0.3003132292069495
