aupr,auroc,f1,f1_opt,mcc,shd,precision,recall,tp,fp,tn,fn,topology,config,method,rep,n,p,wall_seconds
0.7749333426189382,0.9142201857971949,0.5015337423312883,0.7694805194805194,0.5531708739583502,650,0.9505813953488372,0.340625,327,17,12389,633,cluster,n513p164,desparsified,23,513,164,3.6492593828588724
