aupr,auroc,f1,f1_opt,mcc,shd,precision,recall,tp,fp,tn,fn,topology,config,method,rep,n,p,wall_seconds
0.7258009132799078,0.8918009647332336,0.4118104118104118,0.7261410788381744,0.4827616039888695,757,0.9464285714285714,0.2631578947368421,265,15,12344,742,cluster,n513p164,desparsified,2,513,164,3.8222576049156487
