aupr,auroc,f1,f1_opt,mcc,shd,precision,recall,tp,fp,tn,fn,topology,config,method,rep,n,p,wall_seconds
0.6792342916199051,0.8659227267341231,0.2387640449438202,0.7017094017094017,0.34641516973101133,1084,0.9659090909090909,0.1362179487179487,170,6,12112,1078,scale-free,n513p164,desparsified,5,513,164,2.418507393915206
