aupr,auroc,f1,f1_opt,mcc,shd,precision,recall,tp,fp,tn,fn,topology,config,method,rep,n,p,wall_seconds
0.9029844506107348,0.9681467825225328,0.6388888888888888,0.8541666666666667,0.6759505485061081,78,1.0,0.46938775510204084,69,0,2856,78,random,n237p78,desparsified,44,237,78,0.09381769131869078
