aupr,auroc,f1,f1_opt,mcc,shd,precision,recall,tp,fp,tn,fn,topology,config,method,rep,n,p,wall_seconds
0.828064987644026,0.9733697643499473,0.4246153846153846,0.7679999999999999,0.5127019300572484,187,0.9857142857142858,0.27058823529411763,69,1,13110,186,hub,n513p164,desparsified,9,513,164,3.1826057308353484
