aupr,auroc,f1,f1_opt,mcc,shd,precision,recall,tp,fp,tn,fn,topology,config,method,rep,n,p,wall_seconds
0.6022596120792683,0.8437562247614219,0.2905982905982906,0.6355140186915887,0.37694813141933103,83,0.8947368421052632,0.17346938775510204,17,2,1125,81,cluster,n100p50,desparsified,25,100,50,0.0350286359898746
