aupr,auroc,f1,f1_opt,mcc,shd,precision,recall,tp,fp,tn,fn,topology,config,method,rep,n,p,wall_seconds
0.9381343377275582,0.9977593360995851,0.5185185185185185,0.9189189189189189,0.588442323270592,13,1.0,0.35,7,0,1205,13,hub,n100p50,desparsified,10,100,50,0.19384578289464116
