aupr,auroc,f1,f1_opt,mcc,shd,precision,recall,tp,fp,tn,fn,topology,config,method,rep,n,p,wall_seconds
0.9489998868070837,0.9842288553828847,0.6971109040074557,0.9059180576631259,0.7207843481572256,325,0.9920424403183024,0.5373563218390804,374,3,12667,322,random,n513p164,desparsified,48,513,164,0.3014376722276211
