aupr,auroc,f1,f1_opt,mcc,shd,precision,recall,tp,fp,tn,fn,topology,config,method,rep,n,p,wall_seconds
0.9173449361895055,0.9972053189091729,0.7733333333333334,0.8941176470588236,0.7868733911330504,17,0.9666666666666667,0.6444444444444445,29,1,2957,16,hub,n237p78,desparsified,26,237,78,0.5040156529285014
