aupr,auroc,f1,f1_opt,mcc,shd,precision,recall,tp,fp,tn,fn,topology,config,method,rep,n,p,wall_seconds
0.8755312879035342,0.9575083764849224,0.5250965250965252,0.8383561643835615,0.5779313379894023,123,0.9714285714285714,0.35978835978835977,68,2,2812,121,cluster,n237p78,desparsified,33,237,78,0.8137905243784189
