aupr,auroc,f1,f1_opt,mcc,shd,precision,recall,tp,fp,tn,fn,topology,config,method,rep,n,p,wall_seconds
0.7607260397989343,0.9099664277689437,0.4662668665667167,0.7643707923355775,0.5235383688792975,712,0.9424242424242424,0.3097609561752988,311,19,12343,693,cluster,n513p164,desparsified,35,513,164,3.8149415850639343
