aupr,auroc,f1,f1_opt,mcc,shd,precision,recall,tp,fp,tn,fn,topology,config,method,rep,n,p,wall_seconds
0.8603409866331064,0.9465499648135116,0.6423841059602649,0.8235294117647058,0.6708680958950606,108,0.9797979797979798,0.47783251231527096,97,2,2798,106,cluster,n237p78,desparsified,19,237,78,0.7017789571546018
