aupr,auroc,f1,f1_opt,mcc,shd,precision,recall,tp,fp,tn,fn,topology,config,method,rep,n,p,wall_seconds
0.464159127215316,0.7886034839090641,0.20183486238532108,0.5777777777777778,0.2958791338281054,87,0.8461538461538461,0.11458333333333333,11,2,1127,85,scale-free,n100p50,desparsified,5,100,50,0.07555934228003025
