aupr,auroc,f1,f1_opt,mcc,shd,precision,recall,tp,fp,tn,fn,topology,config,method,rep,n,p,wall_seconds
0.7923031415575462,0.9428354458615441,0.3781818181818182,0.7791563275434243,0.45362386514258485,171,0.9285714285714286,0.2374429223744292,52,4,2780,167,cluster,n237p78,desparsified,16,237,78,0.72126309806481
