aupr,auroc,f1,f1_opt,mcc,shd,precision,recall,tp,fp,tn,fn,topology,config,method,rep,n,p,wall_seconds
0.7509240564044963,0.8991191505506245,0.4010695187165776,0.7279411764705882,0.47276530345638873,224,0.9615384615384616,0.2533783783783784,75,3,2704,221,scale-free,n237p78,desparsified,17,237,78,0.6837205560877919
