aupr,auroc,f1,f1_opt,mcc,shd,precision,recall,tp,fp,tn,fn,topology,config,method,rep,n,p,wall_seconds
0.731181437941,0.9140663900414939,0.5714285714285715,0.7499999999999999,0.629329703019579,12,1.0,0.4,8,0,1205,12,hub,n100p50,desparsified,35,100,50,0.22371583711355925
