aupr,auroc,f1,f1_opt,mcc,shd,precision,recall,tp,fp,tn,fn,topology,config,method,rep,n,p,wall_seconds
0.6197546313348332,0.8332264199922124,0.2988505747126437,0.6225402504472272,0.40143509677289313,244,1.0,0.17567567567567569,52,0,2707,244,scale-free,n237p78,desparsified,9,237,78,0.5261055859737098
