aupr,auroc,f1,f1_opt,mcc,shd,precision,recall,tp,fp,tn,fn,topology,config,method,rep,n,p,wall_seconds
0.9623229020115516,0.9983998196979941,0.8157894736842105,0.9318181818181819,0.8280361021424872,14,1.0,0.6888888888888889,31,0,2958,14,hub,n237p78,desparsified,25,237,78,0.3755628759972751
