aupr,auroc,f1,f1_opt,mcc,shd,precision,recall,tp,fp,tn,fn,topology,config,method,rep,n,p,wall_seconds
0.6752845094728286,0.8570036142533373,0.33053221288515405,0.6861313868613138,0.41961525101540165,239,0.9672131147540983,0.19932432432432431,59,2,2705,237,scale-free,n237p78,desparsified,42,237,78,0.11205485975369811
