aupr,auroc,f1,f1_opt,mcc,shd,precision,recall,tp,fp,tn,fn,topology,config,method,rep,n,p,wall_seconds
0.8031729836818973,0.9388613925192688,0.4418604651162791,0.7638888888888888,0.5218191642866582,48,1.0,0.2835820895522388,19,0,1158,48,random,n100p50,desparsified,14,100,50,0.20375555101782084
