aupr,auroc,f1,f1_opt,mcc,shd,precision,recall,tp,fp,tn,fn,topology,config,method,rep,n,p,wall_seconds
0.46989123761493534,0.7675671685857691,0.1869158878504673,0.5213270142180094,0.2942368273918924,87,0.9090909090909091,0.10416666666666667,10,1,1128,86,scale-free,n100p50,desparsified,14,100,50,0.0716410861350596
