aupr,auroc,f1,f1_opt,mcc,shd,precision,recall,tp,fp,tn,fn,topology,config,method,rep,n,p,wall_seconds
0.7789447464498946,0.9167865006192377,0.3938223938223938,0.7616707616707616,0.48182147201459274,157,1.0,0.24519230769230768,51,0,2795,157,cluster,n237p78,desparsified,39,237,78,1.3560377419926226
