aupr,auroc,f1,f1_opt,mcc,shd,precision,recall,tp,fp,tn,fn,topology,config,method,rep,n,p,wall_seconds
0.9509803126165659,0.9906528125810077,0.6186440677966102,0.9015873015873016,0.658859766030517,90,1.0,0.44785276073619634,73,0,2840,90,random,n237p78,desparsified,29,237,78,0.21278200997039676
