aupr,auroc,f1,f1_opt,mcc,shd,precision,recall,tp,fp,tn,fn,topology,config,method,rep,n,p,wall_seconds
0.5028214267848705,0.7979314289932093,0.13592233009708737,0.5555555555555556,0.2599780789462201,89,1.0,0.07291666666666667,7,0,1129,89,scale-free,n100p50,desparsified,19,100,50,0.0353476251475513
