aupr,auroc,f1,f1_opt,mcc,shd,precision,recall,tp,fp,tn,fn,topology,config,method,rep,n,p,wall_seconds
0.7902423124165259,0.9658506224066391,0.7499999999999999,0.787878787878788,0.7720381265974063,8,1.0,0.6,12,0,1205,8,hub,n100p50,desparsified,17,100,50,0.1194783910177648
