aupr,auroc,f1,f1_opt,mcc,shd,precision,recall,tp,fp,tn,fn,topology,config,method,rep,n,p,wall_seconds
0.9267221086646842,0.9777188665142648,0.6910569105691057,0.8737864077669903,0.717077206358986,76,1.0,0.5279503105590062,85,0,2842,76,random,n237p78,desparsified,23,237,78,0.31496758572757244
