aupr,auroc,f1,f1_opt,mcc,shd,precision,recall,tp,fp,tn,fn,topology,config,method,rep,n,p,wall_seconds
0.6809844634883104,0.8742295910835548,0.23636363636363633,0.6875,0.3401485571256829,84,0.9285714285714286,0.13541666666666666,13,1,1128,83,scale-free,n100p50,desparsified,48,100,50,0.14385099476203322
