aupr,auroc,f1,f1_opt,mcc,shd,precision,recall,tp,fp,tn,fn,topology,config,method,rep,n,p,wall_seconds
0.532115735383005,0.8596887966804979,0.33333333333333337,0.6111111111111112,0.44427378650917204,16,1.0,0.2,4,0,1205,16,hub,n100p50,desparsified,2,100,50,0.0862230071797967
