aupr,auroc,f1,f1_opt,mcc,shd,precision,recall,tp,fp,tn,fn,topology,config,method,rep,n,p,wall_seconds
0.7851972874263475,0.9153021231487427,0.5067064083457526,0.781799379524302,0.5606765564099698,662,0.9686609686609686,0.343087790110999,340,11,12364,651,cluster,n513p164,desparsified,39,513,164,3.3987035513855517
