aupr,auroc,f1,f1_opt,mcc,shd,precision,recall,tp,fp,tn,fn,topology,config,method,rep,n,p,wall_seconds
0.6226609859534553,0.8419635004397537,0.28846153846153844,0.6785714285714285,0.38566510856022546,74,0.9375,0.17045454545454544,15,1,1136,73,cluster,n100p50,desparsified,39,100,50,0.0342363677918911
