aupr,auroc,f1,f1_opt,mcc,shd,precision,recall,tp,fp,tn,fn,topology,config,method,rep,n,p,wall_seconds
0.6592382869819398,0.856660506620793,0.1865509761388286,0.6800334168755222,0.29932938779887264,1125,0.9555555555555556,0.10336538461538461,129,6,12112,1119,scale-free,n513p164,desparsified,27,513,164,2.0204835180193186
