aupr,auroc,f1,f1_opt,mcc,shd,precision,recall,tp,fp,tn,fn,topology,config,method,rep,n,p,wall_seconds
0.8773910909796898,0.9584248665933016,0.5407725321888412,0.8228228228228228,0.5975791498505737,107,1.0,0.37058823529411766,63,0,2833,107,random,n237p78,desparsified,0,237,78,0.11213039187714458
