aupr,auroc,f1,f1_opt,mcc,shd,precision,recall,tp,fp,tn,fn,topology,config,method,rep,n,p,wall_seconds
0.6592958225804264,0.8533220407975421,0.20129403306973404,0.675654242664552,0.31655101366383653,1111,0.9790209790209791,0.11217948717948718,140,3,12115,1108,scale-free,n513p164,desparsified,31,513,164,2.3857520800083876
