aupr,auroc,f1,f1_opt,mcc,shd,precision,recall,tp,fp,tn,fn,topology,config,method,rep,n,p,wall_seconds
0.8722276158712648,0.9728502185711443,0.580110497237569,0.8304347826086957,0.6318717271618158,152,0.9813084112149533,0.4117647058823529,105,2,13109,150,hub,n513p164,desparsified,26,513,164,3.5386722809635103
