aupr,auroc,f1,f1_opt,mcc,shd,precision,recall,tp,fp,tn,fn,topology,config,method,rep,n,p,wall_seconds
0.8677280440067487,0.977603598834088,0.5907859078590786,0.8577235772357723,0.6353214807835078,151,0.956140350877193,0.42745098039215684,109,5,13106,146,hub,n513p164,desparsified,1,513,164,1.5345325069501996
