aupr,auroc,f1,f1_opt,mcc,shd,precision,recall,tp,fp,tn,fn,topology,config,method,rep,n,p,wall_seconds
0.9351175263846422,0.9855138717874826,0.635897435897436,0.888030888030888,0.6744712782740483,71,1.0,0.46616541353383456,62,0,2870,71,random,n237p78,desparsified,42,237,78,0.42789411591365933
