aupr,auroc,f1,f1_opt,mcc,shd,precision,recall,tp,fp,tn,fn,topology,config,method,rep,n,p,wall_seconds
0.6219059772093019,0.8333610126956008,0.205607476635514,0.6557377049180328,0.3264362300678856,85,1.0,0.11458333333333333,11,0,1129,85,scale-free,n100p50,desparsified,17,100,50,0.03452259534969926
