aupr,auroc,f1,f1_opt,mcc,shd,precision,recall,tp,fp,tn,fn,topology,config,method,rep,n,p,wall_seconds
0.6546977051452869,0.8756919840566872,0.11764705882352941,0.6467065868263473,0.24059418516666842,90,1.0,0.0625,6,0,1129,90,scale-free,n100p50,desparsified,21,100,50,0.16718326276168227
