aupr,auroc,f1,f1_opt,mcc,shd,precision,recall,tp,fp,tn,fn,topology,config,method,rep,n,p,wall_seconds
0.7756687527544953,0.9390644532953455,0.09523809523809525,0.7747747747747747,0.18761565208694245,57,0.75,0.05084745762711865,3,1,1165,56,random,n100p50,desparsified,45,100,50,0.24535181559622288
