aupr,auroc,f1,f1_opt,mcc,shd,precision,recall,tp,fp,tn,fn,topology,config,method,rep,n,p,wall_seconds
0.7002451113160297,0.8754178992048277,0.33641160949868076,0.7030981067125645,0.4218832417091998,1006,0.9514925373134329,0.20432692307692307,255,13,12105,993,scale-free,n513p164,desparsified,43,513,164,0.3281272449530661
