aupr,auroc,f1,f1_opt,mcc,shd,precision,recall,tp,fp,tn,fn,topology,config,method,rep,n,p,wall_seconds
0.6358117225562643,0.8532841738880815,0.288135593220339,0.6810810810810811,0.3748300821520678,84,0.8947368421052632,0.1717171717171717,17,2,1124,82,cluster,n100p50,desparsified,21,100,50,0.03507038438692689
