aupr,auroc,f1,f1_opt,mcc,shd,precision,recall,tp,fp,tn,fn,topology,config,method,rep,n,p,wall_seconds
0.6302887114479789,0.8161905816356657,0.23853211009174308,0.65,0.3551662752265562,83,1.0,0.13541666666666666,13,0,1129,83,scale-free,n100p50,desparsified,30,100,50,0.11707919277250767
