aupr,auroc,f1,f1_opt,mcc,shd,precision,recall,tp,fp,tn,fn,topology,config,method,rep,n,p,wall_seconds
0.9036837128208705,0.9623567544317797,0.7837837837837838,0.9156626506024097,0.7959088184528721,16,0.9666666666666667,0.6590909090909091,29,1,2958,15,hub,n237p78,desparsified,46,237,78,0.8310048459097743
