aupr,auroc,f1,f1_opt,mcc,shd,precision,recall,tp,fp,tn,fn,topology,config,method,rep,n,p,wall_seconds
0.6675528432834005,0.8606740282950109,0.2162162162162162,0.6601941747572816,0.3276372012316878,261,0.972972972972973,0.12162162162162163,36,1,2706,260,scale-free,n237p78,desparsified,36,237,78,0.703173175919801
