aupr,auroc,f1,f1_opt,mcc,shd,precision,recall,tp,fp,tn,fn,topology,config,method,rep,n,p,wall_seconds
0.955114483541905,0.9968459030353282,0.7282051282051282,0.8971193415637859,0.7498202780163211,53,1.0,0.5725806451612904,71,0,2879,53,random,n237p78,desparsified,19,237,78,0.6315935519523919
