aupr,auroc,f1,f1_opt,mcc,shd,precision,recall,tp,fp,tn,fn,topology,config,method,rep,n,p,wall_seconds
0.9311106753764091,0.9779443532359803,0.6244725738396624,0.8852459016393442,0.6634703843912184,89,1.0,0.4539877300613497,74,0,2840,89,random,n237p78,desparsified,47,237,78,0.5788620761595666
