aupr,auroc,f1,f1_opt,mcc,shd,precision,recall,tp,fp,tn,fn,topology,config,method,rep,n,p,wall_seconds
0.7310720714905792,0.8938453823981676,0.42658423493044817,0.7368972746331237,0.49672134753027514,742,0.9583333333333334,0.27435387673956263,276,12,12348,730,cluster,n513p164,desparsified,41,513,164,3.791200916748494
