aupr,auroc,f1,f1_opt,mcc,shd,precision,recall,tp,fp,tn,fn,topology,config,method,rep,n,p,wall_seconds
0.7579582919324201,0.904193913587396,0.4702467343976777,0.7565922920892495,0.5259322493542594,730,0.9418604651162791,0.31334622823984526,324,20,12312,710,cluster,n513p164,desparsified,6,513,164,2.3426358927972615
