aupr,auroc,f1,f1_opt,mcc,shd,precision,recall,tp,fp,tn,fn,topology,config,method,rep,n,p,wall_seconds
0.8088945001710577,0.9538727295480549,0.5128205128205129,0.7991886409736308,0.572979191973021,171,0.9473684210526315,0.3515625,90,5,13105,166,hub,n513p164,desparsified,18,513,164,3.2013310962356627
