aupr,auroc,f1,f1_opt,mcc,shd,precision,recall,tp,fp,tn,fn,topology,config,method,rep,n,p,wall_seconds
0.7695613713373095,0.9224399478461461,0.20779220779220778,0.7479674796747967,0.33185936362958485,61,1.0,0.11594202898550725,8,0,1156,61,random,n100p50,desparsified,16,100,50,0.07687503797933459
