aupr,auroc,f1,f1_opt,mcc,shd,precision,recall,tp,fp,tn,fn,topology,config,method,rep,n,p,wall_seconds
0.966328536727596,0.9915272367279758,0.6715025906735752,0.9181102362204725,0.7022638092966292,317,1.0,0.5054602184087363,324,0,12725,317,random,n513p164,desparsified,20,513,164,1.9015696439892054
