aupr,auroc,f1,f1_opt,mcc,shd,precision,recall,tp,fp,tn,fn,topology,config,method,rep,n,p,wall_seconds
0.8601942662956615,0.9628968506948871,0.6027397260273972,0.8160676532769556,0.6497534360303888,145,0.9821428571428571,0.43478260869565216,110,2,13111,143,hub,n513p164,desparsified,27,513,164,3.6034214082174003
