aupr,auroc,f1,f1_opt,mcc,shd,precision,recall,tp,fp,tn,fn,topology,config,method,rep,n,p,wall_seconds
0.5818281230595488,0.8149280144570131,0.19393939393939394,0.6094570928196147,0.3025000692427295,266,0.9411764705882353,0.10810810810810811,32,2,2705,264,scale-free,n237p78,desparsified,13,237,78,0.3044698191806674
