aupr,auroc,f1,f1_opt,mcc,shd,precision,recall,tp,fp,tn,fn,topology,config,method,rep,n,p,wall_seconds
0.9644115358122799,0.9910104857043632,0.7364485981308412,0.9178598342125094,0.7546548182804101,282,0.9974683544303797,0.5837037037037037,394,1,12690,281,random,n513p164,desparsified,17,513,164,0.36417621467262506
