aupr,auroc,f1,f1_opt,mcc,shd,precision,recall,tp,fp,tn,fn,topology,config,method,rep,n,p,wall_seconds
0.7568310854540274,0.9014714448173523,0.3466666666666667,0.743801652892562,0.44855363332792325,49,1.0,0.20967741935483872,13,0,1163,49,random,n100p50,desparsified,1,100,50,0.1344322138465941
