aupr,auroc,f1,f1_opt,mcc,shd,precision,recall,tp,fp,tn,fn,topology,config,method,rep,n,p,wall_seconds
0.733816655820354,0.9537855505256025,0.4264264264264264,0.7392290249433106,0.4991090909720869,191,0.9102564102564102,0.2784313725490196,71,7,13104,184,hub,n513p164,desparsified,38,513,164,3.599920406937599
