aupr,auroc,f1,f1_opt,mcc,shd,precision,recall,tp,fp,tn,fn,topology,config,method,rep,n,p,wall_seconds
0.6184822379081572,0.8545634041925008,0.2522522522522523,0.63681592039801,0.3542054856185734,83,0.9333333333333333,0.14583333333333334,14,1,1128,82,scale-free,n100p50,desparsified,10,100,50,0.03468099981546402
