aupr,auroc,f1,f1_opt,mcc,shd,precision,recall,tp,fp,tn,fn,topology,config,method,rep,n,p,wall_seconds
0.9041564577758103,0.9798717879958048,0.729064039408867,0.8879837067209776,0.752025933727116,110,0.9866666666666667,0.578125,148,2,13108,108,hub,n513p164,desparsified,4,513,164,3.0536619522608817
