aupr,auroc,f1,f1_opt,mcc,shd,precision,recall,tp,fp,tn,fn,topology,config,method,rep,n,p,wall_seconds
0.605353690436802,0.835931318246558,0.32075471698113206,0.6211180124223603,0.42382361933014756,72,1.0,0.19101123595505617,17,0,1136,72,cluster,n100p50,desparsified,38,100,50,0.0870556952431798
