aupr,auroc,f1,f1_opt,mcc,shd,precision,recall,tp,fp,tn,fn,topology,config,method,rep,n,p,wall_seconds
0.8854855359476432,0.9770880674311684,0.5511363636363636,0.8340425531914895,0.6110641943090679,158,0.9897959183673469,0.38188976377952755,97,1,13111,157,hub,n513p164,desparsified,39,513,164,3.8417217708192766
