aupr,auroc,f1,f1_opt,mcc,shd,precision,recall,tp,fp,tn,fn,topology,config,method,rep,n,p,wall_seconds
0.8408679401524629,0.9514234620886981,0.5365853658536585,0.817391304347826,0.5958896801798635,38,1.0,0.36666666666666664,22,0,1165,38,random,n100p50,desparsified,10,100,50,0.11903610499575734
