aupr,auroc,f1,f1_opt,mcc,shd,precision,recall,tp,fp,tn,fn,topology,config,method,rep,n,p,wall_seconds
0.9702670519653089,0.9904908164017018,0.7382550335570469,0.9412685982772121,0.7568362863829398,273,1.0,0.5851063829787234,385,0,12708,273,random,n513p164,desparsified,18,513,164,1.7028415291570127
