aupr,auroc,f1,f1_opt,mcc,shd,precision,recall,tp,fp,tn,fn,topology,config,method,rep,n,p,wall_seconds
0.8103192376717906,0.9375115241361508,0.4406779661016949,0.795698924731183,0.5243223287577229,33,1.0,0.2826086956521739,13,0,1179,33,random,n100p50,desparsified,5,100,50,0.20499689783900976
