aupr,auroc,f1,f1_opt,mcc,shd,precision,recall,tp,fp,tn,fn,topology,config,method,rep,n,p,wall_seconds
0.6935417391913768,0.8696494354657831,0.2643598615916955,0.6998355263157895,0.3683195134853318,1063,0.9695431472081218,0.1530448717948718,191,6,12112,1057,scale-free,n513p164,desparsified,19,513,164,3.006630891934037
