aupr,auroc,f1,f1_opt,mcc,shd,precision,recall,tp,fp,tn,fn,topology,config,method,rep,n,p,wall_seconds
0.9498272031323322,0.9844614182684546,0.6830225711481845,0.9001512859304084,0.7111686127248634,323,1.0,0.518628912071535,348,0,12695,323,random,n513p164,desparsified,29,513,164,0.38602913497015834
