aupr,auroc,f1,f1_opt,mcc,shd,precision,recall,tp,fp,tn,fn,topology,config,method,rep,n,p,wall_seconds
0.8319104477312109,0.9742369255339437,0.47058823529411764,0.7882599580712788,0.5414716673005605,180,0.9523809523809523,0.3125,80,4,13106,176,hub,n513p164,desparsified,30,513,164,3.2644867720082402
