aupr,auroc,f1,f1_opt,mcc,shd,precision,recall,tp,fp,tn,fn,topology,config,method,rep,n,p,wall_seconds
0.9149795486290139,0.9862632409285552,0.7142857142857143,0.8674698795180723,0.7428489016681983,20,1.0,0.5555555555555556,25,0,2958,20,hub,n237p78,desparsified,13,237,78,0.846580593381077
