aupr,auroc,f1,f1_opt,mcc,shd,precision,recall,tp,fp,tn,fn,topology,config,method,rep,n,p,wall_seconds
0.980782631679975,0.9931618187694619,0.8346883468834688,0.9526813880126183,0.8400271163256697,183,0.9978401727861771,0.717391304347826,462,1,12721,182,random,n513p164,desparsified,32,513,164,3.1510196002200246
