aupr,auroc,f1,f1_opt,mcc,shd,precision,recall,tp,fp,tn,fn,topology,config,method,rep,n,p,wall_seconds
0.6928687874144326,0.8723342385606884,0.2366863905325444,0.704424778761062,0.34114065496612156,258,0.9523809523809523,0.13513513513513514,40,2,2705,256,scale-free,n237p78,desparsified,26,237,78,0.7651299829594791
