aupr,auroc,f1,f1_opt,mcc,shd,precision,recall,tp,fp,tn,fn,topology,config,method,rep,n,p,wall_seconds
0.8495060141985412,0.9649504195270786,0.574585635359116,0.8488612836438922,0.6275190154604445,154,0.9811320754716981,0.40625,104,2,13108,152,hub,n513p164,desparsified,11,513,164,3.2655181540176272
