aupr,auroc,f1,f1_opt,mcc,shd,precision,recall,tp,fp,tn,fn,topology,config,method,rep,n,p,wall_seconds
0.9733175629402044,0.987799164336846,0.8717948717948718,0.9767441860465117,0.8775674453194696,10,1.0,0.7727272727272727,34,0,2959,10,hub,n237p78,desparsified,6,237,78,0.06932325894013047
