aupr,auroc,f1,f1_opt,mcc,shd,precision,recall,tp,fp,tn,fn,topology,config,method,rep,n,p,wall_seconds
0.6581059352355594,0.8661093911248711,0.3,0.6303030303030304,0.4077518190525829,70,1.0,0.17647058823529413,15,0,1140,70,cluster,n100p50,desparsified,27,100,50,0.1987601388245821
