aupr,auroc,f1,f1_opt,mcc,shd,precision,recall,tp,fp,tn,fn,topology,config,method,rep,n,p,wall_seconds
0.6995745650797338,0.8824905899619604,0.20543806646525684,0.6905982905982906,0.3179891118661492,263,0.9714285714285714,0.11486486486486487,34,1,2706,262,scale-free,n237p78,desparsified,3,237,78,0.0936055239289999
