aupr,auroc,f1,f1_opt,mcc,shd,precision,recall,tp,fp,tn,fn,topology,config,method,rep,n,p,wall_seconds
0.5887561695202299,0.8157892308827872,0.17142857142857143,0.5874125874125874,0.2950297570852633,87,1.0,0.09375,9,0,1129,87,scale-free,n100p50,desparsified,16,100,50,0.0392002179287374
