aupr,auroc,f1,f1_opt,mcc,shd,precision,recall,tp,fp,tn,fn,topology,config,method,rep,n,p,wall_seconds
0.6789410803545195,0.8653058625439588,0.22127659574468087,0.6892703862660945,0.3310539976622791,1098,0.9629629629629629,0.125,156,6,12112,1092,scale-free,n513p164,desparsified,18,513,164,0.9441901249811053
