aupr,auroc,f1,f1_opt,mcc,shd,precision,recall,tp,fp,tn,fn,topology,config,method,rep,n,p,wall_seconds
0.8284892479692891,0.9550826051976725,0.5447761194029851,0.8092783505154639,0.5853381944789838,122,0.9358974358974359,0.38421052631578945,73,5,2808,117,cluster,n237p78,desparsified,22,237,78,0.6094226823188365
