aupr,auroc,f1,f1_opt,mcc,shd,precision,recall,tp,fp,tn,fn,topology,config,method,rep,n,p,wall_seconds
0.9538901794050063,0.9908695034789605,0.7634854771784233,0.9036544850498339,0.7762958741617326,57,0.989247311827957,0.6216216216216216,92,1,2854,56,random,n237p78,desparsified,17,237,78,0.9903919128701091
