aupr,auroc,f1,f1_opt,mcc,shd,precision,recall,tp,fp,tn,fn,topology,config,method,rep,n,p,wall_seconds
0.7778434399587458,0.9574028055873378,0.36990595611285265,0.7603305785123967,0.4605883770344515,201,0.9365079365079365,0.23046875,59,4,13106,197,hub,n513p164,desparsified,46,513,164,3.9641254427842796
