aupr,auroc,f1,f1_opt,mcc,shd,precision,recall,tp,fp,tn,fn,topology,config,method,rep,n,p,wall_seconds
0.7245955471359539,0.9232611972437553,0.358974358974359,0.6756756756756757,0.4579500061060002,50,1.0,0.21875,14,0,1161,50,random,n100p50,desparsified,31,100,50,0.22991570737212896
