aupr,auroc,f1,f1_opt,mcc,shd,precision,recall,tp,fp,tn,fn,topology,config,method,rep,n,p,wall_seconds
0.7723158664241883,0.9056737287712536,0.3490304709141274,0.7461139896373057,0.43445625674910054,235,0.9692307692307692,0.21283783783783783,63,2,2705,233,scale-free,n237p78,desparsified,1,237,78,0.07594729913398623
