aupr,auroc,f1,f1_opt,mcc,shd,precision,recall,tp,fp,tn,fn,topology,config,method,rep,n,p,wall_seconds
0.9396199231616421,0.9867174952463584,0.64,0.8896103896103896,0.6737400508167408,81,0.9863013698630136,0.47368421052631576,72,1,2850,80,random,n237p78,desparsified,38,237,78,0.06582890683785081
