aupr,auroc,f1,f1_opt,mcc,shd,precision,recall,tp,fp,tn,fn,topology,config,method,rep,n,p,wall_seconds
0.8560889167015645,0.9763753135183412,0.5260115606936416,0.8204081632653061,0.5894160307458827,164,0.978494623655914,0.35968379446640314,91,2,13111,162,hub,n513p164,desparsified,15,513,164,3.43456617789343
