aupr,auroc,f1,f1_opt,mcc,shd,precision,recall,tp,fp,tn,fn,topology,config,method,rep,n,p,wall_seconds
0.7276849597876001,0.88398072065416,0.335195530726257,0.7233333333333332,0.42337023953986996,238,0.967741935483871,0.20270270270270271,60,2,2705,236,scale-free,n237p78,desparsified,14,237,78,0.43200124986469746
