aupr,auroc,f1,f1_opt,mcc,shd,precision,recall,tp,fp,tn,fn,topology,config,method,rep,n,p,wall_seconds
0.7054800273102769,0.8788296626971532,0.2565880721220527,0.7197758206565252,0.3588160126049012,1072,0.9536082474226805,0.1482371794871795,185,9,12109,1063,scale-free,n513p164,desparsified,32,513,164,1.3256171373650432
