aupr,auroc,f1,f1_opt,mcc,shd,precision,recall,tp,fp,tn,fn,topology,config,method,rep,n,p,wall_seconds
0.42910755014528057,0.7719824350042779,0.16071428571428573,0.5248868778280543,0.2681877828984102,94,0.9,0.08823529411764706,9,1,1122,93,cluster,n100p50,desparsified,40,100,50,0.0602982803247869
