aupr,auroc,f1,f1_opt,mcc,shd,precision,recall,tp,fp,tn,fn,topology,config,method,rep,n,p,wall_seconds
0.7743573212478942,0.906806894536956,0.4587155963302752,0.7547169811320756,0.5319643889501543,59,1.0,0.2976190476190476,25,0,1141,59,cluster,n100p50,desparsified,0,100,50,0.12421841407194734
