aupr,auroc,f1,f1_opt,mcc,shd,precision,recall,tp,fp,tn,fn,topology,config,method,rep,n,p,wall_seconds
0.9842623028490199,0.9997311745368521,0.8717948717948718,0.942528735632184,0.8775674453194696,10,1.0,0.7727272727272727,34,0,2959,10,hub,n237p78,desparsified,35,237,78,0.3404764193110168
