aupr,auroc,f1,f1_opt,mcc,shd,precision,recall,tp,fp,tn,fn,topology,config,method,rep,n,p,wall_seconds
0.7127753175411012,0.8787828474064857,0.2764786795048143,0.7119767923746373,0.3794273643981771,1052,0.9757281553398058,0.16105769230769232,201,5,12113,1047,scale-free,n513p164,desparsified,0,513,164,1.3635397432371974
