aupr,auroc,f1,f1_opt,mcc,shd,precision,recall,tp,fp,tn,fn,topology,config,method,rep,n,p,wall_seconds
0.6748036274382914,0.864510531588948,0.21464108031272214,0.6918238993710693,0.3229299734439669,1105,0.949685534591195,0.12099358974358974,151,8,12110,1097,scale-free,n513p164,desparsified,28,513,164,2.1876785210333765
