aupr,auroc,f1,f1_opt,mcc,shd,precision,recall,tp,fp,tn,fn,topology,config,method,rep,n,p,wall_seconds
0.7791783977569835,0.9680082987551867,0.4999999999999999,0.7894736842105262,0.5493578268578587,14,0.875,0.35,7,1,1204,13,hub,n100p50,desparsified,45,100,50,0.11761339474469423
