aupr,auroc,f1,f1_opt,mcc,shd,precision,recall,tp,fp,tn,fn,topology,config,method,rep,n,p,wall_seconds
0.8837231095780244,0.9632119330768334,0.6448598130841121,0.8442906574394463,0.6780359753900576,76,0.9857142857142858,0.4791666666666667,69,1,2858,75,random,n237p78,desparsified,28,237,78,0.1578054940328002
