aupr,auroc,f1,f1_opt,mcc,shd,precision,recall,tp,fp,tn,fn,topology,config,method,rep,n,p,wall_seconds
0.9607480730651463,0.9987979866276012,0.888888888888889,0.9534883720930233,0.8930695977190528,9,1.0,0.8,36,0,2958,9,hub,n237p78,desparsified,11,237,78,0.11238310672342777
