aupr,auroc,f1,f1_opt,mcc,shd,precision,recall,tp,fp,tn,fn,topology,config,method,rep,n,p,wall_seconds
0.9362567609759314,0.9767176131088763,0.63913470993117,0.8938120702826585,0.6743857879176093,367,0.9938837920489296,0.47101449275362317,325,2,12674,365,random,n513p164,desparsified,16,513,164,0.42401266703382134
