aupr,auroc,f1,f1_opt,mcc,shd,precision,recall,tp,fp,tn,fn,topology,config,method,rep,n,p,wall_seconds
0.7541090140061679,0.9132912864338003,0.37500000000000006,0.7643979057591622,0.4588833902522909,160,0.96,0.23300970873786409,48,2,2795,158,cluster,n237p78,desparsified,9,237,78,0.6423931811004877
