aupr,auroc,f1,f1_opt,mcc,shd,precision,recall,tp,fp,tn,fn,topology,config,method,rep,n,p,wall_seconds
0.7413404584420227,0.891300070192247,0.39607201309328965,0.7416994935284188,0.4743466631126196,738,0.9603174603174603,0.24948453608247423,242,10,12386,728,cluster,n513p164,desparsified,37,513,164,3.4561546477489173
