aupr,auroc,f1,f1_opt,mcc,shd,precision,recall,tp,fp,tn,fn,topology,config,method,rep,n,p,wall_seconds
0.9438879470886817,0.9872499923192725,0.8860759493670886,0.9047619047619048,0.8905293104834835,9,1.0,0.7954545454545454,35,0,2959,9,hub,n237p78,desparsified,14,237,78,0.45490613020956516
