aupr,auroc,f1,f1_opt,mcc,shd,precision,recall,tp,fp,tn,fn,topology,config,method,rep,n,p,wall_seconds
0.6549768574375002,0.8720463639818478,0.22727272727272727,0.6442953020134228,0.34789346324787784,68,1.0,0.1282051282051282,10,0,1147,68,random,n100p50,desparsified,30,100,50,0.11791152413934469
