aupr,auroc,f1,f1_opt,mcc,shd,precision,recall,tp,fp,tn,fn,topology,config,method,rep,n,p,wall_seconds
0.8162258837891823,0.9386563072304411,0.36974789915966383,0.7692307692307693,0.46401162405800916,150,1.0,0.2268041237113402,44,0,2809,150,cluster,n237p78,desparsified,32,237,78,0.6044386769644916
