aupr,auroc,f1,f1_opt,mcc,shd,precision,recall,tp,fp,tn,fn,topology,config,method,rep,n,p,wall_seconds
0.8806972361447053,0.9835563579722457,0.6285714285714286,0.7959183673469388,0.6696473267739315,26,1.0,0.4583333333333333,22,0,1177,26,random,n100p50,desparsified,18,100,50,0.11877831257879734
