aupr,auroc,f1,f1_opt,mcc,shd,precision,recall,tp,fp,tn,fn,topology,config,method,rep,n,p,wall_seconds
0.9755987578241018,0.9991167163353712,0.8571428571428571,0.9655172413793104,0.8644201653259961,11,1.0,0.75,33,0,2959,11,hub,n237p78,desparsified,27,237,78,0.9879061998799443
