aupr,auroc,f1,f1_opt,mcc,shd,precision,recall,tp,fp,tn,fn,topology,config,method,rep,n,p,wall_seconds
0.7829105322746152,0.9527696396230675,0.4642857142857143,0.748917748917749,0.5387585017541361,180,0.9629629629629629,0.3058823529411765,78,3,13108,177,hub,n513p164,desparsified,32,513,164,3.599803315009922
