aupr,auroc,f1,f1_opt,mcc,shd,precision,recall,tp,fp,tn,fn,topology,config,method,rep,n,p,wall_seconds
0.7072505061102773,0.8892460291161333,0.3368421052631579,0.6878980891719746,0.4381528127990954,63,1.0,0.20253164556962025,16,0,1146,63,cluster,n100p50,desparsified,15,100,50,0.13152095582336187
