aupr,auroc,f1,f1_opt,mcc,shd,precision,recall,tp,fp,tn,fn,topology,config,method,rep,n,p,wall_seconds
0.7755252573240898,0.9139875442840829,0.5582776540460281,0.7738359201773837,0.5980383835248212,595,0.9543147208121827,0.3945435466946485,376,18,12395,577,cluster,n513p164,desparsified,29,513,164,3.557524718809873
