aupr,auroc,f1,f1_opt,mcc,shd,precision,recall,tp,fp,tn,fn,topology,config,method,rep,n,p,wall_seconds
0.8759965546737494,0.9949792531120332,0.7096774193548387,0.8235294117647058,0.7388657320626492,9,1.0,0.55,11,0,1205,9,hub,n100p50,desparsified,16,100,50,0.13484478602185845
