aupr,auroc,f1,f1_opt,mcc,shd,precision,recall,tp,fp,tn,fn,topology,config,method,rep,n,p,wall_seconds
0.741355851402094,0.8990569138104885,0.33060556464811786,0.7392017495899398,0.4223030752199405,818,0.957345971563981,0.19980217606330367,202,9,12346,809,cluster,n513p164,desparsified,42,513,164,3.6659084856510162
