aupr,auroc,f1,f1_opt,mcc,shd,precision,recall,tp,fp,tn,fn,topology,config,method,rep,n,p,wall_seconds
0.9785844410814379,0.9958604476128863,0.788104089219331,0.9358081979891724,0.7989189366730018,228,0.9976470588235294,0.6513056835637481,424,1,12714,227,random,n513p164,desparsified,25,513,164,2.1580377500504255
