aupr,auroc,f1,f1_opt,mcc,shd,precision,recall,tp,fp,tn,fn,topology,config,method,rep,n,p,wall_seconds
0.5087540146574645,0.8103594626513139,0.07999999999999999,0.5697674418604651,0.19628337557511977,92,1.0,0.041666666666666664,4,0,1129,92,scale-free,n100p50,desparsified,15,100,50,0.06288771145045757
