aupr,auroc,f1,f1_opt,mcc,shd,precision,recall,tp,fp,tn,fn,topology,config,method,rep,n,p,wall_seconds
0.6395625268464425,0.8491607367298487,0.21119773210489018,0.6669374492282697,0.3134305692030071,1113,0.9141104294478528,0.11939102564102565,149,14,12104,1099,scale-free,n513p164,desparsified,46,513,164,2.3783414121717215
