aupr,auroc,f1,f1_opt,mcc,shd,precision,recall,tp,fp,tn,fn,topology,config,method,rep,n,p,wall_seconds
0.8974601434202099,0.9796019208537661,0.6312997347480106,0.8504273504273504,0.6709532848760076,139,0.9754098360655737,0.4666666666666667,119,3,13108,136,hub,n513p164,desparsified,16,513,164,3.43557656602934
