aupr,auroc,f1,f1_opt,mcc,shd,precision,recall,tp,fp,tn,fn,topology,config,method,rep,n,p,wall_seconds
0.73266525098043,0.9059524939115033,0.3384615384615384,0.7368421052631579,0.443270231780865,43,1.0,0.2037037037037037,11,0,1171,43,random,n100p50,desparsified,15,100,50,0.03592575388029218
