aupr,auroc,f1,f1_opt,mcc,shd,precision,recall,tp,fp,tn,fn,topology,config,method,rep,n,p,wall_seconds
0.6739434068307761,0.8595155555555556,0.3305785123966942,0.6746987951807228,0.4199995898443508,81,0.9523809523809523,0.2,20,1,1124,80,cluster,n100p50,desparsified,37,100,50,0.062436431646347046
