aupr,auroc,f1,f1_opt,mcc,shd,precision,recall,tp,fp,tn,fn,topology,config,method,rep,n,p,wall_seconds
0.8374560250013157,0.9441660546110402,0.6348122866894199,0.8214285714285713,0.662904336836249,107,0.96875,0.4720812182741117,93,3,2803,104,cluster,n237p78,desparsified,4,237,78,0.6070655011571944
