aupr,auroc,f1,f1_opt,mcc,shd,precision,recall,tp,fp,tn,fn,topology,config,method,rep,n,p,wall_seconds
0.7993312430206753,0.9278846315647769,0.41481481481481486,0.7488372093023257,0.49391709265515116,158,0.9824561403508771,0.26291079812206575,56,1,2789,157,cluster,n237p78,desparsified,44,237,78,1.3292777258902788
