aupr,auroc,f1,f1_opt,mcc,shd,precision,recall,tp,fp,tn,fn,topology,config,method,rep,n,p,wall_seconds
0.6871306255852766,0.8891211102915062,0.29729729729729726,0.6732673267326732,0.40880837892926686,52,1.0,0.1746031746031746,11,0,1162,52,random,n100p50,desparsified,20,100,50,0.12477380828931928
