aupr,auroc,f1,f1_opt,mcc,shd,precision,recall,tp,fp,tn,fn,topology,config,method,rep,n,p,wall_seconds
0.7971280656754545,0.9408487319061685,0.4842105263157894,0.7733333333333333,0.5447047277162342,49,0.9583333333333334,0.323943661971831,23,1,1153,48,cluster,n100p50,desparsified,36,100,50,0.03468539100140333
