aupr,auroc,f1,f1_opt,mcc,shd,precision,recall,tp,fp,tn,fn,topology,config,method,rep,n,p,wall_seconds
0.6580921074373647,0.852346066631781,0.25,0.6627218934911242,0.3656000086660744,78,1.0,0.14285714285714285,13,0,1134,78,cluster,n100p50,desparsified,7,100,50,0.10614421125501394
