aupr,auroc,f1,f1_opt,mcc,shd,precision,recall,tp,fp,tn,fn,topology,config,method,rep,n,p,wall_seconds
0.8327715780789362,0.9723633557398932,0.547486033519553,0.8209255533199196,0.6024538934575885,162,0.9607843137254902,0.3828125,98,4,13106,158,hub,n513p164,desparsified,21,513,164,3.732632135041058
