aupr,auroc,f1,f1_opt,mcc,shd,precision,recall,tp,fp,tn,fn,topology,config,method,rep,n,p,wall_seconds
0.9651096919759925,0.9987453985425587,0.8750000000000001,0.9213483146067416,0.8804301407291792,10,1.0,0.7777777777777778,35,0,2958,10,hub,n237p78,desparsified,17,237,78,0.49105019122362137
