aupr,auroc,f1,f1_opt,mcc,shd,precision,recall,tp,fp,tn,fn,topology,config,method,rep,n,p,wall_seconds
0.632285035007236,0.8494224655266476,0.24074074074074076,0.6458333333333333,0.34410356370179584,82,0.9285714285714286,0.13829787234042554,13,1,1130,81,cluster,n100p50,desparsified,46,100,50,0.05502830119803548
