aupr,auroc,f1,f1_opt,mcc,shd,precision,recall,tp,fp,tn,fn,topology,config,method,rep,n,p,wall_seconds
0.8095539567506146,0.9430140519388118,0.5283018867924528,0.7848101265822783,0.5774434297998253,125,0.958904109589041,0.3645833333333333,70,3,2808,122,cluster,n237p78,desparsified,0,237,78,0.30563412699848413
