aupr,auroc,f1,f1_opt,mcc,shd,precision,recall,tp,fp,tn,fn,topology,config,method,rep,n,p,wall_seconds
0.755841364043629,0.9152794208776971,0.3513513513513513,0.7424242424242424,0.4524097322309031,48,1.0,0.21311475409836064,13,0,1164,48,random,n100p50,desparsified,23,100,50,0.04238608665764332
