aupr,auroc,f1,f1_opt,mcc,shd,precision,recall,tp,fp,tn,fn,topology,config,method,rep,n,p,wall_seconds
0.7414929889983897,0.9319615796293167,0.32432432432432434,0.7272727272727273,0.41578523302505743,50,0.9230769230769231,0.19672131147540983,12,1,1163,49,random,n100p50,desparsified,17,100,50,0.037261208053678274
