aupr,auroc,f1,f1_opt,mcc,shd,precision,recall,tp,fp,tn,fn,topology,config,method,rep,n,p,wall_seconds
0.964473744810897,0.9978351781011711,0.743119266055046,0.8920863309352517,0.7615180699299909,56,1.0,0.5912408759124088,81,0,2866,56,random,n237p78,desparsified,14,237,78,0.9650498190894723
