aupr,auroc,f1,f1_opt,mcc,shd,precision,recall,tp,fp,tn,fn,topology,config,method,rep,n,p,wall_seconds
0.7669665456321828,0.9145506251367225,0.43065693430656937,0.754257907542579,0.5027506920401519,156,0.9672131147540983,0.27699530516431925,59,2,2788,154,cluster,n237p78,desparsified,5,237,78,0.2099382127635181
