aupr,auroc,f1,f1_opt,mcc,shd,precision,recall,tp,fp,tn,fn,topology,config,method,rep,n,p,wall_seconds
0.6906346321349388,0.8723042861849659,0.24778761061946902,0.6809338521400777,0.3550874541814121,255,0.9767441860465116,0.14189189189189189,42,1,2706,254,scale-free,n237p78,desparsified,21,237,78,0.8194053792394698
