aupr,auroc,f1,f1_opt,mcc,shd,precision,recall,tp,fp,tn,fn,topology,config,method,rep,n,p,wall_seconds
0.843265810844558,0.9373721174583862,0.6149068322981367,0.8086124401913876,0.6477548889177932,124,0.9801980198019802,0.4479638009049774,99,2,2780,122,cluster,n237p78,desparsified,8,237,78,0.7403399962931871
