aupr,auroc,f1,f1_opt,mcc,shd,precision,recall,tp,fp,tn,fn,topology,config,method,rep,n,p,wall_seconds
0.9602346758104868,0.9897355834124005,0.7333333333333334,0.9105824446267432,0.7524134740678948,272,0.9973333333333333,0.57984496124031,374,1,12720,271,random,n513p164,desparsified,27,513,164,1.924876653123647
