aupr,auroc,f1,f1_opt,mcc,shd,precision,recall,tp,fp,tn,fn,topology,config,method,rep,n,p,wall_seconds
0.9333805821494785,0.9982495680264443,0.85,0.9347826086956522,0.8548923090609698,12,0.9714285714285714,0.7555555555555555,34,1,2957,11,hub,n237p78,desparsified,9,237,78,0.38235834473744035
