aupr,auroc,f1,f1_opt,mcc,shd,precision,recall,tp,fp,tn,fn,topology,config,method,rep,n,p,wall_seconds
0.6730382386822045,0.8546198805730805,0.4299065420560748,0.7114093959731542,0.5009220889689594,61,0.9583333333333334,0.27710843373493976,23,1,1141,60,cluster,n100p50,desparsified,9,100,50,0.17737348098307848
