aupr,auroc,f1,f1_opt,mcc,shd,precision,recall,tp,fp,tn,fn,topology,config,method,rep,n,p,wall_seconds
0.7628478618746194,0.9494102621891667,0.7042253521126761,0.8139534883720929,0.7281022754532902,21,0.9615384615384616,0.5555555555555556,25,1,2957,20,hub,n237p78,desparsified,47,237,78,0.4958238899707794
