aupr,auroc,f1,f1_opt,mcc,shd,precision,recall,tp,fp,tn,fn,topology,config,method,rep,n,p,wall_seconds
0.7425543860037666,0.9874273858921162,0.18181818181818182,0.6842105263157895,0.3138920344980754,18,1.0,0.1,2,0,1205,18,hub,n100p50,desparsified,49,100,50,0.06740756519138813
