aupr,auroc,f1,f1_opt,mcc,shd,precision,recall,tp,fp,tn,fn,topology,config,method,rep,n,p,wall_seconds
0.5896303747583194,0.8327721422937528,0.2208955223880597,0.63681592039801,0.32715535640390614,261,0.9487179487179487,0.125,37,2,2705,259,scale-free,n237p78,desparsified,25,237,78,0.1871832748875022
