aupr,auroc,f1,f1_opt,mcc,shd,precision,recall,tp,fp,tn,fn,topology,config,method,rep,n,p,wall_seconds
0.8149183888469219,0.9515002004916403,0.6143790849673203,0.7862407862407863,0.6379540194169067,118,0.9306930693069307,0.4585365853658537,94,7,2791,111,cluster,n237p78,desparsified,31,237,78,0.6530118356458843
