aupr,auroc,f1,f1_opt,mcc,shd,precision,recall,tp,fp,tn,fn,topology,config,method,rep,n,p,wall_seconds
0.6895425720564612,0.9352007800726886,0.28571428571428575,0.71875,0.3680966923256331,50,0.8333333333333334,0.1724137931034483,10,2,1165,48,random,n100p50,desparsified,6,100,50,0.040745393838733435
