aupr,auroc,f1,f1_opt,mcc,shd,precision,recall,tp,fp,tn,fn,topology,config,method,rep,n,p,wall_seconds
0.6713164860691241,0.8601304916716391,0.24072778166550038,0.6935749588138386,0.3450726894203244,1085,0.9502762430939227,0.13782051282051283,172,9,12109,1076,scale-free,n513p164,desparsified,36,513,164,3.1479751490987837
