aupr,auroc,f1,f1_opt,mcc,shd,precision,recall,tp,fp,tn,fn,topology,config,method,rep,n,p,wall_seconds
0.9710108671010451,0.9992186913079408,0.9024390243902439,0.9545454545454545,0.9055409959754572,8,1.0,0.8222222222222222,37,0,2958,8,hub,n237p78,desparsified,19,237,78,0.7844710038043559
