aupr,auroc,f1,f1_opt,mcc,shd,precision,recall,tp,fp,tn,fn,topology,config,method,rep,n,p,wall_seconds
0.8082564387089115,0.9640561163181928,0.3661971830985915,0.7666666666666667,0.45025429913932824,45,0.9285714285714286,0.22807017543859648,13,1,1167,44,random,n100p50,desparsified,48,100,50,0.1769231241196394
