aupr,auroc,f1,f1_opt,mcc,shd,precision,recall,tp,fp,tn,fn,topology,config,method,rep,n,p,wall_seconds
0.6575334336661292,0.8565245571326403,0.18142235123367198,0.679089026915114,0.2957163733087814,1128,0.9615384615384616,0.10016025641025642,125,5,12113,1123,scale-free,n513p164,desparsified,30,513,164,0.9986063810065389
