aupr,auroc,f1,f1_opt,mcc,shd,precision,recall,tp,fp,tn,fn,topology,config,method,rep,n,p,wall_seconds
0.9766764739155329,0.9944845749112415,0.7960992907801419,0.9373618275607958,0.8052430870435404,230,0.9955654101995566,0.6632200886262924,449,2,12687,228,random,n513p164,desparsified,19,513,164,2.0649804351851344
