aupr,auroc,f1,f1_opt,mcc,shd,precision,recall,tp,fp,tn,fn,topology,config,method,rep,n,p,wall_seconds
0.8772310415534017,0.9656529718591024,0.41791044776119407,0.8333333333333334,0.5056125175332946,39,1.0,0.2641509433962264,14,0,1172,39,random,n100p50,desparsified,46,100,50,0.2064847187139094
