aupr,auroc,f1,f1_opt,mcc,shd,precision,recall,tp,fp,tn,fn,topology,config,method,rep,n,p,wall_seconds
0.7215327093810235,0.886147275831428,0.33053221288515405,0.7060869565217391,0.41961525101540165,239,0.9672131147540983,0.19932432432432431,59,2,2705,237,scale-free,n237p78,desparsified,18,237,78,0.5451719337143004
