aupr,auroc,f1,f1_opt,mcc,shd,precision,recall,tp,fp,tn,fn,topology,config,method,rep,n,p,wall_seconds
0.8309237448931655,0.9692116182572614,0.09523809523809523,0.7777777777777777,0.22186449965947758,19,1.0,0.05,1,0,1205,19,hub,n100p50,desparsified,0,100,50,0.2982002259232104
