aupr,auroc,f1,f1_opt,mcc,shd,precision,recall,tp,fp,tn,fn,topology,config,method,rep,n,p,wall_seconds
0.8078274327206987,0.9923236514522822,0.5714285714285715,0.7804878048780488,0.629329703019579,12,1.0,0.4,8,0,1205,12,hub,n100p50,desparsified,24,100,50,0.2081689122132957
