aupr,auroc,f1,f1_opt,mcc,shd,precision,recall,tp,fp,tn,fn,topology,config,method,rep,n,p,wall_seconds
0.7583153678924155,0.9377721687515603,0.1492537313432836,0.7272727272727272,0.2772675848177943,57,1.0,0.08064516129032258,5,0,1163,57,random,n100p50,desparsified,11,100,50,0.050054706167429686
