aupr,auroc,f1,f1_opt,mcc,shd,precision,recall,tp,fp,tn,fn,topology,config,method,rep,n,p,wall_seconds
0.6694185181582745,0.8568715060452557,0.2120996441281139,0.6941935483870968,0.3206280767352573,1107,0.9490445859872612,0.11939102564102565,149,8,12110,1099,scale-free,n513p164,desparsified,8,513,164,3.041232175193727
