aupr,auroc,f1,f1_opt,mcc,shd,precision,recall,tp,fp,tn,fn,topology,config,method,rep,n,p,wall_seconds
0.6042533817585979,0.8505821892530263,0.09803921568627451,0.6632653061224489,0.19708549357688857,92,0.8333333333333334,0.052083333333333336,5,1,1128,91,scale-free,n100p50,desparsified,25,100,50,0.03954096511006355
