aupr,auroc,f1,f1_opt,mcc,shd,precision,recall,tp,fp,tn,fn,topology,config,method,rep,n,p,wall_seconds
0.5806602151365502,0.8222395458543215,0.1263157894736842,0.6263736263736264,0.2305573010055047,83,0.8571428571428571,0.06818181818181818,6,1,1136,82,cluster,n100p50,desparsified,10,100,50,0.04811247391626239
