aupr,auroc,f1,f1_opt,mcc,shd,precision,recall,tp,fp,tn,fn,topology,config,method,rep,n,p,wall_seconds
0.6449582644902778,0.8506132340214388,0.1465581051073279,0.664516129032258,0.262840911489024,1153,0.9611650485436893,0.07932692307692307,99,4,12114,1149,scale-free,n513p164,desparsified,41,513,164,2.5128098954446614
