aupr,auroc,f1,f1_opt,mcc,shd,precision,recall,tp,fp,tn,fn,topology,config,method,rep,n,p,wall_seconds
0.9651100177247994,0.9984223574487266,0.8,0.9195402298850575,0.814434196777901,15,1.0,0.6666666666666666,30,0,2958,15,hub,n237p78,desparsified,48,237,78,0.7957055219449103
