aupr,auroc,f1,f1_opt,mcc,shd,precision,recall,tp,fp,tn,fn,topology,config,method,rep,n,p,wall_seconds
0.7050781300105069,0.8771306908349944,0.23521126760563377,0.7034813925570229,0.34437450685660403,1086,0.9709302325581395,0.13381410256410256,167,5,12113,1081,scale-free,n513p164,desparsified,1,513,164,1.2905975980684161
