aupr,auroc,f1,f1_opt,mcc,shd,precision,recall,tp,fp,tn,fn,topology,config,method,rep,n,p,wall_seconds
0.7731942953468884,0.9107300247683698,0.512141280353201,0.764961915125136,0.5596924622409025,663,0.9456521739130435,0.3511604439959637,348,20,12355,643,cluster,n513p164,desparsified,27,513,164,3.8729230887256563
