aupr,auroc,f1,f1_opt,mcc,shd,precision,recall,tp,fp,tn,fn,topology,config,method,rep,n,p,wall_seconds
0.6550978833788088,0.8611528722899192,0.18367346938775508,0.6629834254143646,0.307360907371527,80,1.0,0.10112359550561797,9,0,1136,80,cluster,n100p50,desparsified,19,100,50,0.2675926717929542
