aupr,auroc,f1,f1_opt,mcc,shd,precision,recall,tp,fp,tn,fn,topology,config,method,rep,n,p,wall_seconds
0.8441984023908873,0.9399910265675252,0.5244755244755245,0.815,0.5765694448742021,136,0.974025974025974,0.3588516746411483,75,2,2792,134,cluster,n237p78,desparsified,28,237,78,0.3695111251436174
