aupr,auroc,f1,f1_opt,mcc,shd,precision,recall,tp,fp,tn,fn,topology,config,method,rep,n,p,wall_seconds
0.6673420989387377,0.9636307053941907,0.33333333333333337,0.7027027027027027,0.44427378650917204,16,1.0,0.2,4,0,1205,16,hub,n100p50,desparsified,34,100,50,0.19971029413864017
