aupr,auroc,f1,f1_opt,mcc,shd,precision,recall,tp,fp,tn,fn,topology,config,method,rep,n,p,wall_seconds
0.7601186297849323,0.9662863070539419,0.4615384615384615,0.7058823529411764,0.544568226131697,14,1.0,0.3,6,0,1205,14,hub,n100p50,desparsified,41,100,50,0.1952657368965447
