aupr,auroc,f1,f1_opt,mcc,shd,precision,recall,tp,fp,tn,fn,topology,config,method,rep,n,p,wall_seconds
0.4676010363675148,0.7764430174195452,0.205607476635514,0.5333333333333333,0.3264362300678856,85,1.0,0.11458333333333333,11,0,1129,85,scale-free,n100p50,desparsified,46,100,50,0.03922306187450886
