aupr,auroc,f1,f1_opt,mcc,shd,precision,recall,tp,fp,tn,fn,topology,config,method,rep,n,p,wall_seconds
0.6562965244224421,0.8575780158360504,0.30357142857142855,0.6702702702702703,0.409136676182714,78,1.0,0.17894736842105263,17,0,1130,78,cluster,n100p50,desparsified,32,100,50,0.03548565227538347
