aupr,auroc,f1,f1_opt,mcc,shd,precision,recall,tp,fp,tn,fn,topology,config,method,rep,n,p,wall_seconds
0.8052304935584134,0.9675103734439834,0.6206896551724138,0.7692307692307692,0.6677793620019935,11,1.0,0.45,9,0,1205,11,hub,n100p50,desparsified,15,100,50,0.20553170004859567
