aupr,auroc,f1,f1_opt,mcc,shd,precision,recall,tp,fp,tn,fn,topology,config,method,rep,n,p,wall_seconds
0.9527813289913201,0.9867327774021487,0.8,0.9318181818181819,0.814434196777901,15,1.0,0.6666666666666666,30,0,2958,15,hub,n237p78,desparsified,20,237,78,0.6747101549990475
