aupr,auroc,f1,f1_opt,mcc,shd,precision,recall,tp,fp,tn,fn,topology,config,method,rep,n,p,wall_seconds
0.8821354847445341,0.9793458717866185,0.6437994722955145,0.8582834331337327,0.6810125539579046,135,0.976,0.48031496062992124,122,3,13109,132,hub,n513p164,desparsified,5,513,164,2.467107533942908
