aupr,auroc,f1,f1_opt,mcc,shd,precision,recall,tp,fp,tn,fn,topology,config,method,rep,n,p,wall_seconds
0.6606296521094793,0.8723507864057912,0.2898550724637681,0.6666666666666666,0.4033064154307836,49,1.0,0.1694915254237288,10,0,1166,49,random,n100p50,desparsified,28,100,50,0.2755273738875985
