aupr,auroc,f1,f1_opt,mcc,shd,precision,recall,tp,fp,tn,fn,topology,config,method,rep,n,p,wall_seconds
0.6156727161979745,0.8318734302330502,0.1286462228870606,0.6436967977300365,0.24563972623300448,1165,0.9662921348314607,0.06891025641025642,86,3,12115,1162,scale-free,n513p164,desparsified,24,513,164,2.4965553251095116
