aupr,auroc,f1,f1_opt,mcc,shd,precision,recall,tp,fp,tn,fn,topology,config,method,rep,n,p,wall_seconds
0.9513108855774499,0.9845119790041627,0.703125,0.9097918272937547,0.7266499324046308,304,0.994475138121547,0.5438066465256798,360,2,12702,302,random,n513p164,desparsified,2,513,164,2.5419294112361968
