aupr,auroc,f1,f1_opt,mcc,shd,precision,recall,tp,fp,tn,fn,topology,config,method,rep,n,p,wall_seconds
0.744472896180685,0.8992704247795265,0.44356748224151543,0.7463175122749591,0.5076010096641425,705,0.9461279461279462,0.28969072164948456,281,16,12380,689,cluster,n513p164,desparsified,15,513,164,3.3182833860628307
