aupr,auroc,f1,f1_opt,mcc,shd,precision,recall,tp,fp,tn,fn,topology,config,method,rep,n,p,wall_seconds
0.9682549440680954,0.9926866572227883,0.7598566308243728,0.9202633504023409,0.7746152356346564,268,1.0,0.6127167630057804,424,0,12674,268,random,n513p164,desparsified,39,513,164,3.26872575096786
