aupr,auroc,f1,f1_opt,mcc,shd,precision,recall,tp,fp,tn,fn,topology,config,method,rep,n,p,wall_seconds
0.657185402016212,0.8499393384920081,0.21382751247327156,0.6747088186356073,0.3255159597027368,1103,0.967741935483871,0.1201923076923077,150,5,12113,1098,scale-free,n513p164,desparsified,44,513,164,2.6045347917824984
