aupr,auroc,f1,f1_opt,mcc,shd,precision,recall,tp,fp,tn,fn,topology,config,method,rep,n,p,wall_seconds
0.6355813169239195,0.8451872558728064,0.1408450704225352,0.6646859083191852,0.25408755502805164,1159,0.9405940594059405,0.07612179487179487,95,6,12112,1153,scale-free,n513p164,desparsified,37,513,164,0.49695971608161926
