aupr,auroc,f1,f1_opt,mcc,shd,precision,recall,tp,fp,tn,fn,topology,config,method,rep,n,p,wall_seconds
0.8534672558764098,0.9707193637967202,0.5408450704225353,0.8141962421711899,0.5990782297051559,163,0.9696969696969697,0.375,96,3,13107,160,hub,n513p164,desparsified,19,513,164,3.3919817497953773
