aupr,auroc,f1,f1_opt,mcc,shd,precision,recall,tp,fp,tn,fn,topology,config,method,rep,n,p,wall_seconds
0.8301169467472155,0.9713181374850992,0.3793103448275862,0.7692307692307692,0.4765524596899614,36,1.0,0.23404255319148937,11,0,1178,36,random,n100p50,desparsified,35,100,50,0.11935306061059237
