aupr,auroc,f1,f1_opt,mcc,shd,precision,recall,tp,fp,tn,fn,topology,config,method,rep,n,p,wall_seconds
0.9633684721550356,0.98877953774518,0.7369337979094076,0.920656634746922,0.7540505529890257,302,0.9952941176470588,0.5850622406639004,423,2,12641,300,random,n513p164,desparsified,1,513,164,2.825952674727887
