aupr,auroc,f1,f1_opt,mcc,shd,precision,recall,tp,fp,tn,fn,topology,config,method,rep,n,p,wall_seconds
0.6781060249762015,0.8602801286812157,0.2491252624212736,0.6806370494551551,0.3584217463721369,1073,0.9834254143646409,0.14262820512820512,178,3,12115,1070,scale-free,n513p164,desparsified,16,513,164,2.8026564521715045
