aupr,auroc,f1,f1_opt,mcc,shd,precision,recall,tp,fp,tn,fn,topology,config,method,rep,n,p,wall_seconds
0.9249647118858295,0.9750582225227257,0.8607594936708861,0.9156626506024096,0.8676152713743799,11,1.0,0.7555555555555555,34,0,2958,11,hub,n237p78,desparsified,1,237,78,0.17602040292695165
