aupr,auroc,f1,f1_opt,mcc,shd,precision,recall,tp,fp,tn,fn,topology,config,method,rep,n,p,wall_seconds
0.7685837001157046,0.9056697612732096,0.24324324324324326,0.7642276422764227,0.363435028915644,56,1.0,0.13846153846153847,9,0,1160,56,random,n100p50,desparsified,43,100,50,0.08774698013439775
