aupr,auroc,f1,f1_opt,mcc,shd,precision,recall,tp,fp,tn,fn,topology,config,method,rep,n,p,wall_seconds
0.7616286821338389,0.904556664266231,0.5110456553755524,0.7571428571428571,0.5605155517458581,664,0.9532967032967034,0.34909456740442657,347,17,12355,647,cluster,n513p164,desparsified,24,513,164,3.0218494939617813
