aupr,auroc,f1,f1_opt,mcc,shd,precision,recall,tp,fp,tn,fn,topology,config,method,rep,n,p,wall_seconds
0.9261587836575347,0.9865889337348112,0.6772908366533864,0.8588588588588588,0.7033452394330021,81,0.9883720930232558,0.5151515151515151,85,1,2837,80,random,n237p78,desparsified,24,237,78,0.26756458077579737
