aupr,auroc,f1,f1_opt,mcc,shd,precision,recall,tp,fp,tn,fn,topology,config,method,rep,n,p,wall_seconds
0.8641091125715823,0.9439834024896265,0.4615384615384615,0.8947368421052632,0.544568226131697,14,1.0,0.3,6,0,1205,14,hub,n100p50,desparsified,44,100,50,0.2861710782162845
