aupr,auroc,f1,f1_opt,mcc,shd,precision,recall,tp,fp,tn,fn,topology,config,method,rep,n,p,wall_seconds
0.9613879039446905,0.9990936741528157,0.8108108108108109,0.9047619047619048,0.8237763453783093,14,1.0,0.6818181818181818,30,0,2959,14,hub,n237p78,desparsified,10,237,78,0.3991694850847125
