aupr,auroc,f1,f1_opt,mcc,shd,precision,recall,tp,fp,tn,fn,topology,config,method,rep,n,p,wall_seconds
0.9669157941503146,0.9910141206675224,0.8484848484848484,0.9254901960784314,0.8532083506020647,35,1.0,0.7368421052631579,98,0,2870,35,random,n237p78,desparsified,9,237,78,1.0213239202275872
