aupr,auroc,f1,f1_opt,mcc,shd,precision,recall,tp,fp,tn,fn,topology,config,method,rep,n,p,wall_seconds
0.8312264986729468,0.9366968281449057,0.5760517799352751,0.7849223946784922,0.6215777962254336,131,1.0,0.40454545454545454,89,0,2783,131,cluster,n237p78,desparsified,15,237,78,0.21013524243608117
