aupr,auroc,f1,f1_opt,mcc,shd,precision,recall,tp,fp,tn,fn,topology,config,method,rep,n,p,wall_seconds
0.6703439471368394,0.8944886375625093,0.36538461538461536,0.6758620689655173,0.43983459151592025,66,0.9047619047619048,0.2289156626506024,19,2,1140,64,cluster,n100p50,desparsified,18,100,50,0.12135526305064559
