aupr,auroc,f1,f1_opt,mcc,shd,precision,recall,tp,fp,tn,fn,topology,config,method,rep,n,p,wall_seconds
0.8354824193715668,0.9408980148633591,0.5753424657534246,0.8169761273209549,0.6168963923297479,124,0.9767441860465116,0.4077669902912621,84,2,2795,122,cluster,n237p78,desparsified,48,237,78,1.2570488760247827
