aupr,auroc,f1,f1_opt,mcc,shd,precision,recall,tp,fp,tn,fn,topology,config,method,rep,n,p,wall_seconds
0.5448528538915818,0.8389430174195452,0.06060606060606061,0.6086956521739131,0.16991682282098422,93,1.0,0.03125,3,0,1129,93,scale-free,n100p50,desparsified,12,100,50,0.10663310717791319
