aupr,auroc,f1,f1_opt,mcc,shd,precision,recall,tp,fp,tn,fn,topology,config,method,rep,n,p,wall_seconds
0.6550328666585531,0.8490637386555377,0.14953271028037382,0.6740331491712708,0.264785352754101,273,0.96,0.08108108108108109,24,1,2706,272,scale-free,n237p78,desparsified,29,237,78,0.620416269171983
