aupr,auroc,f1,f1_opt,mcc,shd,precision,recall,tp,fp,tn,fn,topology,config,method,rep,n,p,wall_seconds
0.697177325091745,0.8712743161793645,0.2230113636363636,0.6958266452648474,0.3358974458582096,1094,0.98125,0.12580128205128205,157,3,12115,1091,scale-free,n513p164,desparsified,6,513,164,2.198163848835975
