aupr,auroc,f1,f1_opt,mcc,shd,precision,recall,tp,fp,tn,fn,topology,config,method,rep,n,p,wall_seconds
0.9690925026109327,0.9926642086249973,0.7686703096539161,0.9295987887963664,0.7807952205404549,254,0.9906103286384976,0.6279761904761905,422,4,12690,250,random,n513p164,desparsified,5,513,164,2.7997336559928954
