aupr,auroc,f1,f1_opt,mcc,shd,precision,recall,tp,fp,tn,fn,topology,config,method,rep,n,p,wall_seconds
0.9409629051234141,0.9737950051941252,0.7443609022556391,0.9249999999999999,0.7608764965517724,68,1.0,0.592814371257485,99,0,2836,68,random,n237p78,desparsified,3,237,78,0.28510237392038107
