aupr,auroc,f1,f1_opt,mcc,shd,precision,recall,tp,fp,tn,fn,topology,config,method,rep,n,p,wall_seconds
0.703673158801458,0.875495462215078,0.19939577039274928,0.699410609037328,0.307580342677184,265,0.9428571428571428,0.11148648648648649,33,2,2705,263,scale-free,n237p78,desparsified,38,237,78,0.8299829671159387
