aupr,auroc,f1,f1_opt,mcc,shd,precision,recall,tp,fp,tn,fn,topology,config,method,rep,n,p,wall_seconds
0.8110777006495506,0.9624995742390031,0.4512195121951219,0.7716186252771619,0.5334574465001518,180,0.9866666666666667,0.2924901185770751,74,1,13112,179,hub,n513p164,desparsified,28,513,164,3.584081178996712
