aupr,auroc,f1,f1_opt,mcc,shd,precision,recall,tp,fp,tn,fn,topology,config,method,rep,n,p,wall_seconds
0.74266143572374,0.900123982310525,0.474702380952381,0.7556253270538985,0.5290478995066514,706,0.9382352941176471,0.31772908366533864,319,21,12341,685,cluster,n513p164,desparsified,43,513,164,3.607077199034393
