aupr,auroc,f1,f1_opt,mcc,shd,precision,recall,tp,fp,tn,fn,topology,config,method,rep,n,p,wall_seconds
0.7397010918157616,0.8938872519826613,0.4560862865947612,0.7357180993059264,0.5222222833149067,706,0.9704918032786886,0.2980866062437059,296,9,12364,697,cluster,n513p164,desparsified,40,513,164,3.719273482915014
