aupr,auroc,f1,f1_opt,mcc,shd,precision,recall,tp,fp,tn,fn,topology,config,method,rep,n,p,wall_seconds
0.7250280705541698,0.8795639932507313,0.32676056338028164,0.7262773722627737,0.42006047443107575,239,0.9830508474576272,0.19594594594594594,58,1,2706,238,scale-free,n237p78,desparsified,44,237,78,0.37620327109470963
