aupr,auroc,f1,f1_opt,mcc,shd,precision,recall,tp,fp,tn,fn,topology,config,method,rep,n,p,wall_seconds
0.7054807482337966,0.8785147465936683,0.3888048411497731,0.723,0.4640729584014218,808,0.9448529411764706,0.24476190476190476,257,15,12301,793,cluster,n513p164,desparsified,38,513,164,3.620665014721453
