aupr,auroc,f1,f1_opt,mcc,shd,precision,recall,tp,fp,tn,fn,topology,config,method,rep,n,p,wall_seconds
0.9454001645186383,0.9861648269353085,0.6192893401015229,0.9015151515151515,0.6611316913960916,75,1.0,0.4485294117647059,61,0,2867,75,random,n237p78,desparsified,5,237,78,1.1572081162594259
