aupr,auroc,f1,f1_opt,mcc,shd,precision,recall,tp,fp,tn,fn,topology,config,method,rep,n,p,wall_seconds
0.8112531211741059,0.9491789194974931,0.23188405797101452,0.7317073170731708,0.3541695967905939,53,1.0,0.13114754098360656,8,0,1164,53,random,n100p50,desparsified,33,100,50,0.2992291538976133
