aupr,auroc,f1,f1_opt,mcc,shd,precision,recall,tp,fp,tn,fn,topology,config,method,rep,n,p,wall_seconds
0.7772480099217274,0.9113284830018228,0.4430479183032207,0.7762128325508607,0.5113819238732569,709,0.9657534246575342,0.2874617737003058,282,10,12375,699,cluster,n513p164,desparsified,12,513,164,2.7676268103532493
