aupr,auroc,f1,f1_opt,mcc,shd,precision,recall,tp,fp,tn,fn,topology,config,method,rep,n,p,wall_seconds
0.633313235073233,0.845904131541974,0.16788321167883213,0.6666666666666667,0.2801466603176188,1140,0.9426229508196722,0.0921474358974359,115,7,12111,1133,scale-free,n513p164,desparsified,29,513,164,2.374701471067965
