aupr,auroc,f1,f1_opt,mcc,shd,precision,recall,tp,fp,tn,fn,topology,config,method,rep,n,p,wall_seconds
0.9711024276819807,0.9922546015621927,0.8175182481751825,0.9389067524115757,0.8230178492476626,50,0.9911504424778761,0.6956521739130435,112,1,2841,49,random,n237p78,desparsified,8,237,78,0.5744007034227252
