aupr,auroc,f1,f1_opt,mcc,shd,precision,recall,tp,fp,tn,fn,topology,config,method,rep,n,p,wall_seconds
0.6854642962260817,0.8662034614415566,0.34234234234234234,0.7349397590361445,0.43022215777746226,73,0.95,0.2087912087912088,19,1,1133,72,cluster,n100p50,desparsified,26,100,50,0.41392412781715393
