aupr,auroc,f1,f1_opt,mcc,shd,precision,recall,tp,fp,tn,fn,topology,config,method,rep,n,p,wall_seconds
0.9657136231220931,0.9878237113916472,0.7499999999999999,0.9338235294117646,0.7671305030000395,56,1.0,0.6,84,0,2863,56,random,n237p78,desparsified,39,237,78,0.6377574582584202
