aupr,auroc,f1,f1_opt,mcc,shd,precision,recall,tp,fp,tn,fn,topology,config,method,rep,n,p,wall_seconds
0.9604920334016188,0.9980625981227245,0.6216216216216216,0.92,0.6636829252622493,28,1.0,0.45098039215686275,23,0,1174,28,random,n100p50,desparsified,37,100,50,0.3794906451366842
