aupr,auroc,f1,f1_opt,mcc,shd,precision,recall,tp,fp,tn,fn,topology,config,method,rep,n,p,wall_seconds
0.6974285774852335,0.8748582977854517,0.2538141470180305,0.7060280759702725,0.3545158788968309,1076,0.9432989690721649,0.1466346153846154,183,11,12107,1065,scale-free,n513p164,desparsified,13,513,164,2.431593459099531
