aupr,auroc,f1,f1_opt,mcc,shd,precision,recall,tp,fp,tn,fn,topology,config,method,rep,n,p,wall_seconds
0.6963501545324164,0.8743198314679659,0.329608938547486,0.6953405017921146,0.4155138683968154,240,0.9516129032258065,0.19932432432432431,59,3,2704,237,scale-free,n237p78,desparsified,12,237,78,0.22705536475405097
