aupr,auroc,f1,f1_opt,mcc,shd,precision,recall,tp,fp,tn,fn,topology,config,method,rep,n,p,wall_seconds
0.7311622752480573,0.881522753821424,0.3220338983050847,0.7292035398230088,0.4162771296147422,240,0.9827586206896551,0.19256756756756757,57,1,2706,239,scale-free,n237p78,desparsified,5,237,78,0.2486238949932158
