aupr,auroc,f1,f1_opt,mcc,shd,precision,recall,tp,fp,tn,fn,topology,config,method,rep,n,p,wall_seconds
0.6906196495656761,0.86510021910614,0.22427253371185232,0.6932166301969366,0.3370024458821636,1093,0.9813664596273292,0.1266025641025641,158,3,12115,1090,scale-free,n513p164,desparsified,2,513,164,0.43824016209691763
