aupr,auroc,f1,f1_opt,mcc,shd,precision,recall,tp,fp,tn,fn,topology,config,method,rep,n,p,wall_seconds
0.9767467533652193,0.9995391563488893,0.8571428571428571,0.9213483146067416,0.8644201653259961,11,1.0,0.75,33,0,2959,11,hub,n237p78,desparsified,15,237,78,0.5417725988663733
