aupr,auroc,f1,f1_opt,mcc,shd,precision,recall,tp,fp,tn,fn,topology,config,method,rep,n,p,wall_seconds
0.7141032483049112,0.8888461985839752,0.36959999999999993,0.7307893361212755,0.44961827716221814,788,0.9428571428571428,0.2298507462686567,231,14,12347,774,cluster,n513p164,desparsified,13,513,164,3.009093985427171
