aupr,auroc,f1,f1_opt,mcc,shd,precision,recall,tp,fp,tn,fn,topology,config,method,rep,n,p,wall_seconds
0.49934871572582484,0.7767382639503985,0.13592233009708737,0.5394736842105262,0.2599780789462201,89,1.0,0.07291666666666667,7,0,1129,89,scale-free,n100p50,desparsified,40,100,50,0.05520115699619055
