aupr,auroc,f1,f1_opt,mcc,shd,precision,recall,tp,fp,tn,fn,topology,config,method,rep,n,p,wall_seconds
0.6212364387372321,0.8447925893120755,0.18867924528301885,0.6385542168674698,0.31111662252613786,86,1.0,0.10416666666666667,10,0,1129,86,scale-free,n100p50,desparsified,32,100,50,0.035356140695512295
