aupr,auroc,f1,f1_opt,mcc,shd,precision,recall,tp,fp,tn,fn,topology,config,method,rep,n,p,wall_seconds
0.9741925095903621,0.9993163548944481,0.8157894736842105,0.9230769230769231,0.8280361021424872,14,1.0,0.6888888888888889,31,0,2958,14,hub,n237p78,desparsified,4,237,78,0.5335269351489842
