aupr,auroc,f1,f1_opt,mcc,shd,precision,recall,tp,fp,tn,fn,topology,config,method,rep,n,p,wall_seconds
0.9476266658810623,0.9987003230410939,0.732394366197183,0.9069767441860465,0.7576874338754028,19,1.0,0.5777777777777777,26,0,2958,19,hub,n237p78,desparsified,8,237,78,0.3543740911409259
