aupr,auroc,f1,f1_opt,mcc,shd,precision,recall,tp,fp,tn,fn,topology,config,method,rep,n,p,wall_seconds
0.6787387120628346,0.8621383229997047,0.2857142857142857,0.717948717948718,0.3945101627860737,80,1.0,0.16666666666666666,16,0,1129,80,scale-free,n100p50,desparsified,2,100,50,0.03495011292397976
