aupr,auroc,f1,f1_opt,mcc,shd,precision,recall,tp,fp,tn,fn,topology,config,method,rep,n,p,wall_seconds
0.8279770046843976,0.9664920455145974,0.5730027548209367,0.8065173116089613,0.6210269057429607,155,0.9541284403669725,0.4094488188976378,104,5,13107,150,hub,n513p164,desparsified,36,513,164,3.9024555180221796
