aupr,auroc,f1,f1_opt,mcc,shd,precision,recall,tp,fp,tn,fn,topology,config,method,rep,n,p,wall_seconds
0.646683514662677,0.8341546343735444,0.2882882882882883,0.6772486772486772,0.39675669142015757,79,1.0,0.16842105263157894,16,0,1130,79,cluster,n100p50,desparsified,12,100,50,0.17941672494634986
