aupr,auroc,f1,f1_opt,mcc,shd,precision,recall,tp,fp,tn,fn,topology,config,method,rep,n,p,wall_seconds
0.9430561687344081,0.9893535112863704,0.7358490566037735,0.8828125,0.755609206952801,56,1.0,0.582089552238806,78,0,2869,56,random,n237p78,desparsified,36,237,78,0.7160859061405063
