aupr,auroc,f1,f1_opt,mcc,shd,precision,recall,tp,fp,tn,fn,topology,config,method,rep,n,p,wall_seconds
0.818764950840186,0.9642282359610479,0.5172413793103448,0.8113590263691685,0.5784341663355991,168,0.9574468085106383,0.3543307086614173,90,4,13108,164,hub,n513p164,desparsified,14,513,164,3.389516486786306
