aupr,auroc,f1,f1_opt,mcc,shd,precision,recall,tp,fp,tn,fn,topology,config,method,rep,n,p,wall_seconds
0.63888752931199,0.8460320139885146,0.12715033657442032,0.6510480887792848,0.24247793122756311,1167,0.9550561797752809,0.06810897435897435,85,4,12114,1163,scale-free,n513p164,desparsified,12,513,164,2.669827380217612
