aupr,auroc,f1,f1_opt,mcc,shd,precision,recall,tp,fp,tn,fn,topology,config,method,rep,n,p,wall_seconds
0.7917169116496028,0.9338440796724926,0.38827838827838823,0.7609756097560976,0.47283443031828815,167,0.9814814814814815,0.2420091324200913,53,1,2783,166,cluster,n237p78,desparsified,11,237,78,0.6579501437954605
