aupr,auroc,f1,f1_opt,mcc,shd,precision,recall,tp,fp,tn,fn,topology,config,method,rep,n,p,wall_seconds
0.9244135424721409,0.9810742705570291,0.47058823529411764,0.8840579710144928,0.5442441764388625,45,1.0,0.3076923076923077,20,0,1160,45,random,n100p50,desparsified,29,100,50,0.19808029010891914
