aupr,auroc,f1,f1_opt,mcc,shd,precision,recall,tp,fp,tn,fn,topology,config,method,rep,n,p,wall_seconds
0.9712264195868668,0.9879685974006461,0.846153846153846,0.946236559139785,0.8546170899124182,12,1.0,0.7333333333333333,33,0,2958,12,hub,n237p78,desparsified,36,237,78,0.9730435353703797
