aupr,auroc,f1,f1_opt,mcc,shd,precision,recall,tp,fp,tn,fn,topology,config,method,rep,n,p,wall_seconds
0.9619577601278193,0.9881765932467714,0.717900656044986,0.9143730886850153,0.7395672683936011,301,1.0,0.5599415204678363,383,0,12682,301,random,n513p164,desparsified,47,513,164,0.6807845360599458
