aupr,auroc,f1,f1_opt,mcc,shd,precision,recall,tp,fp,tn,fn,topology,config,method,rep,n,p,wall_seconds
0.6195422549036278,0.8514171833480957,0.2545454545454546,0.6368715083798883,0.36872560825242057,82,1.0,0.14583333333333334,14,0,1129,82,scale-free,n100p50,desparsified,47,100,50,0.09254655288532376
