aupr,auroc,f1,f1_opt,mcc,shd,precision,recall,tp,fp,tn,fn,topology,config,method,rep,n,p,wall_seconds
0.8809649141113794,0.9644521158380434,0.5955882352941176,0.8392370572207084,0.6338184405254206,110,0.9759036144578314,0.42857142857142855,81,2,2812,108,cluster,n237p78,desparsified,14,237,78,0.13565285317599773
