aupr,auroc,f1,f1_opt,mcc,shd,precision,recall,tp,fp,tn,fn,topology,config,method,rep,n,p,wall_seconds
0.7113620394900924,0.8718445556811454,0.3076923076923077,0.7209302325581397,0.4118453960685497,81,1.0,0.18181818181818182,18,0,1126,81,cluster,n100p50,desparsified,42,100,50,0.11115957191213965
