aupr,auroc,f1,f1_opt,mcc,shd,precision,recall,tp,fp,tn,fn,topology,config,method,rep,n,p,wall_seconds
0.5336101213792187,0.8057370091526425,0.2037037037037037,0.5806451612903225,0.3102507482186559,86,0.9166666666666666,0.11458333333333333,11,1,1128,85,scale-free,n100p50,desparsified,42,100,50,0.034808618016541004
