aupr,auroc,f1,f1_opt,mcc,shd,precision,recall,tp,fp,tn,fn,topology,config,method,rep,n,p,wall_seconds
0.6385893388438305,0.8557316007447092,0.27777777777777773,0.6702127659574467,0.38844960442072807,78,1.0,0.16129032258064516,15,0,1132,78,cluster,n100p50,desparsified,2,100,50,0.10518744587898254
