aupr,auroc,f1,f1_opt,mcc,shd,precision,recall,tp,fp,tn,fn,topology,config,method,rep,n,p,wall_seconds
0.7440953540507113,0.9164107883817427,0.5714285714285715,0.7777777777777777,0.629329703019579,12,1.0,0.4,8,0,1205,12,hub,n100p50,desparsified,8,100,50,0.1210181973874569
