aupr,auroc,f1,f1_opt,mcc,shd,precision,recall,tp,fp,tn,fn,topology,config,method,rep,n,p,wall_seconds
0.9632565275759466,0.9887205258369259,0.7279767666989351,0.9259259259259259,0.7482769235000873,281,1.0,0.5722983257229832,376,0,12709,281,random,n513p164,desparsified,37,513,164,3.263823224697262
