aupr,auroc,f1,f1_opt,mcc,shd,precision,recall,tp,fp,tn,fn,topology,config,method,rep,n,p,wall_seconds
0.7508621066082297,0.9038370252361152,0.4872563718140929,0.7557894736842106,0.5434315703784717,684,0.9587020648967551,0.32663316582914576,325,14,12357,670,cluster,n513p164,desparsified,11,513,164,1.9963288293220103
