aupr,auroc,f1,f1_opt,mcc,shd,precision,recall,tp,fp,tn,fn,topology,config,method,rep,n,p,wall_seconds
0.695715943501553,0.8722568615900718,0.25882352941176473,0.6888111888111887,0.36876706604617154,252,1.0,0.14864864864864866,44,0,2707,252,scale-free,n237p78,desparsified,2,237,78,0.10578024899587035
