aupr,auroc,f1,f1_opt,mcc,shd,precision,recall,tp,fp,tn,fn,topology,config,method,rep,n,p,wall_seconds
0.7929031305524786,0.933140200286123,0.30985915492957744,0.748091603053435,0.4194443383726392,49,1.0,0.18333333333333332,11,0,1165,49,random,n100p50,desparsified,25,100,50,0.03462955355644226
