aupr,auroc,f1,f1_opt,mcc,shd,precision,recall,tp,fp,tn,fn,topology,config,method,rep,n,p,wall_seconds
0.8413163776556634,0.9695850622406639,0.4615384615384615,0.8421052631578948,0.544568226131697,14,1.0,0.3,6,0,1205,14,hub,n100p50,desparsified,39,100,50,0.3513493682257831
