aupr,auroc,f1,f1_opt,mcc,shd,precision,recall,tp,fp,tn,fn,topology,config,method,rep,n,p,wall_seconds
0.8090249446305632,0.9237247377003277,0.6095238095238096,0.780952380952381,0.6457548168792175,123,0.9896907216494846,0.44036697247706424,96,1,2784,122,cluster,n237p78,desparsified,20,237,78,0.5327162626199424
