aupr,auroc,f1,f1_opt,mcc,shd,precision,recall,tp,fp,tn,fn,topology,config,method,rep,n,p,wall_seconds
0.8420745418332091,0.9441017407470002,0.37333333333333335,0.8166666666666667,0.4696815698217553,47,1.0,0.22950819672131148,14,0,1164,47,random,n100p50,desparsified,27,100,50,0.15801471704617143
