aupr,auroc,f1,f1_opt,mcc,shd,precision,recall,tp,fp,tn,fn,topology,config,method,rep,n,p,wall_seconds
0.7661323237221569,0.9044314150329229,0.49439880507841677,0.7574094401756312,0.5460949520357983,677,0.9457142857142857,0.3346814964610718,331,19,12358,658,cluster,n513p164,desparsified,21,513,164,3.503236890770495
