aupr,auroc,f1,f1_opt,mcc,shd,precision,recall,tp,fp,tn,fn,topology,config,method,rep,n,p,wall_seconds
0.9216554046211953,0.9865149124784014,0.8311688311688311,0.8674698795180723,0.8414270920390685,13,1.0,0.7111111111111111,32,0,2958,13,hub,n237p78,desparsified,5,237,78,0.4520728667266667
