aupr,auroc,f1,f1_opt,mcc,shd,precision,recall,tp,fp,tn,fn,topology,config,method,rep,n,p,wall_seconds
0.6653413485315228,0.8654826326141435,0.2631578947368421,0.6770833333333333,0.3680862762344183,252,0.9782608695652174,0.15202702702702703,45,1,2706,251,scale-free,n237p78,desparsified,24,237,78,0.6442690812982619
