aupr,auroc,f1,f1_opt,mcc,shd,precision,recall,tp,fp,tn,fn,topology,config,method,rep,n,p,wall_seconds
0.6832167260374734,0.8653178945476692,0.2102102102102102,0.679245283018868,0.31751024545645257,263,0.9459459459459459,0.11824324324324324,35,2,2705,261,scale-free,n237p78,desparsified,20,237,78,0.7259984868578613
