aupr,auroc,f1,f1_opt,mcc,shd,precision,recall,tp,fp,tn,fn,topology,config,method,rep,n,p,wall_seconds
0.9701466958135166,0.9912041123755062,0.7750929368029739,0.9287356321839081,0.7868703366819508,242,0.9928571428571429,0.635670731707317,417,3,12707,239,random,n513p164,desparsified,44,513,164,3.4540202701464295
