aupr,auroc,f1,f1_opt,mcc,shd,precision,recall,tp,fp,tn,fn,topology,config,method,rep,n,p,wall_seconds
0.9723960731572375,0.9934954231909144,0.7452471482889733,0.9310872894333844,0.7613808347790547,268,0.9924050632911392,0.5966514459665144,392,3,12706,265,random,n513p164,desparsified,40,513,164,3.0175245157442987
