aupr,auroc,f1,f1_opt,mcc,shd,precision,recall,tp,fp,tn,fn,topology,config,method,rep,n,p,wall_seconds
0.5913830431380753,0.8332133894301743,0.18867924528301885,0.5882352941176472,0.31111662252613786,86,1.0,0.10416666666666667,10,0,1129,86,scale-free,n100p50,desparsified,31,100,50,0.03462362289428711
