aupr,auroc,f1,f1_opt,mcc,shd,precision,recall,tp,fp,tn,fn,topology,config,method,rep,n,p,wall_seconds
0.5956709707378767,0.8398887289636846,0.2807017543859649,0.6521739130434783,0.36829911959260947,82,0.8888888888888888,0.16666666666666666,16,2,1127,80,scale-free,n100p50,desparsified,38,100,50,0.05425546085461974
