aupr,auroc,f1,f1_opt,mcc,shd,precision,recall,tp,fp,tn,fn,topology,config,method,rep,n,p,wall_seconds
0.7749653582429158,0.9210977701543739,0.4675324675324675,0.7272727272727273,0.5428825558024802,41,1.0,0.3050847457627119,18,0,1166,41,random,n100p50,desparsified,7,100,50,0.2221008762717247
