aupr,auroc,f1,f1_opt,mcc,shd,precision,recall,tp,fp,tn,fn,topology,config,method,rep,n,p,wall_seconds
0.7183693238594872,0.8880600192367277,0.36290322580645157,0.7232933819697759,0.44420936365288805,790,0.9414225941422594,0.22477522477522477,225,14,12351,776,cluster,n513p164,desparsified,49,513,164,0.6116665271110833
