aupr,auroc,f1,f1_opt,mcc,shd,precision,recall,tp,fp,tn,fn,topology,config,method,rep,n,p,wall_seconds
0.6960041983357801,0.8774823031380106,0.311614730878187,0.6981818181818182,0.4042749840368125,243,0.9649122807017544,0.1858108108108108,55,2,2705,241,scale-free,n237p78,desparsified,28,237,78,0.7810555859468877
