aupr,auroc,f1,f1_opt,mcc,shd,precision,recall,tp,fp,tn,fn,topology,config,method,rep,n,p,wall_seconds
0.8265750182788584,0.9702759999523265,0.40247678018575855,0.8086021505376344,0.4924779705950839,193,0.9701492537313433,0.25390625,65,2,13108,191,hub,n513p164,desparsified,7,513,164,2.885149718262255
