aupr,auroc,f1,f1_opt,mcc,shd,precision,recall,tp,fp,tn,fn,topology,config,method,rep,n,p,wall_seconds
0.7037619399631281,0.878248584750247,0.2208955223880597,0.6975881261595548,0.32715535640390614,261,0.9487179487179487,0.125,37,2,2705,259,scale-free,n237p78,desparsified,49,237,78,0.0675309207290411
