aupr,auroc,f1,f1_opt,mcc,shd,precision,recall,tp,fp,tn,fn,topology,config,method,rep,n,p,wall_seconds
0.6583480518580704,0.865184250932222,0.22018348623853212,0.6630434782608695,0.3391789608443509,85,1.0,0.12371134020618557,12,0,1128,85,cluster,n100p50,desparsified,48,100,50,0.171731682959944
