aupr,auroc,f1,f1_opt,mcc,shd,precision,recall,tp,fp,tn,fn,topology,config,method,rep,n,p,wall_seconds
0.9553056968380638,0.9984974832845016,0.846153846153846,0.9302325581395349,0.8546170899124182,12,1.0,0.7333333333333333,33,0,2958,12,hub,n237p78,desparsified,49,237,78,0.6738112759776413
