aupr,auroc,f1,f1_opt,mcc,shd,precision,recall,tp,fp,tn,fn,topology,config,method,rep,n,p,wall_seconds
0.6872041233728117,0.8693130001565799,0.19698058950395397,0.6985962014863749,0.30905264261776044,1117,0.958041958041958,0.10977564102564102,137,6,12112,1111,scale-free,n513p164,desparsified,9,513,164,0.8171555227600038
