aupr,auroc,f1,f1_opt,mcc,shd,precision,recall,tp,fp,tn,fn,topology,config,method,rep,n,p,wall_seconds
0.7834324406683281,0.9293704614369995,0.41568627450980394,0.7655502392344498,0.4877599137487094,149,0.9464285714285714,0.2663316582914573,53,3,2801,146,cluster,n237p78,desparsified,24,237,78,0.3058895249851048
