aupr,auroc,f1,f1_opt,mcc,shd,precision,recall,tp,fp,tn,fn,topology,config,method,rep,n,p,wall_seconds
0.5566864934253256,0.8306115293770299,0.18867924528301885,0.6028708133971291,0.31111662252613786,86,1.0,0.10416666666666667,10,0,1129,86,scale-free,n100p50,desparsified,44,100,50,0.03840616578236222
