aupr,auroc,f1,f1_opt,mcc,shd,precision,recall,tp,fp,tn,fn,topology,config,method,rep,n,p,wall_seconds
0.6244979466794882,0.8427038508771053,0.1547987616099071,0.6525096525096524,0.26437729052584474,273,0.9259259259259259,0.08445945945945946,25,2,2705,271,scale-free,n237p78,desparsified,40,237,78,0.20431637298315763
