aupr,auroc,f1,f1_opt,mcc,shd,precision,recall,tp,fp,tn,fn,topology,config,method,rep,n,p,wall_seconds
0.9545944653395946,0.9989707760498836,0.7837837837837839,0.9047619047619048,0.800610616552436,16,1.0,0.6444444444444445,29,0,2958,16,hub,n237p78,desparsified,31,237,78,0.6466643712483346
