aupr,auroc,f1,f1_opt,mcc,shd,precision,recall,tp,fp,tn,fn,topology,config,method,rep,n,p,wall_seconds
0.7087757359783007,0.8862084962555504,0.22222222222222224,0.7532467532467533,0.32731724185785177,70,0.9090909090909091,0.12658227848101267,10,1,1145,69,cluster,n100p50,desparsified,41,100,50,0.08831358514726162
