aupr,auroc,f1,f1_opt,mcc,shd,precision,recall,tp,fp,tn,fn,topology,config,method,rep,n,p,wall_seconds
0.6989133621932866,0.8685707662049673,0.22159090909090906,0.70578231292517,0.33353297997358416,1096,0.975,0.125,156,4,12114,1092,scale-free,n513p164,desparsified,42,513,164,3.20813071122393
