aupr,auroc,f1,f1_opt,mcc,shd,precision,recall,tp,fp,tn,fn,topology,config,method,rep,n,p,wall_seconds
0.9778827304846437,0.9937678784814997,0.8229074889867841,0.9452582883577486,0.8295830099788991,201,1.0,0.6991017964071856,467,0,12698,201,random,n513p164,desparsified,7,513,164,2.7297591222450137
