aupr,auroc,f1,f1_opt,mcc,shd,precision,recall,tp,fp,tn,fn,topology,config,method,rep,n,p,wall_seconds
0.9464777507907125,0.987066255073458,0.7241379310344828,0.9023569023569025,0.7429873510962339,64,0.9882352941176471,0.5714285714285714,84,1,2855,63,random,n237p78,desparsified,46,237,78,0.3801566860638559
