aupr,auroc,f1,f1_opt,mcc,shd,precision,recall,tp,fp,tn,fn,topology,config,method,rep,n,p,wall_seconds
0.745316342949825,0.8999424485094848,0.46189024390243905,0.7476240760295669,0.5220479884361743,706,0.9498432601880877,0.30513595166163143,303,16,12357,690,cluster,n513p164,desparsified,22,513,164,3.7089963387697935
