aupr,auroc,f1,f1_opt,mcc,shd,precision,recall,tp,fp,tn,fn,topology,config,method,rep,n,p,wall_seconds
0.7360954507235434,0.8966861996447313,0.24489795918367346,0.7252747252747254,0.36197023438922693,74,1.0,0.13953488372093023,12,0,1139,74,cluster,n100p50,desparsified,14,100,50,0.12189068738371134
