aupr,auroc,f1,f1_opt,mcc,shd,precision,recall,tp,fp,tn,fn,topology,config,method,rep,n,p,wall_seconds
0.9691178938911921,0.9882143618260304,0.8455284552845529,0.948905109489051,0.8490025164458471,38,0.9904761904761905,0.7375886524822695,104,1,2861,37,random,n237p78,desparsified,7,237,78,1.0715803089551628
