aupr,auroc,f1,f1_opt,mcc,shd,precision,recall,tp,fp,tn,fn,topology,config,method,rep,n,p,wall_seconds
0.6657739868497583,0.860242198416395,0.205607476635514,0.6847826086956521,0.3120449122366226,85,0.9166666666666666,0.11578947368421053,11,1,1129,84,cluster,n100p50,desparsified,5,100,50,0.07256818236783147
