aupr,auroc,f1,f1_opt,mcc,shd,precision,recall,tp,fp,tn,fn,topology,config,method,rep,n,p,wall_seconds
0.97843850960247,0.9994853912562598,0.9,0.9397590361445783,0.9033137511760245,8,1.0,0.8181818181818182,36,0,2959,8,hub,n237p78,desparsified,2,237,78,0.20032409019768238
