aupr,auroc,f1,f1_opt,mcc,shd,precision,recall,tp,fp,tn,fn,topology,config,method,rep,n,p,wall_seconds
0.5598644202056708,0.8124630941836433,0.09803921568627451,0.5949367088607594,0.19708549357688857,92,0.8333333333333334,0.052083333333333336,5,1,1128,91,scale-free,n100p50,desparsified,27,100,50,0.035418006125837564
