aupr,auroc,f1,f1_opt,mcc,shd,precision,recall,tp,fp,tn,fn,topology,config,method,rep,n,p,wall_seconds
0.821779840498631,0.9497915610388148,0.37333333333333335,0.7633587786259541,0.4696815698217553,47,1.0,0.22950819672131148,14,0,1164,47,random,n100p50,desparsified,47,100,50,0.15701859910041094
