aupr,auroc,f1,f1_opt,mcc,shd,precision,recall,tp,fp,tn,fn,topology,config,method,rep,n,p,wall_seconds
0.9300470878006377,0.9981742738589212,0.8571428571428571,0.888888888888889,0.8642342428105247,5,1.0,0.75,15,0,1205,5,hub,n100p50,desparsified,21,100,50,0.11978742713108659
