aupr,auroc,f1,f1_opt,mcc,shd,precision,recall,tp,fp,tn,fn,topology,config,method,rep,n,p,wall_seconds
0.7897849271825471,0.9517630267925249,0.47477744807121663,0.7500000000000001,0.5517496192642556,177,0.9876543209876543,0.3125,80,1,13109,176,hub,n513p164,desparsified,22,513,164,3.4472522754222155
