aupr,auroc,f1,f1_opt,mcc,shd,precision,recall,tp,fp,tn,fn,topology,config,method,rep,n,p,wall_seconds
0.9702713615402326,0.9940625612770079,0.6700819672131147,0.9249999999999999,0.7004216717120435,322,0.9969512195121951,0.5046296296296297,327,1,12717,321,random,n513p164,desparsified,23,513,164,1.7722576530650258
