aupr,auroc,f1,f1_opt,mcc,shd,precision,recall,tp,fp,tn,fn,topology,config,method,rep,n,p,wall_seconds
0.9703512122024442,0.9929104281028869,0.7206551410373067,0.9183673469387755,0.7415974808057343,307,1.0,0.5633001422475107,396,0,12663,307,random,n513p164,desparsified,43,513,164,3.1394431428052485
