aupr,auroc,f1,f1_opt,mcc,shd,precision,recall,tp,fp,tn,fn,topology,config,method,rep,n,p,wall_seconds
0.9840611729290976,0.9996919840733228,0.9285714285714286,0.9534883720930233,0.9300066025043878,6,1.0,0.8666666666666667,39,0,2958,6,hub,n237p78,desparsified,12,237,78,0.5645666411146522
