aupr,auroc,f1,f1_opt,mcc,shd,precision,recall,tp,fp,tn,fn,topology,config,method,rep,n,p,wall_seconds
0.7569712269787567,0.901829548703034,0.425531914893617,0.7518324607329843,0.4967706509429814,729,0.9608540925266904,0.2732793522267207,270,11,12367,718,cluster,n513p164,desparsified,30,513,164,3.6640795641578734
