aupr,auroc,f1,f1_opt,mcc,shd,precision,recall,tp,fp,tn,fn,topology,config,method,rep,n,p,wall_seconds
0.7939388085319385,0.9683817427385892,0.5185185185185185,0.7777777777777777,0.588442323270592,13,1.0,0.35,7,0,1205,13,hub,n100p50,desparsified,11,100,50,0.20869912719354033
