aupr,auroc,f1,f1_opt,mcc,shd,precision,recall,tp,fp,tn,fn,topology,config,method,rep,n,p,wall_seconds
0.9615279462886642,0.9914284908029706,0.7179487179487178,0.9178082191780822,0.7377190941144722,66,0.9882352941176471,0.5637583892617449,84,1,2853,65,random,n237p78,desparsified,31,237,78,0.1824524700641632
