aupr,auroc,f1,f1_opt,mcc,shd,precision,recall,tp,fp,tn,fn,topology,config,method,rep,n,p,wall_seconds
0.9805712291857804,0.9996393959882803,0.8607594936708861,0.9318181818181819,0.8676152713743799,11,1.0,0.7555555555555555,34,0,2958,11,hub,n237p78,desparsified,33,237,78,0.6934111909940839
