aupr,auroc,f1,f1_opt,mcc,shd,precision,recall,tp,fp,tn,fn,topology,config,method,rep,n,p,wall_seconds
0.9480892578397981,0.9974907970851176,0.7837837837837839,0.9318181818181819,0.800610616552436,16,1.0,0.6444444444444445,29,0,2958,16,hub,n237p78,desparsified,3,237,78,0.11180275725200772
