aupr,auroc,f1,f1_opt,mcc,shd,precision,recall,tp,fp,tn,fn,topology,config,method,rep,n,p,wall_seconds
0.9384801590290615,0.9874254049445865,0.6666666666666666,0.8823529411764707,0.6993980492962976,26,1.0,0.5,26,0,1173,26,random,n100p50,desparsified,40,100,50,0.1139257070608437
