aupr,auroc,f1,f1_opt,mcc,shd,precision,recall,tp,fp,tn,fn,topology,config,method,rep,n,p,wall_seconds
0.6732343985515852,0.8522861150770275,0.26900584795321636,0.667802385008518,0.3771824923613775,250,1.0,0.1554054054054054,46,0,2707,250,scale-free,n237p78,desparsified,39,237,78,0.5655065258033574
