aupr,auroc,f1,f1_opt,mcc,shd,precision,recall,tp,fp,tn,fn,topology,config,method,rep,n,p,wall_seconds
0.6887612811613899,0.8872244627958091,0.3434343434343434,0.6666666666666667,0.44290153203759297,65,1.0,0.2073170731707317,17,0,1143,65,cluster,n100p50,desparsified,11,100,50,0.12374029820784926
