aupr,auroc,f1,f1_opt,mcc,shd,precision,recall,tp,fp,tn,fn,topology,config,method,rep,n,p,wall_seconds
0.6800976600337821,0.8612977777777777,0.35772357723577236,0.6946107784431137,0.44200228096890504,79,0.9565217391304348,0.22,22,1,1124,78,cluster,n100p50,desparsified,23,100,50,0.037382422015070915
