aupr,auroc,f1,f1_opt,mcc,shd,precision,recall,tp,fp,tn,fn,topology,config,method,rep,n,p,wall_seconds
0.5207419726088678,0.7980975051668145,0.09900990099009901,0.5654450261780105,0.21954140603027172,91,1.0,0.052083333333333336,5,0,1129,91,scale-free,n100p50,desparsified,0,100,50,0.15209623100236058
