aupr,auroc,f1,f1_opt,mcc,shd,precision,recall,tp,fp,tn,fn,topology,config,method,rep,n,p,wall_seconds
0.8734709826649325,0.9730563369965357,0.6010928961748634,0.8161616161616162,0.6467829316964974,146,0.9734513274336283,0.43478260869565216,110,3,13110,143,hub,n513p164,desparsified,23,513,164,3.5950574022717774
