aupr,auroc,f1,f1_opt,mcc,shd,precision,recall,tp,fp,tn,fn,topology,config,method,rep,n,p,wall_seconds
0.5227160263346174,0.8145574992618837,0.11764705882352941,0.5622119815668203,0.24059418516666842,90,1.0,0.0625,6,0,1129,90,scale-free,n100p50,desparsified,33,100,50,0.17838581185787916
