aupr,auroc,f1,f1_opt,mcc,shd,precision,recall,tp,fp,tn,fn,topology,config,method,rep,n,p,wall_seconds
0.7699984751840714,0.8959306830722993,0.6422018348623852,0.765625,0.6763668960412044,39,1.0,0.47297297297297297,35,0,1151,39,cluster,n100p50,desparsified,33,100,50,0.04821399599313736
