aupr,auroc,f1,f1_opt,mcc,shd,precision,recall,tp,fp,tn,fn,topology,config,method,rep,n,p,wall_seconds
0.7994172197952373,0.9241356691464683,0.5082508250825083,0.7581047381546134,0.5658460533804018,149,0.9871794871794872,0.3422222222222222,77,1,2777,148,cluster,n237p78,desparsified,2,237,78,0.36930856574326754
