aupr,auroc,f1,f1_opt,mcc,shd,precision,recall,tp,fp,tn,fn,topology,config,method,rep,n,p,wall_seconds
0.6904497080223052,0.868843326414192,0.2615916955017301,0.7033347769597228,0.3640517614927483,1067,0.9593908629441624,0.15144230769230768,189,8,12110,1059,scale-free,n513p164,desparsified,23,513,164,2.1958810882642865
