aupr,auroc,f1,f1_opt,mcc,shd,precision,recall,tp,fp,tn,fn,topology,config,method,rep,n,p,wall_seconds
0.8580549090868566,0.9963070539419088,0.5714285714285715,0.7777777777777777,0.629329703019579,12,1.0,0.4,8,0,1205,12,hub,n100p50,desparsified,6,100,50,0.3392608887515962
