aupr,auroc,f1,f1_opt,mcc,shd,precision,recall,tp,fp,tn,fn,topology,config,method,rep,n,p,wall_seconds
0.843738894644328,0.9633446808510637,0.48484848484848486,0.8000000000000002,0.5576744813328465,34,1.0,0.32,16,0,1175,34,random,n100p50,desparsified,49,100,50,0.08916223840788007
