aupr,auroc,f1,f1_opt,mcc,shd,precision,recall,tp,fp,tn,fn,topology,config,method,rep,n,p,wall_seconds
0.8864178893417178,0.9957261410788382,0.7499999999999999,0.8235294117647058,0.7720381265974063,8,1.0,0.6,12,0,1205,8,hub,n100p50,desparsified,14,100,50,0.12997910380363464
