aupr,auroc,f1,f1_opt,mcc,shd,precision,recall,tp,fp,tn,fn,topology,config,method,rep,n,p,wall_seconds
0.71445224808516,0.8818203861282855,0.28863172226004086,0.7217321571772254,0.385891015760853,1045,0.9592760180995475,0.16987179487179488,212,9,12109,1036,scale-free,n513p164,desparsified,14,513,164,2.9960757228545845
