aupr,auroc,f1,f1_opt,mcc,shd,precision,recall,tp,fp,tn,fn,topology,config,method,rep,n,p,wall_seconds
0.8782139123615689,0.9651829787234043,0.5714285714285715,0.8431372549019608,0.6245330205649127,30,1.0,0.4,20,0,1175,30,random,n100p50,desparsified,19,100,50,0.11204140400514007
