aupr,auroc,f1,f1_opt,mcc,shd,precision,recall,tp,fp,tn,fn,topology,config,method,rep,n,p,wall_seconds
0.5887518254119535,0.859356846473029,0.33333333333333337,0.6206896551724138,0.44427378650917204,16,1.0,0.2,4,0,1205,16,hub,n100p50,desparsified,22,100,50,0.21372023597359657
