aupr,auroc,f1,f1_opt,mcc,shd,precision,recall,tp,fp,tn,fn,topology,config,method,rep,n,p,wall_seconds
0.8354687152764523,0.9659244493707094,0.5340909090909091,0.796812749003984,0.5957412401129973,164,0.9791666666666666,0.3671875,94,2,13108,162,hub,n513p164,desparsified,49,513,164,3.9654022906906903
