aupr,auroc,f1,f1_opt,mcc,shd,precision,recall,tp,fp,tn,fn,topology,config,method,rep,n,p,wall_seconds
0.8176432956590662,0.9356646486008307,0.5365853658536586,0.7917737789203084,0.5835260139454926,133,0.9625,0.3719806763285024,77,3,2793,130,cluster,n237p78,desparsified,13,237,78,0.0727499770000577
