aupr,auroc,f1,f1_opt,mcc,shd,precision,recall,tp,fp,tn,fn,topology,config,method,rep,n,p,wall_seconds
0.8404013257996334,0.9448019749752073,0.4821428571428571,0.8219178082191781,0.5348706502372176,58,0.9310344827586207,0.3253012048192771,27,2,1140,56,cluster,n100p50,desparsified,16,100,50,0.14036529185250401
