aupr,auroc,f1,f1_opt,mcc,shd,precision,recall,tp,fp,tn,fn,topology,config,method,rep,n,p,wall_seconds
0.6877905680413996,0.9226344549899339,0.345679012345679,0.6622516556291391,0.4336999339415602,53,0.9333333333333333,0.21212121212121213,14,1,1158,52,random,n100p50,desparsified,21,100,50,0.03522265003994107
