aupr,auroc,f1,f1_opt,mcc,shd,precision,recall,tp,fp,tn,fn,topology,config,method,rep,n,p,wall_seconds
0.837884086808595,0.9719849071502599,0.47787610619469023,0.8198757763975155,0.5494757136524858,177,0.9642857142857143,0.3176470588235294,81,3,13108,174,hub,n513p164,desparsified,17,513,164,3.114565548952669
