aupr,auroc,f1,f1_opt,mcc,shd,precision,recall,tp,fp,tn,fn,topology,config,method,rep,n,p,wall_seconds
0.6679445876071819,0.8643439008933521,0.24668989547038325,0.6851098454027665,0.3492891512111382,1081,0.946524064171123,0.14182692307692307,177,10,12108,1071,scale-free,n513p164,desparsified,15,513,164,3.1610058499500155
