aupr,auroc,f1,f1_opt,mcc,shd,precision,recall,tp,fp,tn,fn,topology,config,method,rep,n,p,wall_seconds
0.5516716695585007,0.8392613300856214,0.06060606060606061,0.6082474226804124,0.16991682282098422,93,1.0,0.03125,3,0,1129,93,scale-free,n100p50,desparsified,4,100,50,0.14055009093135595
