aupr,auroc,f1,f1_opt,mcc,shd,precision,recall,tp,fp,tn,fn,topology,config,method,rep,n,p,wall_seconds
0.6768903415395835,0.8643617558531805,0.4695652173913043,0.6707317073170731,0.531884994750469,61,0.9642857142857143,0.3103448275862069,27,1,1137,60,cluster,n100p50,desparsified,17,100,50,0.28762594098225236
