aupr,auroc,f1,f1_opt,mcc,shd,precision,recall,tp,fp,tn,fn,topology,config,method,rep,n,p,wall_seconds
0.752421071137808,0.9019956370687565,0.4038308060654429,0.7521276595744681,0.4795654234328328,747,0.9583333333333334,0.2558139534883721,253,11,12366,736,cluster,n513p164,desparsified,7,513,164,3.286294734105468
