aupr,auroc,f1,f1_opt,mcc,shd,precision,recall,tp,fp,tn,fn,topology,config,method,rep,n,p,wall_seconds
0.7777319884975689,0.9102995769662436,0.4271844660194175,0.7464788732394366,0.5082168142893811,59,1.0,0.2716049382716049,22,0,1144,59,cluster,n100p50,desparsified,30,100,50,0.037368394900113344
