aupr,auroc,f1,f1_opt,mcc,shd,precision,recall,tp,fp,tn,fn,topology,config,method,rep,n,p,wall_seconds
0.7408793678571131,0.9106233421750664,0.11594202898550725,0.7272727272727274,0.2417934210520594,61,1.0,0.06153846153846154,4,0,1160,61,random,n100p50,desparsified,34,100,50,0.03490032022818923
