aupr,auroc,f1,f1_opt,mcc,shd,precision,recall,tp,fp,tn,fn,topology,config,method,rep,n,p,wall_seconds
0.9436902810203673,0.9905311165271108,0.6636363636363636,0.9096989966555183,0.6906368016747501,74,0.9733333333333334,0.503448275862069,73,2,2856,72,random,n237p78,desparsified,45,237,78,0.07826941786333919
