aupr,auroc,f1,f1_opt,mcc,shd,precision,recall,tp,fp,tn,fn,topology,config,method,rep,n,p,wall_seconds
0.752150232549841,0.9009329660277761,0.4394057857701329,0.7517501346257405,0.5091743417191885,717,0.9689655172413794,0.28412537917087965,281,9,12368,708,cluster,n513p164,desparsified,8,513,164,2.8537057698704302
