aupr,auroc,f1,f1_opt,mcc,shd,precision,recall,tp,fp,tn,fn,topology,config,method,rep,n,p,wall_seconds
0.7845708766706849,0.9221782409727094,0.43076923076923085,0.7789473684210527,0.5158707532170322,37,1.0,0.27450980392156865,14,0,1174,37,random,n100p50,desparsified,22,100,50,0.07794407429173589
