aupr,auroc,f1,f1_opt,mcc,shd,precision,recall,tp,fp,tn,fn,topology,config,method,rep,n,p,wall_seconds
0.9547795140068902,0.9941363921839202,0.680327868852459,0.9215686274509803,0.7038931853642326,78,0.9764705882352941,0.5220125786163522,83,2,2842,76,random,n237p78,desparsified,1,237,78,0.3990883049555123
