aupr,auroc,f1,f1_opt,mcc,shd,precision,recall,tp,fp,tn,fn,topology,config,method,rep,n,p,wall_seconds
0.7442825440056725,0.8924584909993112,0.2979942693409742,0.7245283018867925,0.39686104601356803,245,0.9811320754716981,0.17567567567567569,52,1,2706,244,scale-free,n237p78,desparsified,33,237,78,0.3849139506928623
