aupr,auroc,f1,f1_opt,mcc,shd,precision,recall,tp,fp,tn,fn,topology,config,method,rep,n,p,wall_seconds
0.9731066516965932,0.994974743630812,0.7770700636942675,0.9254843517138599,0.7884430799598584,245,0.9930232558139535,0.6382660687593423,427,3,12694,242,random,n513p164,desparsified,30,513,164,3.3605152489617467
