aupr,auroc,f1,f1_opt,mcc,shd,precision,recall,tp,fp,tn,fn,topology,config,method,rep,n,p,wall_seconds
0.6452490402217594,0.8486334034769213,0.21052631578947367,0.6589698046181172,0.31702256647629695,1110,0.9367088607594937,0.11858974358974358,148,10,12108,1100,scale-free,n513p164,desparsified,48,513,164,3.291856072843075
