aupr,auroc,f1,f1_opt,mcc,shd,precision,recall,tp,fp,tn,fn,topology,config,method,rep,n,p,wall_seconds
0.6989133127363545,0.8872792260306113,0.2922636103151862,0.6918032786885245,0.3883767384048689,247,0.9622641509433962,0.17229729729729729,51,2,2705,245,scale-free,n237p78,desparsified,11,237,78,0.08791914489120245
