aupr,auroc,f1,f1_opt,mcc,shd,precision,recall,tp,fp,tn,fn,topology,config,method,rep,n,p,wall_seconds
0.7593789568509122,0.9038238190530321,0.4323040380047506,0.7520172135556752,0.5044138607701736,717,0.9715302491103203,0.2780040733197556,273,8,12376,709,cluster,n513p164,desparsified,4,513,164,2.5214138021692634
