aupr,auroc,f1,f1_opt,mcc,shd,precision,recall,tp,fp,tn,fn,topology,config,method,rep,n,p,wall_seconds
0.9299476870577568,0.9803788693048263,0.6649076517150396,0.8938775510204082,0.7008775901218685,127,0.9921259842519685,0.5,126,1,13113,126,hub,n513p164,desparsified,8,513,164,3.2850450458936393
