aupr,auroc,f1,f1_opt,mcc,shd,precision,recall,tp,fp,tn,fn,topology,config,method,rep,n,p,wall_seconds
0.8850653869196069,0.9965145228215768,0.5185185185185185,0.8235294117647058,0.588442323270592,13,1.0,0.35,7,0,1205,13,hub,n100p50,desparsified,37,100,50,0.15662268782034516
