aupr,auroc,f1,f1_opt,mcc,shd,precision,recall,tp,fp,tn,fn,topology,config,method,rep,n,p,wall_seconds
0.5785183859314187,0.8241345586064364,0.2857142857142857,0.6067415730337078,0.3945101627860737,80,1.0,0.16666666666666666,16,0,1129,80,scale-free,n100p50,desparsified,22,100,50,0.06223643384873867
