aupr,auroc,f1,f1_opt,mcc,shd,precision,recall,tp,fp,tn,fn,topology,config,method,rep,n,p,wall_seconds
0.973269450112145,0.9983147651637565,0.7509881422924901,0.9155844155844156,0.7652103450105486,63,0.9895833333333334,0.6050955414012739,95,1,2845,62,random,n237p78,desparsified,12,237,78,0.5704468609765172
