aupr,auroc,f1,f1_opt,mcc,shd,precision,recall,tp,fp,tn,fn,topology,config,method,rep,n,p,wall_seconds
0.9390227165130604,0.9837787754407796,0.7183673469387756,0.8952380952380953,0.7397580131628838,69,1.0,0.5605095541401274,88,0,2846,69,random,n237p78,desparsified,21,237,78,0.28657630970701575
