aupr,auroc,f1,f1_opt,mcc,shd,precision,recall,tp,fp,tn,fn,topology,config,method,rep,n,p,wall_seconds
0.7401622020419014,0.9143983402489627,0.5714285714285715,0.7692307692307692,0.629329703019579,12,1.0,0.4,8,0,1205,12,hub,n100p50,desparsified,9,100,50,0.29170171776786447
