aupr,auroc,f1,f1_opt,mcc,shd,precision,recall,tp,fp,tn,fn,topology,config,method,rep,n,p,wall_seconds
0.7426836075858322,0.9147717842323653,0.4,0.7567567567567567,0.4969167229105866,15,1.0,0.25,5,0,1205,15,hub,n100p50,desparsified,27,100,50,0.14299516286700964
