aupr,auroc,f1,f1_opt,mcc,shd,precision,recall,tp,fp,tn,fn,topology,config,method,rep,n,p,wall_seconds
0.6473010697946424,0.8700113204650985,0.2592592592592593,0.6826347305389221,0.34914726929908396,80,0.875,0.15217391304347827,14,2,1131,78,cluster,n100p50,desparsified,47,100,50,0.194337269756943
