aupr,auroc,f1,f1_opt,mcc,shd,precision,recall,tp,fp,tn,fn,topology,config,method,rep,n,p,wall_seconds
0.9661039658384682,0.9894831728943531,0.7531219980787704,0.9275808936825886,0.7685924258555178,257,0.9949238578680203,0.6058732612055642,392,2,12717,255,random,n513p164,desparsified,11,513,164,2.711013567633927
