aupr,auroc,f1,f1_opt,mcc,shd,precision,recall,tp,fp,tn,fn,topology,config,method,rep,n,p,wall_seconds
0.8385354570724501,0.9540373312597636,0.5898305084745763,0.7910447761194029,0.6239237154934774,121,0.9560439560439561,0.4264705882352941,87,4,2795,117,cluster,n237p78,desparsified,27,237,78,0.3365531889721751
