aupr,auroc,f1,f1_opt,mcc,shd,precision,recall,tp,fp,tn,fn,topology,config,method,rep,n,p,wall_seconds
0.7884251931829683,0.9412875536480687,0.30985915492957744,0.7804878048780488,0.4194443383726392,49,1.0,0.18333333333333332,11,0,1165,49,random,n100p50,desparsified,3,100,50,0.24142033187672496
