aupr,auroc,f1,f1_opt,mcc,shd,precision,recall,tp,fp,tn,fn,topology,config,method,rep,n,p,wall_seconds
0.723703308067517,0.8894194562734595,0.44293272864701433,0.73890608875129,0.507505759396993,737,0.9512987012987013,0.28866995073891627,293,15,12336,722,cluster,n513p164,desparsified,5,513,164,3.3680685739964247
