aupr,auroc,f1,f1_opt,mcc,shd,precision,recall,tp,fp,tn,fn,topology,config,method,rep,n,p,wall_seconds
0.9649911835112295,0.9908194684174321,0.7722586691658856,0.9235618597320726,0.7848519804486819,243,0.9951690821256038,0.6309341500765697,412,2,12711,241,random,n513p164,desparsified,28,513,164,0.401098171249032
