aupr,auroc,f1,f1_opt,mcc,shd,precision,recall,tp,fp,tn,fn,topology,config,method,rep,n,p,wall_seconds
0.9552890375489568,0.993597233501873,0.6896551724137931,0.8897338403041826,0.7176424437354731,63,1.0,0.5263157894736842,70,0,2870,63,random,n237p78,desparsified,6,237,78,0.996214970946312
