aupr,auroc,f1,f1_opt,mcc,shd,precision,recall,tp,fp,tn,fn,topology,config,method,rep,n,p,wall_seconds
0.7653599873306232,0.9103469917214669,0.48012470771628996,0.7605633802816902,0.5354928941420379,667,0.9447852760736196,0.3218390804597701,308,18,12391,649,cluster,n513p164,desparsified,18,513,164,3.459731556009501
