aupr,auroc,f1,f1_opt,mcc,shd,precision,recall,tp,fp,tn,fn,topology,config,method,rep,n,p,wall_seconds
0.6130605006390621,0.8414287998720716,0.2857142857142857,0.674698795180723,0.3723635970272304,75,0.8823529411764706,0.17045454545454544,15,2,1135,73,cluster,n100p50,desparsified,13,100,50,0.28776139486581087
