aupr,auroc,f1,f1_opt,mcc,shd,precision,recall,tp,fp,tn,fn,topology,config,method,rep,n,p,wall_seconds
0.6651551313975494,0.8542363606163325,0.1968390804597701,0.6832740213523132,0.3077567453908574,1118,0.9513888888888888,0.10977564102564102,137,7,12111,1111,scale-free,n513p164,desparsified,7,513,164,2.670352016109973
