aupr,auroc,f1,f1_opt,mcc,shd,precision,recall,tp,fp,tn,fn,topology,config,method,rep,n,p,wall_seconds
0.7473422968750194,0.911106964925768,0.30199430199430194,0.7363344051446945,0.3963997155799026,245,0.9636363636363636,0.17905405405405406,53,2,2705,243,scale-free,n237p78,desparsified,47,237,78,0.20364707196131349
