aupr,auroc,f1,f1_opt,mcc,shd,precision,recall,tp,fp,tn,fn,topology,config,method,rep,n,p,wall_seconds
0.8622815145308641,0.955876390224614,0.6461538461538461,0.8318181818181818,0.6660972698341289,115,0.9459459459459459,0.49065420560747663,105,6,2783,109,cluster,n237p78,desparsified,23,237,78,0.5924028209410608
