aupr,auroc,f1,f1_opt,mcc,shd,precision,recall,tp,fp,tn,fn,topology,config,method,rep,n,p,wall_seconds
0.7926497866424367,0.9213069359153073,0.5510204081632653,0.7786259541984732,0.5924691253245226,132,0.9529411764705882,0.3875598086124402,81,4,2790,128,cluster,n237p78,desparsified,29,237,78,0.5725766308605671
