aupr,auroc,f1,f1_opt,mcc,shd,precision,recall,tp,fp,tn,fn,topology,config,method,rep,n,p,wall_seconds
0.9671715106602476,0.9919063571062563,0.7500000000000001,0.9199999999999999,0.7657701755465761,280,0.997624703087886,0.6008583690987125,420,1,12666,279,random,n513p164,desparsified,36,513,164,3.1700471779331565
