aupr,auroc,f1,f1_opt,mcc,shd,precision,recall,tp,fp,tn,fn,topology,config,method,rep,n,p,wall_seconds
0.9470732758552096,0.9902632658478319,0.6846846846846847,0.8951048951048951,0.710375809942032,70,0.987012987012987,0.5241379310344828,76,1,2857,69,random,n237p78,desparsified,35,237,78,0.26445781299844384
