aupr,auroc,f1,f1_opt,mcc,shd,precision,recall,tp,fp,tn,fn,topology,config,method,rep,n,p,wall_seconds
0.7226088747559263,0.910300925925926,0.24324324324324326,0.7563025210084033,0.3456306634931197,56,0.9,0.140625,9,1,1160,55,random,n100p50,desparsified,9,100,50,0.23273962177336216
