aupr,auroc,f1,f1_opt,mcc,shd,precision,recall,tp,fp,tn,fn,topology,config,method,rep,n,p,wall_seconds
0.9100555953051962,0.9751108106077682,0.6567164179104478,0.891566265060241,0.696503303056426,23,1.0,0.4888888888888889,22,0,2958,23,hub,n237p78,desparsified,38,237,78,0.8034167881123722
