aupr,auroc,f1,f1_opt,mcc,shd,precision,recall,tp,fp,tn,fn,topology,config,method,rep,n,p,wall_seconds
0.9694838707317112,0.9951902909185616,0.7784200385356455,0.9270998415213947,0.7903746690430288,230,0.9950738916256158,0.6392405063291139,404,2,12732,228,random,n513p164,desparsified,45,513,164,3.3632990391924977
