aupr,auroc,f1,f1_opt,mcc,shd,precision,recall,tp,fp,tn,fn,topology,config,method,rep,n,p,wall_seconds
0.8134901448735234,0.9669197870297634,0.4166666666666667,0.7500000000000001,0.5100373025996634,14,1.0,0.2631578947368421,5,0,1206,14,hub,n100p50,desparsified,3,100,50,0.14568270510062575
