aupr,auroc,f1,f1_opt,mcc,shd,precision,recall,tp,fp,tn,fn,topology,config,method,rep,n,p,wall_seconds
0.9776860310251273,0.9938342673382042,0.8152753108348135,0.9361702127659576,0.8225324946683576,208,0.9978260869565218,0.6891891891891891,459,1,12699,207,random,n513p164,desparsified,33,513,164,3.152629617135972
