aupr,auroc,f1,f1_opt,mcc,shd,precision,recall,tp,fp,tn,fn,topology,config,method,rep,n,p,wall_seconds
0.9485170744041054,0.9866059341016388,0.6851851851851851,0.8955223880597014,0.7134621376843527,68,1.0,0.5211267605633803,74,0,2861,68,random,n237p78,desparsified,16,237,78,0.8484193128533661
