aupr,auroc,f1,f1_opt,mcc,shd,precision,recall,tp,fp,tn,fn,topology,config,method,rep,n,p,wall_seconds
0.6514968058233318,0.8556045887039606,0.20481927710843373,0.6594202898550725,0.3125825332646584,264,0.9444444444444444,0.11486486486486487,34,2,2705,262,scale-free,n237p78,desparsified,15,237,78,0.46616056421771646
