aupr,auroc,f1,f1_opt,mcc,shd,precision,recall,tp,fp,tn,fn,topology,config,method,rep,n,p,wall_seconds
0.7501171300640084,0.9404564315352697,0.33333333333333337,0.7441860465116279,0.44427378650917204,16,1.0,0.2,4,0,1205,16,hub,n100p50,desparsified,36,100,50,0.10744612291455269
