aupr,auroc,f1,f1_opt,mcc,shd,precision,recall,tp,fp,tn,fn,topology,config,method,rep,n,p,wall_seconds
0.8263315922552448,0.9725412099892433,0.4473684210526315,0.7339449541284404,0.5273685939202358,42,1.0,0.288135593220339,17,0,1166,42,random,n100p50,desparsified,39,100,50,0.251149520277977
