aupr,auroc,f1,f1_opt,mcc,shd,precision,recall,tp,fp,tn,fn,topology,config,method,rep,n,p,wall_seconds
0.9083324071326138,0.9849655333567006,0.5660377358490567,0.8551236749116607,0.611718145146505,92,0.967741935483871,0.4,60,2,2851,90,random,n237p78,desparsified,18,237,78,0.9768159291706979
