aupr,auroc,f1,f1_opt,mcc,shd,precision,recall,tp,fp,tn,fn,topology,config,method,rep,n,p,wall_seconds
0.5462444018247102,0.8104797391709362,0.17307692307692307,0.5942857142857143,0.29670979694157057,86,1.0,0.09473684210526316,9,0,1130,86,cluster,n100p50,desparsified,8,100,50,0.08074051607400179
