aupr,auroc,f1,f1_opt,mcc,shd,precision,recall,tp,fp,tn,fn,topology,config,method,rep,n,p,wall_seconds
0.8653946995464854,0.9691078838174274,0.6666666666666666,0.8571428571428571,0.7041908645122794,10,1.0,0.5,10,0,1205,10,hub,n100p50,desparsified,7,100,50,0.11430744268000126
