aupr,auroc,f1,f1_opt,mcc,shd,precision,recall,tp,fp,tn,fn,topology,config,method,rep,n,p,wall_seconds
0.770462358404538,0.9140716918974039,0.3855421686746988,0.7656250000000001,0.46621189415036435,51,0.9411764705882353,0.24242424242424243,16,1,1158,50,random,n100p50,desparsified,36,100,50,0.158926613163203
