aupr,auroc,f1,f1_opt,mcc,shd,precision,recall,tp,fp,tn,fn,topology,config,method,rep,n,p,wall_seconds
0.7779049336376532,0.9145185427273977,0.4386617100371747,0.7538461538461538,0.5092464791663536,151,0.9672131147540983,0.28365384615384615,59,2,2793,149,cluster,n237p78,desparsified,25,237,78,0.26309048803523183
