aupr,auroc,f1,f1_opt,mcc,shd,precision,recall,tp,fp,tn,fn,topology,config,method,rep,n,p,wall_seconds
0.8236749980734941,0.9688400104739461,0.4799999999999999,0.8235294117647058,0.558946995204409,13,1.0,0.3157894736842105,6,0,1206,13,hub,n100p50,desparsified,40,100,50,0.3173394282348454
