aupr,auroc,f1,f1_opt,mcc,shd,precision,recall,tp,fp,tn,fn,topology,config,method,rep,n,p,wall_seconds
0.807477744599041,0.9363549845348562,0.4569288389513109,0.7961630695443643,0.5142576921427705,145,0.9242424242424242,0.3034825870646766,61,5,2797,140,cluster,n237p78,desparsified,49,237,78,1.3387297079898417
