aupr,auroc,f1,f1_opt,mcc,shd,precision,recall,tp,fp,tn,fn,topology,config,method,rep,n,p,wall_seconds
0.8530473331649432,0.9720722458764605,0.5863013698630137,0.8172484599589321,0.635026891914162,151,0.9727272727272728,0.4196078431372549,107,3,13108,148,hub,n513p164,desparsified,2,513,164,1.4358839401975274
