aupr,auroc,f1,f1_opt,mcc,shd,precision,recall,tp,fp,tn,fn,topology,config,method,rep,n,p,wall_seconds
0.8241717542958963,0.9393772435659093,0.460431654676259,0.8173076923076923,0.5261819062285075,150,0.9696969696969697,0.3018867924528302,64,2,2789,148,cluster,n237p78,desparsified,12,237,78,0.4412689059972763
