aupr,auroc,f1,f1_opt,mcc,shd,precision,recall,tp,fp,tn,fn,topology,config,method,rep,n,p,wall_seconds
0.8145001466023052,0.9330002064125499,0.46323529411764697,0.7917737789203084,0.5318592238560386,146,0.984375,0.30288461538461536,63,1,2794,145,cluster,n237p78,desparsified,17,237,78,0.6337796971201897
