aupr,auroc,f1,f1_opt,mcc,shd,precision,recall,tp,fp,tn,fn,topology,config,method,rep,n,p,wall_seconds
0.8720979042650392,0.9524107405350668,0.6012658227848102,0.8403755868544601,0.6390711320389116,126,0.9895833333333334,0.4318181818181818,95,1,2782,125,cluster,n237p78,desparsified,37,237,78,0.14596002595499158
