aupr,auroc,f1,f1_opt,mcc,shd,precision,recall,tp,fp,tn,fn,topology,config,method,rep,n,p,wall_seconds
0.6645250527472565,0.8572010645321011,0.2263083451202263,0.6821000413393965,0.3355109137647075,1094,0.963855421686747,0.1282051282051282,160,6,12112,1088,scale-free,n513p164,desparsified,4,513,164,2.39780905097723
