aupr,auroc,f1,f1_opt,mcc,shd,precision,recall,tp,fp,tn,fn,topology,config,method,rep,n,p,wall_seconds
0.8719446217389747,0.9685886103010766,0.5810055865921788,0.8305084745762712,0.6362528926702766,150,1.0,0.4094488188976378,104,0,13112,150,hub,n513p164,desparsified,6,513,164,3.8350091599859297
