aupr,auroc,f1,f1_opt,mcc,shd,precision,recall,tp,fp,tn,fn,topology,config,method,rep,n,p,wall_seconds
0.7700561315295804,0.9093236715806167,0.47247706422018354,0.7616974972796517,0.5331154874793802,690,0.9626168224299065,0.3130699088145897,309,12,12367,678,cluster,n513p164,desparsified,28,513,164,3.2842420460656285
