aupr,auroc,f1,f1_opt,mcc,shd,precision,recall,tp,fp,tn,fn,topology,config,method,rep,n,p,wall_seconds
0.6533271201999011,0.8502798734453091,0.22206506364922204,0.6715899218071243,0.32854530729013515,1100,0.9457831325301205,0.12580128205128205,157,9,12109,1091,scale-free,n513p164,desparsified,34,513,164,2.9683995568193495
