aupr,auroc,f1,f1_opt,mcc,shd,precision,recall,tp,fp,tn,fn,topology,config,method,rep,n,p,wall_seconds
0.6557612998679407,0.8604303935731652,0.2434782608695652,0.6666666666666667,0.35868599098722415,87,1.0,0.13861386138613863,14,0,1124,87,cluster,n100p50,desparsified,6,100,50,0.09150480292737484
