aupr,auroc,f1,f1_opt,mcc,shd,precision,recall,tp,fp,tn,fn,topology,config,method,rep,n,p,wall_seconds
0.8349803503720745,0.9622975364702517,0.4956268221574344,0.78515625,0.5656638043815884,173,0.9770114942528736,0.33203125,85,2,13108,171,hub,n513p164,desparsified,35,513,164,3.6209196536801755
