aupr,auroc,f1,f1_opt,mcc,shd,precision,recall,tp,fp,tn,fn,topology,config,method,rep,n,p,wall_seconds
0.8383099061429576,0.9683799342105263,0.5490196078431372,0.7905138339920948,0.6055268985099336,161,0.9702970297029703,0.3828125,98,3,13107,158,hub,n513p164,desparsified,48,513,164,3.628320155199617
