aupr,auroc,f1,f1_opt,mcc,shd,precision,recall,tp,fp,tn,fn,topology,config,method,rep,n,p,wall_seconds
0.8208128832163097,0.941707509436088,0.37333333333333335,0.7719298245614035,0.4696815698217553,47,1.0,0.22950819672131148,14,0,1164,47,random,n100p50,desparsified,44,100,50,0.16288249101489782
