aupr,auroc,f1,f1_opt,mcc,shd,precision,recall,tp,fp,tn,fn,topology,config,method,rep,n,p,wall_seconds
0.7897844659699027,0.9418257261410787,0.5185185185185185,0.7894736842105262,0.588442323270592,13,1.0,0.35,7,0,1205,13,hub,n100p50,desparsified,1,100,50,0.20482745487242937
