aupr,auroc,f1,f1_opt,mcc,shd,precision,recall,tp,fp,tn,fn,topology,config,method,rep,n,p,wall_seconds
0.8260410694856076,0.9389212127210579,0.5754385964912281,0.7906976744186046,0.6197009046819527,121,0.9879518072289156,0.40594059405940597,82,1,2800,120,cluster,n237p78,desparsified,35,237,78,0.5610385457985103
