aupr,auroc,f1,f1_opt,mcc,shd,precision,recall,tp,fp,tn,fn,topology,config,method,rep,n,p,wall_seconds
0.9848385513536692,0.9996694463225904,0.8750000000000001,0.9438202247191012,0.8804301407291792,10,1.0,0.7777777777777778,35,0,2958,10,hub,n237p78,desparsified,21,237,78,0.5353185823187232
