aupr,auroc,f1,f1_opt,mcc,shd,precision,recall,tp,fp,tn,fn,topology,config,method,rep,n,p,wall_seconds
0.7693057890214919,0.903465989077367,0.4304461942257218,0.7532956685499057,0.49592859729836974,217,0.9647058823529412,0.27702702702702703,82,3,2704,214,scale-free,n237p78,desparsified,48,237,78,0.34462020779028535
