aupr,auroc,f1,f1_opt,mcc,shd,precision,recall,tp,fp,tn,fn,topology,config,method,rep,n,p,wall_seconds
0.9359573789431528,0.9968672526481858,0.7837837837837839,0.8988764044943819,0.800610616552436,16,1.0,0.6444444444444445,29,0,2958,16,hub,n237p78,desparsified,39,237,78,0.7257368098944426
