aupr,auroc,f1,f1_opt,mcc,shd,precision,recall,tp,fp,tn,fn,topology,config,method,rep,n,p,wall_seconds
0.7772945074816233,0.9128717965872641,0.5052005943536404,0.7742273441592458,0.5582529306552294,666,0.9631728045325779,0.3423967774420947,340,13,12360,653,cluster,n513p164,desparsified,45,513,164,3.6323327189311385
