aupr,auroc,f1,f1_opt,mcc,shd,precision,recall,tp,fp,tn,fn,topology,config,method,rep,n,p,wall_seconds
0.9843084034984667,0.9962997509033418,0.8317349607672188,0.9496183206106869,0.837145973955627,193,0.997907949790795,0.7130044843049327,477,1,12696,192,random,n513p164,desparsified,6,513,164,3.0416971063241363
