aupr,auroc,f1,f1_opt,mcc,shd,precision,recall,tp,fp,tn,fn,topology,config,method,rep,n,p,wall_seconds
0.79802829662509,0.9596300666555998,0.4537313432835821,0.7654867256637168,0.5280493358343021,183,0.95,0.2980392156862745,76,4,13107,179,hub,n513p164,desparsified,37,513,164,4.022583462297916
