aupr,auroc,f1,f1_opt,mcc,shd,precision,recall,tp,fp,tn,fn,topology,config,method,rep,n,p,wall_seconds
0.9557043384684079,0.9872268734175442,0.7085714285714287,0.9182582123758595,0.7309744487020001,306,0.9946524064171123,0.5502958579881657,372,2,12688,304,random,n513p164,desparsified,41,513,164,2.7696010353975
