aupr,auroc,f1,f1_opt,mcc,shd,precision,recall,tp,fp,tn,fn,topology,config,method,rep,n,p,wall_seconds
0.7478823128140284,0.9017613110979799,0.49779086892488955,0.7519339865910264,0.5464356201769852,682,0.9362880886426593,0.33901705115346037,338,23,12346,659,cluster,n513p164,desparsified,47,513,164,3.7867203592322767
