aupr,auroc,f1,f1_opt,mcc,shd,precision,recall,tp,fp,tn,fn,topology,config,method,rep,n,p,wall_seconds
0.6718295701833515,0.859361378601868,0.22537207654145994,0.686163247490179,0.3368592899638517,1093,0.9754601226993865,0.12740384615384615,159,4,12114,1089,scale-free,n513p164,desparsified,26,513,164,2.486403414979577
