aupr,auroc,f1,f1_opt,mcc,shd,precision,recall,tp,fp,tn,fn,topology,config,method,rep,n,p,wall_seconds
0.9525884950831647,0.9966609382193797,0.6695278969957081,0.8917197452229298,0.6975529286017625,77,0.9873417721518988,0.5064935064935064,78,1,2848,76,random,n237p78,desparsified,15,237,78,1.038465972058475
