aupr,auroc,f1,f1_opt,mcc,shd,precision,recall,tp,fp,tn,fn,topology,config,method,rep,n,p,wall_seconds
0.7439599215055903,0.8966898543989387,0.46581517655897825,0.7532210109018831,0.5244506166548559,711,0.9480122324159022,0.30876494023904383,310,17,12345,694,cluster,n513p164,desparsified,9,513,164,3.769843351095915
