aupr,auroc,f1,f1_opt,mcc,shd,precision,recall,tp,fp,tn,fn,topology,config,method,rep,n,p,wall_seconds
0.7571159202898277,0.9099319727891156,0.22784810126582278,0.7234042553191489,0.349459168611035,61,1.0,0.12857142857142856,9,0,1155,61,random,n100p50,desparsified,41,100,50,0.1058170679025352
