aupr,auroc,f1,f1_opt,mcc,shd,precision,recall,tp,fp,tn,fn,topology,config,method,rep,n,p,wall_seconds
0.7302673737944753,0.8924315975286848,0.30909090909090914,0.7162162162162162,0.4028104243735288,76,0.9444444444444444,0.18478260869565216,17,1,1132,75,cluster,n100p50,desparsified,34,100,50,0.1243750979192555
