aupr,auroc,f1,f1_opt,mcc,shd,precision,recall,tp,fp,tn,fn,topology,config,method,rep,n,p,wall_seconds
0.4401386453517314,0.7745885001476231,0.16666666666666666,0.5026737967914437,0.24856817635014117,90,0.75,0.09375,9,3,1126,87,scale-free,n100p50,desparsified,28,100,50,0.035895387176424265
