aupr,auroc,f1,f1_opt,mcc,shd,precision,recall,tp,fp,tn,fn,topology,config,method,rep,n,p,wall_seconds
0.719095332593721,0.8848849362148277,0.3289124668435013,0.730092204526404,0.4165513012355463,1012,0.9538461538461539,0.1987179487179487,248,12,12106,1000,scale-free,n513p164,desparsified,35,513,164,2.3817530437372625
