aupr,auroc,f1,f1_opt,mcc,shd,precision,recall,tp,fp,tn,fn,topology,config,method,rep,n,p,wall_seconds
0.6832985111232086,0.8720885602892753,0.3106796116504854,0.6928104575163399,0.41606228092216324,71,1.0,0.1839080459770115,16,0,1138,71,cluster,n100p50,desparsified,3,100,50,0.06883527804166079
