aupr,auroc,f1,f1_opt,mcc,shd,precision,recall,tp,fp,tn,fn,topology,config,method,rep,n,p,wall_seconds
0.9719286387475051,0.9912447455085812,0.8340807174887892,0.9285714285714285,0.8404098165739228,37,1.0,0.7153846153846154,93,0,2873,37,random,n237p78,desparsified,34,237,78,0.37840850790962577
