aupr,auroc,f1,f1_opt,mcc,shd,precision,recall,tp,fp,tn,fn,topology,config,method,rep,n,p,wall_seconds
0.6176205231611722,0.8374672292965327,0.14940828402366865,0.6481405803024112,0.2671639269771076,1150,0.9711538461538461,0.08092948717948718,101,3,12115,1147,scale-free,n513p164,desparsified,38,513,164,2.054768417030573
