aupr,auroc,f1,f1_opt,mcc,shd,precision,recall,tp,fp,tn,fn,topology,config,method,rep,n,p,wall_seconds
0.7052943650099042,0.87346012077816,0.27391603578802476,0.7099204688154039,0.376347675139654,1055,0.9707317073170731,0.1594551282051282,199,6,12112,1049,scale-free,n513p164,desparsified,17,513,164,3.152594179380685
