aupr,auroc,f1,f1_opt,mcc,shd,precision,recall,tp,fp,tn,fn,topology,config,method,rep,n,p,wall_seconds
0.9287562728152454,0.987213582751108,0.7222222222222221,0.9090909090909092,0.7432135927667471,20,0.9629629629629629,0.5777777777777777,26,1,2957,19,hub,n237p78,desparsified,42,237,78,0.4506655568256974
