aupr,auroc,f1,f1_opt,mcc,shd,precision,recall,tp,fp,tn,fn,topology,config,method,rep,n,p,wall_seconds
0.9601282194470321,0.994431458496964,0.6929824561403509,0.8904593639575972,0.719380583343059,70,1.0,0.5302013422818792,79,0,2854,70,random,n237p78,desparsified,25,237,78,0.10408048005774617
