aupr,auroc,f1,f1_opt,mcc,shd,precision,recall,tp,fp,tn,fn,topology,config,method,rep,n,p,wall_seconds
0.7084401831407399,0.8671858833267491,0.33628318584070793,0.7231638418079096,0.4353820523304547,75,1.0,0.20212765957446807,19,0,1131,75,cluster,n100p50,desparsified,1,100,50,0.08422817010432482
