aupr,auroc,f1,f1_opt,mcc,shd,precision,recall,tp,fp,tn,fn,topology,config,method,rep,n,p,wall_seconds
0.6319906725487627,0.8810986861529377,0.2342342342342342,0.6633165829145728,0.32658602540961396,85,0.8666666666666667,0.13541666666666666,13,2,1127,83,scale-free,n100p50,desparsified,49,100,50,0.06741050584241748
