aupr,auroc,f1,f1_opt,mcc,shd,precision,recall,tp,fp,tn,fn,topology,config,method,rep,n,p,wall_seconds
0.9777133193557961,0.9994440688152656,0.888888888888889,0.9411764705882353,0.8930695977190528,9,1.0,0.8,36,0,2958,9,hub,n237p78,desparsified,37,237,78,0.7218618509359658
