aupr,auroc,f1,f1_opt,mcc,shd,precision,recall,tp,fp,tn,fn,topology,config,method,rep,n,p,wall_seconds
0.7535172821352181,0.9050159621012279,0.5003615328994938,0.7591463414634146,0.5462181488021682,691,0.9276139410187667,0.3425742574257426,346,27,12329,664,cluster,n513p164,desparsified,46,513,164,2.4086217591539025
