aupr,auroc,f1,f1_opt,mcc,shd,precision,recall,tp,fp,tn,fn,topology,config,method,rep,n,p,wall_seconds
0.5028054582773447,0.7967135370534397,0.07999999999999999,0.5276595744680852,0.19628337557511977,92,1.0,0.041666666666666664,4,0,1129,92,scale-free,n100p50,desparsified,8,100,50,0.03497279481962323
