aupr,auroc,f1,f1_opt,mcc,shd,precision,recall,tp,fp,tn,fn,topology,config,method,rep,n,p,wall_seconds
0.6947752954104209,0.8698070068590941,0.26392961876832843,0.7005649717514124,0.3729970906983404,251,1.0,0.15202702702702703,45,0,2707,251,scale-free,n237p78,desparsified,34,237,78,0.8498357669450343
