aupr,auroc,f1,f1_opt,mcc,shd,precision,recall,tp,fp,tn,fn,topology,config,method,rep,n,p,wall_seconds
0.6705325190017698,0.8640386757779273,0.22913719943422914,0.67458432304038,0.34015465141442236,1090,0.9759036144578314,0.12980769230769232,162,4,12114,1086,scale-free,n513p164,desparsified,47,513,164,2.228440954349935
