aupr,auroc,f1,f1_opt,mcc,shd,precision,recall,tp,fp,tn,fn,topology,config,method,rep,n,p,wall_seconds
0.7554595767068097,0.8925974183382827,0.456140350877193,0.7738095238095237,0.5213095598206362,62,0.9629629629629629,0.2988505747126437,26,1,1137,61,cluster,n100p50,desparsified,45,100,50,0.23973537515848875
