aupr,auroc,f1,f1_opt,mcc,shd,precision,recall,tp,fp,tn,fn,topology,config,method,rep,n,p,wall_seconds
0.9649473365165212,0.9924565975309867,0.7332053742802304,0.9239046887009992,0.7512345868688309,278,0.9922077922077922,0.5814307458143074,382,3,12706,275,random,n513p164,desparsified,35,513,164,3.3894217177294195
