aupr,auroc,f1,f1_opt,mcc,shd,precision,recall,tp,fp,tn,fn,topology,config,method,rep,n,p,wall_seconds
0.7490244416087312,0.9017464305796336,0.44065166795965865,0.7445099089448314,0.505168696516722,721,0.9466666666666667,0.2871587462082912,284,16,12361,705,cluster,n513p164,desparsified,25,513,164,3.818834764882922
