aupr,auroc,f1,f1_opt,mcc,shd,precision,recall,tp,fp,tn,fn,topology,config,method,rep,n,p,wall_seconds
0.8933193637920285,0.9715560165975105,0.7499999999999999,0.8648648648648648,0.7720381265974063,8,1.0,0.6,12,0,1205,8,hub,n100p50,desparsified,46,100,50,0.05260973097756505
