aupr,auroc,f1,f1_opt,mcc,shd,precision,recall,tp,fp,tn,fn,topology,config,method,rep,n,p,wall_seconds
0.7447383701563866,0.9045362929529563,0.47660818713450287,0.7451371571072319,0.528719461548728,716,0.9314285714285714,0.32023575638506874,326,24,12324,692,cluster,n513p164,desparsified,19,513,164,3.516721234191209
