aupr,auroc,f1,f1_opt,mcc,shd,precision,recall,tp,fp,tn,fn,topology,config,method,rep,n,p,wall_seconds
0.9457699097910116,0.9834971084147643,0.6619718309859155,0.8996226415094339,0.6936649577156786,336,0.996969696969697,0.4954819277108434,329,1,12701,335,random,n513p164,desparsified,15,513,164,1.8287383359856904
