aupr,auroc,f1,f1_opt,mcc,shd,precision,recall,tp,fp,tn,fn,topology,config,method,rep,n,p,wall_seconds
0.9664676562259311,0.9930870812503466,0.715370018975332,0.918032786885246,0.7366154140645741,300,0.9947229551451188,0.5585185185185185,377,2,12689,298,random,n513p164,desparsified,13,513,164,3.129553568083793
