aupr,auroc,f1,f1_opt,mcc,shd,precision,recall,tp,fp,tn,fn,topology,config,method,rep,n,p,wall_seconds
0.94327237233781,0.9981819547742469,0.676470588235294,0.9047619047619048,0.712276496598241,22,1.0,0.5111111111111111,23,0,2958,22,hub,n237p78,desparsified,45,237,78,0.8835282470099628
