aupr,auroc,f1,f1_opt,mcc,shd,precision,recall,tp,fp,tn,fn,topology,config,method,rep,n,p,wall_seconds
0.7552070700078808,0.9054505512554013,0.45743893412287195,0.7519920318725098,0.5157516862499172,733,0.939209726443769,0.30234833659491195,309,20,12324,713,cluster,n513p164,desparsified,16,513,164,3.8449258799664676
