aupr,auroc,f1,f1_opt,mcc,shd,precision,recall,tp,fp,tn,fn,topology,config,method,rep,n,p,wall_seconds
0.8196174500417862,0.9272125723738628,0.32258064516129037,0.7826086956521738,0.4269601594405773,63,1.0,0.19230769230769232,15,0,1147,63,cluster,n100p50,desparsified,28,100,50,0.051763264928013086
