aupr,auroc,f1,f1_opt,mcc,shd,precision,recall,tp,fp,tn,fn,topology,config,method,rep,n,p,wall_seconds
0.9449130639097745,0.9979253112033195,0.787878787878788,0.9230769230769231,0.8038941936520371,7,1.0,0.65,13,0,1205,7,hub,n100p50,desparsified,48,100,50,0.055016887839883566
