aupr,auroc,f1,f1_opt,mcc,shd,precision,recall,tp,fp,tn,fn,topology,config,method,rep,n,p,wall_seconds
0.9693243239635869,0.9933958190182982,0.7452830188679245,0.9282511210762331,0.7617811076157539,270,0.9949622166246851,0.5957767722473605,395,2,12701,268,random,n513p164,desparsified,31,513,164,3.163399409968406
