aupr,auroc,f1,f1_opt,mcc,shd,precision,recall,tp,fp,tn,fn,topology,config,method,rep,n,p,wall_seconds
0.8710813624617268,0.9567853344723583,0.5821917808219178,0.8151658767772512,0.6223907491209524,122,0.9770114942528736,0.4146341463414634,85,2,2796,120,cluster,n237p78,desparsified,10,237,78,0.5677917101420462
