aupr,auroc,f1,f1_opt,mcc,shd,precision,recall,tp,fp,tn,fn,topology,config,method,rep,n,p,wall_seconds
0.5925802315509903,0.9317427385892116,0.2608695652173913,0.6046511627906976,0.3845949258061138,17,1.0,0.15,3,0,1205,17,hub,n100p50,desparsified,19,100,50,0.22612945036962628
