aupr,auroc,f1,f1_opt,mcc,shd,precision,recall,tp,fp,tn,fn,topology,config,method,rep,n,p,wall_seconds
0.4831810184952895,0.7872010628875111,0.15238095238095237,0.5638297872340425,0.25946126457178553,89,0.8888888888888888,0.08333333333333333,8,1,1128,88,scale-free,n100p50,desparsified,7,100,50,0.18945552222430706
