aupr,auroc,f1,f1_opt,mcc,shd,precision,recall,tp,fp,tn,fn,topology,config,method,rep,n,p,wall_seconds
0.8521020020341361,0.9588237315976281,0.5591397849462366,0.8077858880778589,0.5993302348017022,123,0.9512195121951219,0.39593908629441626,78,4,2802,119,cluster,n237p78,desparsified,36,237,78,0.5607402781024575
