aupr,auroc,f1,f1_opt,mcc,shd,precision,recall,tp,fp,tn,fn,topology,config,method,rep,n,p,wall_seconds
0.851343383475034,0.9688915608955808,0.553072625698324,0.8172484599589321,0.6068789859364487,160,0.9611650485436893,0.38823529411764707,99,4,13107,156,hub,n513p164,desparsified,20,513,164,3.7690698048099875
