aupr,auroc,f1,f1_opt,mcc,shd,precision,recall,tp,fp,tn,fn,topology,config,method,rep,n,p,wall_seconds
0.939130434782609,0.9981742738589212,0.787878787878788,0.9189189189189189,0.8038941936520371,7,1.0,0.65,13,0,1205,7,hub,n100p50,desparsified,47,100,50,0.17358365608379245
