aupr,auroc,f1,f1_opt,mcc,shd,precision,recall,tp,fp,tn,fn,topology,config,method,rep,n,p,wall_seconds
0.6256108155336092,0.8353631532329495,0.2545454545454546,0.6492146596858639,0.36872560825242057,82,1.0,0.14583333333333334,14,0,1129,82,scale-free,n100p50,desparsified,20,100,50,0.03500785119831562
