aupr,auroc,f1,f1_opt,mcc,shd,precision,recall,tp,fp,tn,fn,topology,config,method,rep,n,p,wall_seconds
0.8205682364314764,0.9403716488692454,0.554140127388535,0.8300970873786407,0.5945223176135562,140,0.9560439560439561,0.3901345291479821,87,4,2776,136,cluster,n237p78,desparsified,6,237,78,0.866180581972003
