aupr,auroc,f1,f1_opt,mcc,shd,precision,recall,tp,fp,tn,fn,topology,config,method,rep,n,p,wall_seconds
0.9750187151884211,0.999451581398843,0.8750000000000001,0.9438202247191012,0.8804301407291792,10,1.0,0.7777777777777778,35,0,2958,10,hub,n237p78,desparsified,43,237,78,0.8376024099998176
