aupr,auroc,f1,f1_opt,mcc,shd,precision,recall,tp,fp,tn,fn,topology,config,method,rep,n,p,wall_seconds
0.6189411200018005,0.8535577206967818,0.2222222222222222,0.6153846153846154,0.3410920341529133,84,1.0,0.125,12,0,1129,84,scale-free,n100p50,desparsified,1,100,50,0.17435738909989595
