aupr,auroc,f1,f1_opt,mcc,shd,precision,recall,tp,fp,tn,fn,topology,config,method,rep,n,p,wall_seconds
0.9523438073586283,0.987600480805349,0.7499999999999999,0.9230769230769231,0.7722505861065665,18,1.0,0.6,27,0,2958,18,hub,n237p78,desparsified,24,237,78,0.22904614079743624
