aupr,auroc,f1,f1_opt,mcc,shd,precision,recall,tp,fp,tn,fn,topology,config,method,rep,n,p,wall_seconds
0.9823341799855579,0.9996994966569004,0.8311688311688311,0.9302325581395349,0.8414270920390685,13,1.0,0.7111111111111111,32,0,2958,13,hub,n237p78,desparsified,23,237,78,0.6427500392310321
