aupr,auroc,f1,f1_opt,mcc,shd,precision,recall,tp,fp,tn,fn,topology,config,method,rep,n,p,wall_seconds
0.9545866063138153,0.9876346057989823,0.6830225711481845,0.9128127369219105,0.7106262891721273,323,0.997134670487106,0.5194029850746269,348,1,12695,322,random,n513p164,desparsified,21,513,164,1.6568573829717934
