aupr,auroc,f1,f1_opt,mcc,shd,precision,recall,tp,fp,tn,fn,topology,config,method,rep,n,p,wall_seconds
0.7253846628864951,0.8947029021502338,0.3615635179153094,0.7250384024577574,0.4465680486619536,784,0.9568965517241379,0.22289156626506024,222,10,12360,774,cluster,n513p164,desparsified,14,513,164,3.809973436873406
