aupr,auroc,f1,f1_opt,mcc,shd,precision,recall,tp,fp,tn,fn,topology,config,method,rep,n,p,wall_seconds
0.6371866808256628,0.8377230203975679,0.242603550295858,0.6654929577464788,0.35065374265335936,256,0.9761904761904762,0.13851351351351351,41,1,2706,255,scale-free,n237p78,desparsified,37,237,78,0.6770265931263566
