aupr,auroc,f1,f1_opt,mcc,shd,precision,recall,tp,fp,tn,fn,topology,config,method,rep,n,p,wall_seconds
0.8046772199920885,0.9309593695307443,0.5836065573770491,0.7869674185463659,0.6123634492060439,127,0.9270833333333334,0.4258373205741627,89,7,2787,120,cluster,n237p78,desparsified,41,237,78,1.808679771143943
