aupr,auroc,f1,f1_opt,mcc,shd,precision,recall,tp,fp,tn,fn,topology,config,method,rep,n,p,wall_seconds
0.6777464213972493,0.8666968321124329,0.24106517168885774,0.6806411837237977,0.34738655601487356,1083,0.9608938547486033,0.13782051282051283,172,7,12111,1076,scale-free,n513p164,desparsified,22,513,164,2.50926371011883
