aupr,auroc,f1,f1_opt,mcc,shd,precision,recall,tp,fp,tn,fn,topology,config,method,rep,n,p,wall_seconds
0.7189127584732165,0.9612487852283771,0.25,0.6741573033707865,0.3713906763541037,42,1.0,0.14285714285714285,7,0,1176,42,random,n100p50,desparsified,0,100,50,0.09462149580940604
