aupr,auroc,f1,f1_opt,mcc,shd,precision,recall,tp,fp,tn,fn,topology,config,method,rep,n,p,wall_seconds
0.6675321439594618,0.8624427959846471,0.2857142857142857,0.6344086021505377,0.3945101627860737,80,1.0,0.16666666666666666,16,0,1129,80,scale-free,n100p50,desparsified,43,100,50,0.035670698154717684
