aupr,auroc,f1,f1_opt,mcc,shd,precision,recall,tp,fp,tn,fn,topology,config,method,rep,n,p,wall_seconds
0.9642288979025706,0.9993914807302231,0.8354430379746834,0.8888888888888888,0.8417089688255864,13,0.9705882352941176,0.7333333333333333,33,1,2957,12,hub,n237p78,desparsified,40,237,78,1.037335701752454
