aupr,auroc,f1,f1_opt,mcc,shd,precision,recall,tp,fp,tn,fn,topology,config,method,rep,n,p,wall_seconds
0.9827171681859815,0.9995342198181955,0.891566265060241,0.967032967032967,0.8933297615631234,9,0.9736842105263158,0.8222222222222222,37,1,2957,8,hub,n237p78,desparsified,22,237,78,1.053638547193259
