aupr,auroc,f1,f1_opt,mcc,shd,precision,recall,tp,fp,tn,fn,topology,config,method,rep,n,p,wall_seconds
0.81526311896087,0.9239111879307769,0.3434343434343434,0.7919463087248323,0.44290153203759297,65,1.0,0.2073170731707317,17,0,1143,65,cluster,n100p50,desparsified,24,100,50,0.20619415817782283
