aupr,auroc,f1,f1_opt,mcc,shd,precision,recall,tp,fp,tn,fn,topology,config,method,rep,n,p,wall_seconds
0.7079987673825312,0.8770592258309288,0.2433234421364985,0.681135225375626,0.3557932246838779,255,1.0,0.13851351351351351,41,0,2707,255,scale-free,n237p78,desparsified,31,237,78,0.45918692788109183
