aupr,auroc,f1,f1_opt,mcc,shd,precision,recall,tp,fp,tn,fn,topology,config,method,rep,n,p,wall_seconds
0.8186079500022416,0.9596843535905473,0.4444444444444444,0.7619047619047619,0.5134851751719034,45,0.9473684210526315,0.2903225806451613,18,1,1162,44,random,n100p50,desparsified,8,100,50,0.035977419931441545
