aupr,auroc,f1,f1_opt,mcc,shd,precision,recall,tp,fp,tn,fn,topology,config,method,rep,n,p,wall_seconds
0.6234730890980705,0.862312925170068,0.3149606299212599,0.6545454545454545,0.3977493579528863,87,0.9090909090909091,0.19047619047619047,20,2,1118,85,cluster,n100p50,desparsified,29,100,50,0.04377481620758772
