aupr,auroc,f1,f1_opt,mcc,shd,precision,recall,tp,fp,tn,fn,topology,config,method,rep,n,p,wall_seconds
0.7245375760937198,0.8879100279178854,0.3481848184818481,0.7227722772277227,0.4376091935038433,790,0.9634703196347032,0.21248741188318226,211,8,12365,782,cluster,n513p164,desparsified,36,513,164,3.6799468640238047
