aupr,auroc,f1,f1_opt,mcc,shd,precision,recall,tp,fp,tn,fn,topology,config,method,rep,n,p,wall_seconds
0.6571446728105618,0.8597855772069678,0.13592233009708737,0.6666666666666667,0.2599780789462201,89,1.0,0.07291666666666667,7,0,1129,89,scale-free,n100p50,desparsified,37,100,50,0.0735878418199718
