aupr,auroc,f1,f1_opt,mcc,shd,precision,recall,tp,fp,tn,fn,topology,config,method,rep,n,p,wall_seconds
0.7290625397186066,0.8934585608597995,0.4294294294294294,0.7429451000513083,0.4966612800505218,760,0.9501661129568106,0.27740058195926287,286,15,12320,745,cluster,n513p164,desparsified,44,513,164,3.018520961049944
