aupr,auroc,f1,f1_opt,mcc,shd,precision,recall,tp,fp,tn,fn,topology,config,method,rep,n,p,wall_seconds
0.9618137555207271,0.9900348951923701,0.6639757820383451,0.9119010819165378,0.6953199239873549,333,0.996969696969697,0.4977307110438729,329,1,12704,332,random,n513p164,desparsified,22,513,164,1.8667664122767746
