aupr,auroc,f1,f1_opt,mcc,shd,precision,recall,tp,fp,tn,fn,topology,config,method,rep,n,p,wall_seconds
0.7268045438016251,0.8837716780319292,0.35555555555555557,0.708904109589041,0.4462605191306675,232,1.0,0.21621621621621623,64,0,2707,232,scale-free,n237p78,desparsified,16,237,78,0.6003789640963078
