aupr,auroc,f1,f1_opt,mcc,shd,precision,recall,tp,fp,tn,fn,topology,config,method,rep,n,p,wall_seconds
0.9185634877735993,0.9803037397228498,0.6218487394957983,0.8348348348348348,0.6613280541407303,90,1.0,0.45121951219512196,74,0,2839,90,random,n237p78,desparsified,11,237,78,0.5234598540700972
