aupr,auroc,f1,f1_opt,mcc,shd,precision,recall,tp,fp,tn,fn,topology,config,method,rep,n,p,wall_seconds
0.7318723411693558,0.8931548837348616,0.2774566473988439,0.7344028520499108,0.3760447920887022,250,0.96,0.16216216216216217,48,2,2705,248,scale-free,n237p78,desparsified,7,237,78,0.4725464400835335
