aupr,auroc,f1,f1_opt,mcc,shd,precision,recall,tp,fp,tn,fn,topology,config,method,rep,n,p,wall_seconds
0.7982710608411346,0.9668639265636847,0.45970149253731346,0.7606837606837608,0.5351397456958688,181,0.9625,0.30196078431372547,77,3,13108,178,hub,n513p164,desparsified,13,513,164,3.6965063819661736
