aupr,auroc,f1,f1_opt,mcc,shd,precision,recall,tp,fp,tn,fn,topology,config,method,rep,n,p,wall_seconds
0.9661161908975323,0.9916857193105875,0.7786259541984732,0.9206349206349206,0.7904140655606999,58,1.0,0.6375,102,0,2843,58,random,n237p78,desparsified,2,237,78,0.10773816937580705
