aupr,auroc,f1,f1_opt,mcc,shd,precision,recall,tp,fp,tn,fn,topology,config,method,rep,n,p,wall_seconds
0.7974663482198374,0.9649575794012214,0.46567164179104487,0.7577639751552795,0.5422301555574355,179,0.975,0.3058823529411765,78,2,13109,177,hub,n513p164,desparsified,12,513,164,3.0502064898610115
