aupr,auroc,f1,f1_opt,mcc,shd,precision,recall,tp,fp,tn,fn,topology,config,method,rep,n,p,wall_seconds
0.8337629295799149,0.9721699799771167,0.48396501457725943,0.7950819672131147,0.5520879299557485,177,0.9540229885057471,0.32421875,83,4,13106,173,hub,n513p164,desparsified,47,513,164,3.849435498006642
