aupr,auroc,f1,f1_opt,mcc,shd,precision,recall,tp,fp,tn,fn,topology,config,method,rep,n,p,wall_seconds
0.9652557342183324,0.9947841509616081,0.7768595041322313,0.910958904109589,0.7847611865671448,54,0.9690721649484536,0.6482758620689655,94,3,2855,51,random,n237p78,desparsified,30,237,78,0.7621541949920356
