aupr,auroc,f1,f1_opt,mcc,shd,precision,recall,tp,fp,tn,fn,topology,config,method,rep,n,p,wall_seconds
0.8921534039683695,0.9735471023718131,0.5833333333333334,0.8454935622317596,0.6362123356918489,150,0.9905660377358491,0.41338582677165353,105,1,13111,149,hub,n513p164,desparsified,0,513,164,1.0648344359360635
