aupr,auroc,f1,f1_opt,mcc,shd,precision,recall,tp,fp,tn,fn,topology,config,method,rep,n,p,wall_seconds
0.677088582155011,0.8708597080641779,0.20543806646525684,0.6802721088435374,0.3179891118661492,263,0.9714285714285714,0.11486486486486487,34,1,2706,262,scale-free,n237p78,desparsified,8,237,78,0.20542306685820222
