aupr,auroc,f1,f1_opt,mcc,shd,precision,recall,tp,fp,tn,fn,topology,config,method,rep,n,p,wall_seconds
0.7329097478115107,0.8869509979133179,0.28735632183908044,0.7237076648841354,0.38430700158365444,248,0.9615384615384616,0.16891891891891891,50,2,2705,246,scale-free,n237p78,desparsified,10,237,78,0.650795741006732
