aupr,auroc,f1,f1_opt,mcc,shd,precision,recall,tp,fp,tn,fn,topology,config,method,rep,n,p,wall_seconds
0.6434806058463586,0.8509020657155124,0.22551928783382788,0.6603053435114503,0.3269128949049213,261,0.926829268292683,0.12837837837837837,38,3,2704,258,scale-free,n237p78,desparsified,27,237,78,0.5850936179049313
