aupr,auroc,f1,f1_opt,mcc,shd,precision,recall,tp,fp,tn,fn,topology,config,method,rep,n,p,wall_seconds
0.714916133511009,0.8955473631918844,0.37037037037037035,0.6929133858267716,0.4665763212607688,51,1.0,0.22727272727272727,15,0,1159,51,random,n100p50,desparsified,26,100,50,0.3021318153478205
