aupr,auroc,f1,f1_opt,mcc,shd,precision,recall,tp,fp,tn,fn,topology,config,method,rep,n,p,wall_seconds
0.871712061349689,0.9845353467057321,0.6567164179104478,0.8260869565217391,0.696503303056426,23,1.0,0.4888888888888889,22,0,2958,23,hub,n237p78,desparsified,34,237,78,0.22290484886616468
