aupr,auroc,f1,f1_opt,mcc,shd,precision,recall,tp,fp,tn,fn,topology,config,method,rep,n,p,wall_seconds
0.8285300140640862,0.9281784790736745,0.6686746987951807,0.803030303030303,0.6898606557970659,110,0.9736842105263158,0.5091743119266054,111,3,2782,107,cluster,n237p78,desparsified,26,237,78,0.48281536996364594
