aupr,auroc,f1,f1_opt,mcc,shd,precision,recall,tp,fp,tn,fn,topology,config,method,rep,n,p,wall_seconds
0.7241110580073198,0.8879392212725545,0.3893805309734513,0.7292817679558011,0.4773801513879588,69,1.0,0.24175824175824176,22,0,1134,69,cluster,n100p50,desparsified,31,100,50,0.08833666937425733
