aupr,auroc,f1,f1_opt,mcc,shd,precision,recall,tp,fp,tn,fn,topology,config,method,rep,n,p,wall_seconds
0.9423889935538955,0.9845541681322546,0.6963562753036436,0.9003215434083601,0.7192654631964658,75,0.9885057471264368,0.5375,86,1,2842,74,random,n237p78,desparsified,48,237,78,0.4264845703728497
