aupr,auroc,f1,f1_opt,mcc,shd,precision,recall,tp,fp,tn,fn,topology,config,method,rep,n,p,wall_seconds
0.5902938777705576,0.8302147918511957,0.09900990099009901,0.627906976744186,0.21954140603027172,91,1.0,0.052083333333333336,5,0,1129,91,scale-free,n100p50,desparsified,13,100,50,0.06662646308541298
