aupr,auroc,f1,f1_opt,mcc,shd,precision,recall,tp,fp,tn,fn,topology,config,method,rep,n,p,wall_seconds
0.7417276368184618,0.9000208418614403,0.27246376811594203,0.7152542372881355,0.37184962232674035,251,0.9591836734693877,0.15878378378378377,47,2,2705,249,scale-free,n237p78,desparsified,32,237,78,0.8662155298516154
