aupr,auroc,f1,f1_opt,mcc,shd,precision,recall,tp,fp,tn,fn,topology,config,method,rep,n,p,wall_seconds
0.8924859516988265,0.9756368307737756,0.5437788018433181,0.8435374149659864,0.5972313829778414,99,0.9833333333333333,0.37579617834394907,59,1,2845,98,random,n237p78,desparsified,37,237,78,0.6241248678416014
