aupr,auroc,f1,f1_opt,mcc,shd,precision,recall,tp,fp,tn,fn,topology,config,method,rep,n,p,wall_seconds
0.7769478957895108,0.9434439834024896,0.5714285714285715,0.7555555555555556,0.629329703019579,12,1.0,0.4,8,0,1205,12,hub,n100p50,desparsified,20,100,50,0.3652880839072168
