aupr,auroc,f1,f1_opt,mcc,shd,precision,recall,tp,fp,tn,fn,topology,config,method,rep,n,p,wall_seconds
0.71508203885289,0.8727779081260795,0.30857142857142855,0.7026022304832713,0.4092208621306035,242,1.0,0.18243243243243243,54,0,2707,242,scale-free,n237p78,desparsified,22,237,78,0.8479128801263869
