aupr,auroc,f1,f1_opt,mcc,shd,precision,recall,tp,fp,tn,fn,topology,config,method,rep,n,p,wall_seconds
0.7714907179777304,0.9651659751037345,0.5714285714285715,0.787878787878788,0.629329703019579,12,1.0,0.4,8,0,1205,12,hub,n100p50,desparsified,33,100,50,0.12098033679649234
