aupr,auroc,f1,f1_opt,mcc,shd,precision,recall,tp,fp,tn,fn,topology,config,method,rep,n,p,wall_seconds
0.7509946172695832,0.9000901067302988,0.38378378378378375,0.749090909090909,0.4590604440813923,228,0.9594594594594594,0.23986486486486486,71,3,2704,225,scale-free,n237p78,desparsified,35,237,78,0.5268036723136902
