aupr,auroc,f1,f1_opt,mcc,shd,precision,recall,tp,fp,tn,fn,topology,config,method,rep,n,p,wall_seconds
0.7655803354531812,0.910169243439042,0.4788104089219331,0.7643765903307889,0.5347783852611383,701,0.9498525073746312,0.32007952286282304,322,17,12343,684,cluster,n513p164,desparsified,33,513,164,3.500263698864728
