aupr,auroc,f1,f1_opt,mcc,shd,precision,recall,tp,fp,tn,fn,topology,config,method,rep,n,p,wall_seconds
0.7006597452248702,0.888182207975172,0.3300970873786408,0.7080745341614907,0.4317214529140366,69,1.0,0.19767441860465115,17,0,1139,69,cluster,n100p50,desparsified,20,100,50,0.035714352037757635
