aupr,auroc,f1,f1_opt,mcc,shd,precision,recall,tp,fp,tn,fn,topology,config,method,rep,n,p,wall_seconds
0.9521570002540607,0.9876868755164903,0.7499999999999999,0.8936170212765957,0.7722505861065665,18,1.0,0.6,27,0,2958,18,hub,n237p78,desparsified,32,237,78,0.17745176516473293
