aupr,auroc,f1,f1_opt,mcc,shd,precision,recall,tp,fp,tn,fn,topology,config,method,rep,n,p,wall_seconds
0.6593654919502092,0.8665249295799918,0.35772357723577236,0.6737967914438503,0.4335227938376239,79,0.9166666666666666,0.2222222222222222,22,2,1124,77,cluster,n100p50,desparsified,35,100,50,0.03646838665008545
