aupr,auroc,f1,f1_opt,mcc,shd,precision,recall,tp,fp,tn,fn,topology,config,method,rep,n,p,wall_seconds
0.6975544904856268,0.8693684775984866,0.2983050847457627,0.6945572705117791,0.3956501317294855,1035,0.9691629955947136,0.1762820512820513,220,7,12111,1028,scale-free,n513p164,desparsified,3,513,164,2.205569135956466
