aupr,auroc,f1,f1_opt,mcc,shd,precision,recall,tp,fp,tn,fn,topology,config,method,rep,n,p,wall_seconds
0.6922287137826885,0.8628761952446243,0.2491252624212736,0.6992353440951572,0.3584217463721369,1073,0.9834254143646409,0.14262820512820512,178,3,12115,1070,scale-free,n513p164,desparsified,11,513,164,2.6660132221877575
