aupr,auroc,f1,f1_opt,mcc,shd,precision,recall,tp,fp,tn,fn,topology,config,method,rep,n,p,wall_seconds
0.98268404796749,0.9969040065203628,0.8176895306859205,0.9469638739431206,0.8247878581132465,202,0.9977973568281938,0.6926605504587156,453,1,12711,201,random,n513p164,desparsified,10,513,164,2.739531224127859
