aupr,auroc,f1,f1_opt,mcc,shd,precision,recall,tp,fp,tn,fn,topology,config,method,rep,n,p,wall_seconds
0.7106997594837128,0.8768164867860104,0.37500000000000006,0.7030965391621129,0.45206779355044396,230,0.9583333333333334,0.23310810810810811,69,3,2704,227,scale-free,n237p78,desparsified,41,237,78,0.12212078459560871
