aupr,auroc,f1,f1_opt,mcc,shd,precision,recall,tp,fp,tn,fn,topology,config,method,rep,n,p,wall_seconds
0.6196851667277014,0.8455122527310303,0.2222222222222222,0.6217616580310881,0.3410920341529133,84,1.0,0.125,12,0,1129,84,scale-free,n100p50,desparsified,36,100,50,0.06968553503975272
