aupr,auroc,f1,f1_opt,mcc,shd,precision,recall,tp,fp,tn,fn,topology,config,method,rep,n,p,wall_seconds
0.7107751805334828,0.8880425188994204,0.3539823008849557,0.6946107784431138,0.439603674323985,73,0.9523809523809523,0.21739130434782608,20,1,1132,72,cluster,n100p50,desparsified,4,100,50,0.08090580580756068
