aupr,auroc,f1,f1_opt,mcc,shd,precision,recall,tp,fp,tn,fn,topology,config,method,rep,n,p,wall_seconds
0.6115893885578563,0.854526498376144,0.15238095238095237,0.6190476190476192,0.25946126457178553,89,0.8888888888888888,0.08333333333333333,8,1,1128,88,scale-free,n100p50,desparsified,3,100,50,0.06221187859773636
