aupr,auroc,f1,f1_opt,mcc,shd,precision,recall,tp,fp,tn,fn,topology,config,method,rep,n,p,wall_seconds
0.8622417364685506,0.9617459244234092,0.7142857142857143,0.8297872340425533,0.7428489016681983,20,1.0,0.5555555555555556,25,0,2958,20,hub,n237p78,desparsified,30,237,78,0.46363213984295726
