aupr,auroc,f1,f1_opt,mcc,shd,precision,recall,tp,fp,tn,fn,topology,config,method,rep,n,p,wall_seconds
0.8648512811488128,0.9753553743974899,0.705,0.8410041841004184,0.7298121473351797,118,0.9724137931034482,0.5529411764705883,141,4,13107,114,hub,n513p164,desparsified,42,513,164,3.712631951086223
