aupr,auroc,f1,f1_opt,mcc,shd,precision,recall,tp,fp,tn,fn,topology,config,method,rep,n,p,wall_seconds
0.9171152084287681,0.995850622406639,0.6206896551724138,0.9189189189189189,0.6677793620019935,11,1.0,0.45,9,0,1205,11,hub,n100p50,desparsified,5,100,50,0.19176003709435463
