aupr,auroc,f1,f1_opt,mcc,shd,precision,recall,tp,fp,tn,fn,topology,config,method,rep,n,p,wall_seconds
0.9246576015265315,0.9833555737608001,0.5665236051502146,0.8621700879765396,0.6177530128636411,101,1.0,0.39520958083832336,66,0,2836,101,random,n237p78,desparsified,26,237,78,0.6925151441246271
