aupr,auroc,f1,f1_opt,mcc,shd,precision,recall,tp,fp,tn,fn,topology,config,method,rep,n,p,wall_seconds
0.9656999989457196,0.9913996386568272,0.7288888888888889,0.9285714285714286,0.7471971171870457,61,0.9879518072289156,0.5774647887323944,82,1,2860,60,random,n237p78,desparsified,49,237,78,0.5923400367610157
