aupr,auroc,f1,f1_opt,mcc,shd,precision,recall,tp,fp,tn,fn,topology,config,method,rep,n,p,wall_seconds
0.8442322539705401,0.9491413594294148,0.5454545454545454,0.8266666666666668,0.588344722990401,125,0.9493670886075949,0.3826530612244898,75,4,2803,121,cluster,n237p78,desparsified,47,237,78,1.497310504782945
