aupr,auroc,f1,f1_opt,mcc,shd,precision,recall,tp,fp,tn,fn,topology,config,method,rep,n,p,wall_seconds
0.6210941803722456,0.8362950250959553,0.18867924528301885,0.6564102564102564,0.31111662252613786,86,1.0,0.10416666666666667,10,0,1129,86,scale-free,n100p50,desparsified,35,100,50,0.053590189665555954
