aupr,auroc,f1,f1_opt,mcc,shd,precision,recall,tp,fp,tn,fn,topology,config,method,rep,n,p,wall_seconds
0.8950720508109247,0.9780482474114145,0.4819277108433735,0.8455284552845528,0.5532918380014998,43,1.0,0.31746031746031744,20,0,1162,43,random,n100p50,desparsified,38,100,50,0.1367499460466206
