aupr,auroc,f1,f1_opt,mcc,shd,precision,recall,tp,fp,tn,fn,topology,config,method,rep,n,p,wall_seconds
0.7628877893476151,0.9020247885319687,0.5659340659340659,0.7663355985363305,0.6007898525567174,632,0.944954128440367,0.403921568627451,412,24,12322,608,cluster,n513p164,desparsified,48,513,164,0.6019904869608581
