aupr,auroc,f1,f1_opt,mcc,shd,precision,recall,tp,fp,tn,fn,topology,config,method,rep,n,p,wall_seconds
0.5468455467538216,0.8830290456431535,0.18181818181818182,0.6060606060606061,0.3138920344980754,18,1.0,0.1,2,0,1205,18,hub,n100p50,desparsified,23,100,50,0.13128457218408585
