aupr,auroc,f1,f1_opt,mcc,shd,precision,recall,tp,fp,tn,fn,topology,config,method,rep,n,p,wall_seconds
0.8333329949120067,0.9342343651764768,0.5695364238410597,0.8312958435207825,0.6072700802285803,130,0.9555555555555556,0.4056603773584906,86,4,2787,126,cluster,n237p78,desparsified,45,237,78,1.6705092410556972
