aupr,auroc,f1,f1_opt,mcc,shd,precision,recall,tp,fp,tn,fn,topology,config,method,rep,n,p,wall_seconds
0.7402275466437688,0.8991182755300914,0.3370786516853933,0.7286821705426355,0.4391114345012676,59,1.0,0.20270270270270271,15,0,1151,59,random,n100p50,desparsified,42,100,50,0.25866282312199473
