aupr,auroc,f1,f1_opt,mcc,shd,precision,recall,tp,fp,tn,fn,topology,config,method,rep,n,p,wall_seconds
0.7077889655868601,0.8735747661218662,0.3076923076923077,0.7169117647058824,0.4047311592902201,243,0.9818181818181818,0.18243243243243243,54,1,2706,242,scale-free,n237p78,desparsified,19,237,78,0.08535680081695318
