aupr,auroc,f1,f1_opt,mcc,shd,precision,recall,tp,fp,tn,fn,topology,config,method,rep,n,p,wall_seconds
0.7258907310502551,0.8919301277496556,0.301255230125523,0.7372708757637474,0.39918130883198244,835,0.9574468085106383,0.17874875868917578,180,8,12351,827,cluster,n513p164,desparsified,0,513,164,2.858554106205702
