aupr,auroc,f1,f1_opt,mcc,shd,precision,recall,tp,fp,tn,fn,topology,config,method,rep,n,p,wall_seconds
0.8418266270932012,0.9463796522458385,0.638157894736842,0.829896907216495,0.6615477694338173,110,0.9509803921568627,0.4801980198019802,97,5,2796,105,cluster,n237p78,desparsified,30,237,78,0.4629145907238126
