aupr,auroc,f1,f1_opt,mcc,shd,precision,recall,tp,fp,tn,fn,topology,config,method,rep,n,p,wall_seconds
0.8465536202660735,0.9935269709543569,0.4,0.8108108108108107,0.4969167229105866,15,1.0,0.25,5,0,1205,15,hub,n100p50,desparsified,4,100,50,0.11076868325471878
