aupr,auroc,f1,f1_opt,mcc,shd,precision,recall,tp,fp,tn,fn,topology,config,method,rep,n,p,wall_seconds
0.759299259590448,0.9061674008810573,0.3603603603603604,0.7738095238095238,0.44489598458348234,71,0.9523809523809523,0.2222222222222222,20,1,1134,70,cluster,n100p50,desparsified,22,100,50,0.172250809147954
