aupr,auroc,f1,f1_opt,mcc,shd,precision,recall,tp,fp,tn,fn,topology,config,method,rep,n,p,wall_seconds
0.7013156577478104,0.878978049900658,0.27325581395348836,0.7011686143572621,0.37651752895903023,250,0.9791666666666666,0.15878378378378377,47,1,2706,249,scale-free,n237p78,desparsified,6,237,78,0.677041731774807
