aupr,auroc,f1,f1_opt,mcc,shd,precision,recall,tp,fp,tn,fn,topology,config,method,rep,n,p,wall_seconds
0.7131547042256818,0.8711417059174529,0.3122476446837147,0.7211579395487442,0.407896644473803,1022,0.9747899159663865,0.1858974358974359,232,6,12112,1016,scale-free,n513p164,desparsified,40,513,164,2.601228849031031
