aupr,auroc,f1,f1_opt,mcc,shd,precision,recall,tp,fp,tn,fn,topology,config,method,rep,n,p,wall_seconds
0.9694704950367696,0.9920218594523014,0.773550724637681,0.9244851258581236,0.7860961992842412,250,0.9976635514018691,0.6316568047337278,427,1,12689,249,random,n513p164,desparsified,12,513,164,3.026068117003888
