aupr,auroc,f1,f1_opt,mcc,shd,precision,recall,tp,fp,tn,fn,topology,config,method,rep,n,p,wall_seconds
0.7077655815273345,0.8825934772809522,0.38535031847133755,0.7180031864046734,0.46156565663861354,772,0.9416342412451362,0.24224224224224225,242,15,12352,757,cluster,n513p164,desparsified,32,513,164,3.2971671069972217
