aupr,auroc,f1,f1_opt,mcc,shd,precision,recall,tp,fp,tn,fn,topology,config,method,rep,n,p,wall_seconds
0.9775893482144125,0.9951682335713503,0.8283185840707964,0.9368258859784284,0.8338836391199286,194,0.9957446808510638,0.7090909090909091,468,2,12704,192,random,n513p164,desparsified,26,513,164,1.679684136994183
