aupr,auroc,f1,f1_opt,mcc,shd,precision,recall,tp,fp,tn,fn,topology,config,method,rep,n,p,wall_seconds
0.9789778329228047,0.9966152691185188,0.7917414721723518,0.9305230288836845,0.8018468990232588,232,0.997737556561086,0.65625,441,1,12693,231,random,n513p164,desparsified,3,513,164,3.1902226810343564
