aupr,auroc,f1,f1_opt,mcc,shd,precision,recall,tp,fp,tn,fn,topology,config,method,rep,n,p,wall_seconds
0.6825116012002425,0.86201626913208,0.2380952380952381,0.6795096322241682,0.3513681906541642,256,1.0,0.13513513513513514,40,0,2707,256,scale-free,n237p78,desparsified,30,237,78,0.46344664692878723
