aupr,auroc,f1,f1_opt,mcc,shd,precision,recall,tp,fp,tn,fn,topology,config,method,rep,n,p,wall_seconds
0.9543445048329839,0.985542534624532,0.7063339731285989,0.9123867069486405,0.7291749616955562,306,0.9945945945945946,0.5476190476190477,368,2,12692,304,random,n513p164,desparsified,38,513,164,3.167030137963593
