aupr,auroc,f1,f1_opt,mcc,shd,precision,recall,tp,fp,tn,fn,topology,config,method,rep,n,p,wall_seconds
0.7930960232972617,0.9883402489626556,0.4615384615384615,0.7692307692307692,0.544568226131697,14,1.0,0.3,6,0,1205,14,hub,n100p50,desparsified,29,100,50,0.21287982910871506
