aupr,auroc,f1,f1_opt,mcc,shd,precision,recall,tp,fp,tn,fn,topology,config,method,rep,n,p,wall_seconds
0.6993119370928351,0.8724874471542651,0.21255349500713266,0.7121024370095003,0.32437420264239925,1104,0.9675324675324676,0.11939102564102565,149,5,12113,1099,scale-free,n513p164,desparsified,33,513,164,2.8135712360963225
