aupr,auroc,f1,f1_opt,mcc,shd,precision,recall,tp,fp,tn,fn,topology,config,method,rep,n,p,wall_seconds
0.9474298512029684,0.9874466946039246,0.648888888888889,0.8954248366013072,0.6836037470560284,79,1.0,0.48026315789473684,73,0,2851,79,random,n237p78,desparsified,32,237,78,0.42022326309233904
