aupr,auroc,f1,f1_opt,mcc,shd,precision,recall,tp,fp,tn,fn,topology,config,method,rep,n,p,wall_seconds
0.9760626936392032,0.9944778584202931,0.8276450511945393,0.9360119047619049,0.8330496770474148,202,0.9958932238193019,0.708029197080292,485,2,12679,200,random,n513p164,desparsified,46,513,164,1.2104751360602677
