aupr,auroc,f1,f1_opt,mcc,shd,precision,recall,tp,fp,tn,fn,topology,config,method,rep,n,p,wall_seconds
0.9680270665287438,0.9904830173329948,0.8112874779541446,0.9306930693069306,0.8180258698666474,214,0.9913793103448276,0.6865671641791045,460,4,12692,210,random,n513p164,desparsified,34,513,164,3.855170677881688
