aupr,auroc,f1,f1_opt,mcc,shd,precision,recall,tp,fp,tn,fn,topology,config,method,rep,n,p,wall_seconds
0.6930966599706901,0.8701713466087743,0.26363008971704627,0.7049455155071248,0.3639024958461412,1067,0.9502487562189055,0.1530448717948718,191,10,12108,1057,scale-free,n513p164,desparsified,20,513,164,2.573974465020001
