aupr,auroc,f1,f1_opt,mcc,shd,precision,recall,tp,fp,tn,fn,topology,config,method,rep,n,p,wall_seconds
0.9770703313453952,0.9950501683612801,0.7984790874524714,0.9420289855072465,0.8071095756919425,212,0.9905660377358491,0.6687898089171974,420,4,12734,208,random,n513p164,desparsified,24,513,164,2.5686193802393973
