aupr,auroc,f1,f1_opt,mcc,shd,precision,recall,tp,fp,tn,fn,topology,config,method,rep,n,p,wall_seconds
0.9335681385424158,0.9824251345191034,0.5940594059405941,0.9084249084249083,0.6409073480828397,82,1.0,0.4225352112676056,60,0,2861,82,random,n237p78,desparsified,41,237,78,0.6458940519951284
