aupr,auroc,f1,f1_opt,mcc,shd,precision,recall,tp,fp,tn,fn,topology,config,method,rep,n,p,wall_seconds
0.8109359390684902,0.9284589324549383,0.6265822784810126,0.7898734177215191,0.6554923662938704,118,0.9705882352941176,0.46261682242990654,99,3,2786,115,cluster,n237p78,desparsified,21,237,78,0.08299553487449884
