aupr,auroc,f1,f1_opt,mcc,shd,precision,recall,tp,fp,tn,fn,topology,config,method,rep,n,p,wall_seconds
0.7253982548333029,0.8940473828197428,0.4142857142857143,0.7233009708737864,0.493083278673302,164,0.9830508474576272,0.26244343891402716,58,1,2781,163,cluster,n237p78,desparsified,18,237,78,0.20721585070714355
