aupr,auroc,f1,f1_opt,mcc,shd,precision,recall,tp,fp,tn,fn,topology,config,method,rep,n,p,wall_seconds
0.8728936001996229,0.9788597510004661,0.5777777777777777,0.8266129032258064,0.6300346553338575,152,0.9811320754716981,0.4094488188976378,104,2,13110,150,hub,n513p164,desparsified,44,513,164,3.8923569270409644
