aupr,auroc,f1,f1_opt,mcc,shd,precision,recall,tp,fp,tn,fn,topology,config,method,rep,n,p,wall_seconds
0.9669416960870271,0.9914299747928478,0.7847882454624028,0.920315865039483,0.7944759064342751,249,0.9912663755458515,0.6494992846924177,454,4,12663,245,random,n513p164,desparsified,8,513,164,2.9263189379125834
