aupr,auroc,f1,f1_opt,mcc,shd,precision,recall,tp,fp,tn,fn,topology,config,method,rep,n,p,wall_seconds
0.6256658888542209,0.8652497808939525,0.17204301075268819,0.6666666666666667,0.27924798386327954,77,0.8888888888888888,0.09523809523809523,8,1,1140,76,cluster,n100p50,desparsified,43,100,50,0.05919389799237251
