aupr,auroc,f1,f1_opt,mcc,shd,precision,recall,tp,fp,tn,fn,topology,config,method,rep,n,p,wall_seconds
0.7178473433817434,0.8911911311015486,0.36065573770491804,0.6934306569343066,0.4375719669054193,234,0.9428571428571428,0.22297297297297297,66,4,2703,230,scale-free,n237p78,desparsified,46,237,78,0.07128610694780946
