aupr,auroc,f1,f1_opt,mcc,shd,precision,recall,tp,fp,tn,fn,topology,config,method,rep,n,p,wall_seconds
0.947203248999663,0.9982420554428668,0.7671232876712328,0.9111111111111111,0.78655366420014,17,1.0,0.6222222222222222,28,0,2958,17,hub,n237p78,desparsified,29,237,78,0.9383295937441289
