aupr,auroc,f1,f1_opt,mcc,shd,precision,recall,tp,fp,tn,fn,topology,config,method,rep,n,p,wall_seconds
0.9432223958671484,0.9831557019780954,0.6554787759131293,0.8977272727272727,0.6882267403622534,349,0.996996996996997,0.48823529411764705,332,1,12685,348,random,n513p164,desparsified,14,513,164,0.3683959599584341
