aupr,auroc,f1,f1_opt,mcc,shd,precision,recall,tp,fp,tn,fn,topology,config,method,rep,n,p,wall_seconds
0.6806718369770763,0.865916610329622,0.17092768444119794,0.6949443016281063,0.2869746643383022,1135,0.9669421487603306,0.09375,117,4,12114,1131,scale-free,n513p164,desparsified,49,513,164,1.943076150957495
