aupr,auroc,f1,f1_opt,mcc,shd,precision,recall,tp,fp,tn,fn,topology,config,method,rep,n,p,wall_seconds
0.9109189835354432,0.9720746887966806,0.6206896551724138,0.8947368421052632,0.6677793620019935,11,1.0,0.45,9,0,1205,11,hub,n100p50,desparsified,12,100,50,0.15064265858381987
