aupr,auroc,f1,f1_opt,mcc,shd,precision,recall,tp,fp,tn,fn,topology,config,method,rep,n,p,wall_seconds
0.889621780379375,0.978982628649902,0.592797783933518,0.8311688311688312,0.6436434369566596,147,0.9907407407407407,0.42292490118577075,107,1,13112,146,hub,n513p164,desparsified,3,513,164,1.4038759912364185
