aupr,auroc,f1,f1_opt,mcc,shd,precision,recall,tp,fp,tn,fn,topology,config,method,rep,n,p,wall_seconds
0.8476789698409244,0.9664481133199847,0.5626740947075208,0.811965811965812,0.6181519969655337,157,0.9805825242718447,0.39453125,101,2,13108,155,hub,n513p164,desparsified,45,513,164,3.598257972858846
