aupr,auroc,f1,f1_opt,mcc,shd,precision,recall,tp,fp,tn,fn,topology,config,method,rep,n,p,wall_seconds
0.878157612571487,0.9559922589725545,0.6216216216216216,0.8364611260053619,0.6562789543092887,112,0.989247311827957,0.45320197044334976,92,1,2799,111,cluster,n237p78,desparsified,43,237,78,1.452132664155215
