aupr,auroc,f1,f1_opt,mcc,shd,precision,recall,tp,fp,tn,fn,topology,config,method,rep,n,p,wall_seconds
0.7077059622480361,0.8796353750089928,0.2679558011049724,0.7171381031613976,0.37134918655799215,1060,0.97,0.15544871794871795,194,6,12112,1054,scale-free,n513p164,desparsified,21,513,164,2.380425749346614
