aupr,auroc,f1,f1_opt,mcc,shd,precision,recall,tp,fp,tn,fn,topology,config,method,rep,n,p,wall_seconds
0.7050467614562638,0.8773019719741542,0.3948756593820648,0.7186370676303562,0.47043039117267665,803,0.9527272727272728,0.24904942965779467,262,13,12301,790,cluster,n513p164,desparsified,31,513,164,2.930061229970306
