aupr,auroc,f1,f1_opt,mcc,shd,precision,recall,tp,fp,tn,fn,topology,config,method,rep,n,p,wall_seconds
0.8507749036972874,0.9464834873368269,0.5185185185185186,0.803191489361702,0.5753191272006533,130,0.9859154929577465,0.35175879396984927,70,1,2803,129,cluster,n237p78,desparsified,7,237,78,0.3414408527314663
