aupr,auroc,f1,f1_opt,mcc,shd,precision,recall,tp,fp,tn,fn,topology,config,method,rep,n,p,wall_seconds
0.8601664826081231,0.971237443188701,0.5940054495912807,0.8559498956158664,0.6411494600664754,149,0.9732142857142857,0.42745098039215684,109,3,13108,146,hub,n513p164,desparsified,40,513,164,3.6919128228910267
