aupr,auroc,f1,f1_opt,mcc,shd,precision,recall,tp,fp,tn,fn,topology,config,method,rep,n,p,wall_seconds
0.9621954120843708,0.9916829558583639,0.7174311926605504,0.9074759437453739,0.738519366226768,308,0.9974489795918368,0.5601719197707736,391,1,12667,307,random,n513p164,desparsified,49,513,164,1.9781345520168543
