aupr,auroc,f1,f1_opt,mcc,shd,precision,recall,tp,fp,tn,fn,topology,config,method,rep,n,p,wall_seconds
0.7398077671125753,0.9067343888396812,0.18867924528301885,0.7106598984771573,0.31111662252613786,86,1.0,0.10416666666666667,10,0,1129,86,scale-free,n100p50,desparsified,9,100,50,0.275340816937387
