aupr,auroc,f1,f1_opt,mcc,shd,precision,recall,tp,fp,tn,fn,topology,config,method,rep,n,p,wall_seconds
0.7810147626355458,0.8991800650451195,0.4166666666666667,0.782608695652174,0.5009272903836909,56,1.0,0.2631578947368421,20,0,1149,56,random,n100p50,desparsified,13,100,50,0.03532860893756151
