aupr,auroc,f1,f1_opt,mcc,shd,precision,recall,tp,fp,tn,fn,topology,config,method,rep,n,p,wall_seconds
0.9383481751636917,0.9983322064457967,0.8354430379746834,0.896551724137931,0.8417089688255864,13,0.9705882352941176,0.7333333333333333,33,1,2957,12,hub,n237p78,desparsified,28,237,78,0.8592251050285995
