aupr,auroc,f1,f1_opt,mcc,shd,precision,recall,tp,fp,tn,fn,topology,config,method,rep,n,p,wall_seconds
0.8114773515696182,0.9396032008926236,0.5070422535211268,0.8118811881188119,0.5495061771325082,140,0.9113924050632911,0.35121951219512193,72,7,2791,133,cluster,n237p78,desparsified,40,237,78,0.7510397997684777
