aupr,auroc,f1,f1_opt,mcc,shd,precision,recall,tp,fp,tn,fn,topology,config,method,rep,n,p,wall_seconds
0.7578901571945152,0.9144543727877061,0.3434343434343434,0.75,0.43163528842105026,65,0.9444444444444444,0.20987654320987653,17,1,1143,64,cluster,n100p50,desparsified,44,100,50,0.1582245472818613
