aupr,auroc,f1,f1_opt,mcc,shd,precision,recall,tp,fp,tn,fn,topology,config,method,rep,n,p,wall_seconds
0.8598342063301897,0.9665817207822799,0.5602240896358542,0.8291666666666666,0.6162281145360904,157,0.9803921568627451,0.39215686274509803,100,2,13109,155,hub,n513p164,desparsified,41,513,164,3.909576849080622
