aupr,auroc,f1,f1_opt,mcc,shd,precision,recall,tp,fp,tn,fn,topology,config,method,rep,n,p,wall_seconds
0.6969820867201937,0.8793895376353692,0.24231464737793854,0.6944908180300501,0.35411385991752914,838,0.9710144927536232,0.1384297520661157,134,4,12394,834,cluster,n513p164,desparsified,1,513,164,0.3067274377681315
