aupr,auroc,f1,f1_opt,mcc,shd,precision,recall,tp,fp,tn,fn,topology,config,method,rep,n,p,wall_seconds
0.8406841617440174,0.9409433180787354,0.6168831168831169,0.8232189973614776,0.6498526504343063,118,0.979381443298969,0.45023696682464454,95,2,2790,116,cluster,n237p78,desparsified,34,237,78,0.19703357201069593
