aupr,auroc,f1,f1_opt,mcc,shd,precision,recall,tp,fp,tn,fn,topology,config,method,rep,n,p,wall_seconds
0.9099635777653914,0.998550071369544,0.8051948051948051,0.9195402298850575,0.814732476194396,15,0.96875,0.6888888888888889,31,1,2957,14,hub,n237p78,desparsified,41,237,78,0.8893303861841559
