aupr,auroc,f1,f1_opt,mcc,shd,precision,recall,tp,fp,tn,fn,topology,config,method,rep,n,p,wall_seconds
0.8061535848436556,0.9683402489626556,0.7096774193548387,0.7499999999999999,0.7388657320626492,9,1.0,0.55,11,0,1205,9,hub,n100p50,desparsified,28,100,50,0.19575189286842942
