aupr,auroc,f1,f1_opt,mcc,shd,precision,recall,tp,fp,tn,fn,topology,config,method,rep,n,p,wall_seconds
0.8433034131862968,0.9706727331235697,0.5595567867036011,0.814663951120163,0.6120458513482796,159,0.9619047619047619,0.39453125,101,4,13106,155,hub,n513p164,desparsified,10,513,164,3.156055393163115
