aupr,auroc,f1,f1_opt,mcc,shd,precision,recall,tp,fp,tn,fn,topology,config,method,rep,n,p,wall_seconds
0.7935499797449586,0.9188789824179555,0.327683615819209,0.7479935794542536,0.4243943755140628,238,1.0,0.19594594594594594,58,0,2707,238,scale-free,n237p78,desparsified,23,237,78,0.5826724688522518
