aupr,auroc,f1,f1_opt,mcc,shd,precision,recall,tp,fp,tn,fn,topology,config,method,rep,n,p,wall_seconds
0.8988581727313277,0.9745774171737661,0.732394366197183,0.8705882352941177,0.7576874338754028,19,1.0,0.5777777777777777,26,0,2958,19,hub,n237p78,desparsified,44,237,78,0.5695569138042629
