aupr,auroc,f1,f1_opt,mcc,shd,precision,recall,tp,fp,tn,fn,topology,config,method,rep,n,p,wall_seconds
0.6439101049491015,0.8566578092707411,0.2222222222222222,0.6594594594594595,0.3410920341529133,84,1.0,0.125,12,0,1129,84,scale-free,n100p50,desparsified,11,100,50,0.12675440963357687
