aupr,auroc,f1,f1_opt,mcc,shd,precision,recall,tp,fp,tn,fn,topology,config,method,rep,n,p,wall_seconds
0.7865684822268414,0.9342360993746831,0.2571428571428572,0.8135593220338982,0.37580801645074763,52,1.0,0.14754098360655737,9,0,1164,52,random,n100p50,desparsified,32,100,50,0.39096849597990513
