aupr,auroc,f1,f1_opt,mcc,shd,precision,recall,tp,fp,tn,fn,topology,config,method,rep,n,p,wall_seconds
0.8553586628928436,0.970103734439834,0.7096774193548387,0.8235294117647058,0.7388657320626492,9,1.0,0.55,11,0,1205,9,hub,n100p50,desparsified,32,100,50,0.24060577293857932
