aupr,auroc,f1,f1_opt,mcc,shd,precision,recall,tp,fp,tn,fn,topology,config,method,rep,n,p,wall_seconds
0.7578162598810598,0.9070409442558787,0.4639878695981805,0.7669172932330826,0.5198848251070511,707,0.9329268292682927,0.3087790110998991,306,22,12353,685,cluster,n513p164,desparsified,34,513,164,3.646934130229056
