aupr,auroc,f1,f1_opt,mcc,shd,precision,recall,tp,fp,tn,fn,topology,config,method,rep,n,p,wall_seconds
0.9693357355021106,0.9904424846353818,0.768839966130398,0.9335161069225498,0.7811281364989549,273,0.9956140350877193,0.6262068965517241,454,2,12639,271,random,n513p164,desparsified,9,513,164,3.093257545027882
