aupr,auroc,f1,f1_opt,mcc,shd,precision,recall,tp,fp,tn,fn,topology,config,method,rep,n,p,wall_seconds
0.9503388855441156,0.9905672345052554,0.726530612244898,0.8961038961038961,0.7446239444907565,67,0.9888888888888889,0.5741935483870968,89,1,2847,66,random,n237p78,desparsified,22,237,78,0.5075911940075457
