aupr,auroc,f1,f1_opt,mcc,shd,precision,recall,tp,fp,tn,fn,topology,config,method,rep,n,p,wall_seconds
0.9208450296069345,0.9752159867778529,0.7837837837837839,0.8941176470588236,0.800610616552436,16,1.0,0.6444444444444445,29,0,2958,16,hub,n237p78,desparsified,7,237,78,0.3684927709400654
