aupr,auroc,f1,f1_opt,mcc,shd,precision,recall,tp,fp,tn,fn,topology,config,method,rep,n,p,wall_seconds
0.9320151911763637,0.9771494094713908,0.6923076923076924,0.8859060402684564,0.7185866064403298,72,1.0,0.5294117647058824,81,0,2850,72,random,n237p78,desparsified,40,237,78,0.6179458838887513
