aupr,auroc,f1,f1_opt,mcc,shd,precision,recall,tp,fp,tn,fn,topology,config,method,rep,n,p,wall_seconds
0.8404267971746013,0.9838216512658704,0.7567567567567567,0.8888888888888888,0.772583365130145,18,0.9655172413793104,0.6222222222222222,28,1,2957,17,hub,n237p78,desparsified,18,237,78,0.46210829401388764
