aupr,auroc,f1,f1_opt,mcc,shd,precision,recall,tp,fp,tn,fn,topology,config,method,rep,n,p,wall_seconds
0.8661037208587695,0.9812392734553776,0.5853658536585366,0.825,0.630980596802105,153,0.9557522123893806,0.421875,108,5,13105,148,hub,n513p164,desparsified,25,513,164,3.6686981767416
