aupr,auroc,f1,f1_opt,mcc,shd,precision,recall,tp,fp,tn,fn,topology,config,method,rep,n,p,wall_seconds
0.6148675577412435,0.8314217089644139,0.14803849000740196,0.6437692646411273,0.26578153342690103,1151,0.970873786407767,0.08012820512820513,100,3,12115,1148,scale-free,n513p164,desparsified,25,513,164,2.4931820654310286
