aupr,auroc,f1,f1_opt,mcc,shd,precision,recall,tp,fp,tn,fn,topology,config,method,rep,n,p,wall_seconds
0.7298383767222474,0.8863800531204713,0.39555202541699763,0.7400000000000001,0.4721205256264313,761,0.9540229885057471,0.24949899799599198,249,12,12356,749,cluster,n513p164,desparsified,26,513,164,3.909861546009779
