aupr,auroc,f1,f1_opt,mcc,shd,precision,recall,tp,fp,tn,fn,topology,config,method,rep,n,p,wall_seconds
0.5665168138387776,0.8158768821966342,0.07999999999999999,0.5531914893617021,0.19628337557511977,92,1.0,0.041666666666666664,4,0,1129,92,scale-free,n100p50,desparsified,18,100,50,0.05821267096325755
