aupr,auroc,f1,f1_opt,mcc,shd,precision,recall,tp,fp,tn,fn,topology,config,method,rep,n,p,wall_seconds
0.978780748937287,0.99535745648019,0.8053097345132744,0.9333333333333333,0.8147937707720211,44,1.0,0.674074074074074,91,0,2868,44,random,n237p78,desparsified,13,237,78,1.0703128697350621
