aupr,auroc,f1,f1_opt,mcc,shd,precision,recall,tp,fp,tn,fn,topology,config,method,rep,n,p,wall_seconds
0.8697217159733244,0.9735402347654557,0.4158415841584158,0.7986798679867987,0.49722957959451547,118,0.9767441860465116,0.2641509433962264,42,1,2843,117,random,n237p78,desparsified,33,237,78,0.48621823033317924
