aupr,auroc,f1,f1_opt,mcc,shd,precision,recall,tp,fp,tn,fn,topology,config,method,rep,n,p,wall_seconds
0.8284813002451257,0.9640897255859097,0.41846153846153844,0.7888446215139442,0.505124814081263,189,0.9714285714285714,0.26666666666666666,68,2,13109,187,hub,n513p164,desparsified,24,513,164,3.3495096070691943
