aupr,auroc,f1,f1_opt,mcc,shd,precision,recall,tp,fp,tn,fn,topology,config,method,rep,n,p,wall_seconds
0.8166988530929924,0.9251134991864798,0.5135135135135135,0.7969924812030076,0.5702875329589148,144,0.987012987012987,0.3470319634703196,76,1,2783,143,cluster,n237p78,desparsified,1,237,78,0.36162789771333337
