aupr,auroc,f1,f1_opt,mcc,shd,precision,recall,tp,fp,tn,fn,topology,config,method,rep,n,p,wall_seconds
0.8259586686834973,0.9454729860261447,0.411764705882353,0.8316831683168316,0.4870914351286247,40,0.9333333333333333,0.2641509433962264,14,1,1171,39,random,n100p50,desparsified,24,100,50,0.10258448496460915
