aupr,auroc,f1,f1_opt,mcc,shd,precision,recall,tp,fp,tn,fn,topology,config,method,rep,n,p,wall_seconds
0.730862816414934,0.8966186522297039,0.384,0.735632183908046,0.4604955684119598,770,0.9411764705882353,0.24120603015075376,240,15,12356,755,cluster,n513p164,desparsified,20,513,164,2.912604388780892
