aupr,auroc,f1,f1_opt,mcc,shd,precision,recall,tp,fp,tn,fn,topology,config,method,rep,n,p,wall_seconds
0.994387277686448,0.9999173615806476,0.9425287356321839,0.9782608695652174,0.9422619665626384,5,0.9761904761904762,0.9111111111111111,41,1,2957,4,hub,n237p78,desparsified,0,237,78,0.11681258166208863
