aupr,auroc,f1,f1_opt,mcc,shd,precision,recall,tp,fp,tn,fn,topology,config,method,rep,n,p,wall_seconds
0.8791441168747812,0.9953526970954357,0.6206896551724138,0.8333333333333334,0.6677793620019935,11,1.0,0.45,9,0,1205,11,hub,n100p50,desparsified,31,100,50,0.035858429968357086
