aupr,auroc,f1,f1_opt,mcc,shd,precision,recall,tp,fp,tn,fn,topology,config,method,rep,n,p,wall_seconds
0.8400518558849919,0.9741504289916716,0.5434173669467787,0.8067226890756302,0.597374380769872,163,0.9509803921568627,0.3803921568627451,97,5,13106,158,hub,n513p164,desparsified,43,513,164,3.7400172110646963
