aupr,auroc,f1,f1_opt,mcc,shd,precision,recall,tp,fp,tn,fn,topology,config,method,rep,n,p,wall_seconds
0.9198167600373484,0.9967219917012449,0.7499999999999999,0.8947368421052632,0.7720381265974063,8,1.0,0.6,12,0,1205,8,hub,n100p50,desparsified,18,100,50,0.10729776276275516
