aupr,auroc,f1,f1_opt,mcc,shd,precision,recall,tp,fp,tn,fn,topology,config,method,rep,n,p,wall_seconds
0.9835805484406418,0.9990097194205025,0.8347826086956521,0.9578544061302682,0.839543094954541,38,0.9896907216494846,0.7218045112781954,96,1,2869,37,random,n237p78,desparsified,10,237,78,0.5168556561693549
