aupr,auroc,f1,f1_opt,mcc,shd,precision,recall,tp,fp,tn,fn,topology,config,method,rep,n,p,wall_seconds
0.6440433749257278,0.995781684321238,0.10321100917431193,0.7787610619469026,0.20007087098576773,782,0.05441354292623942,1.0,45,782,2176,0,hub,n237p78,piglasso,18,237,78,252.12382603809237
