aupr,auroc,f1,f1_opt,mcc,shd,precision,recall,tp,fp,tn,fn,topology,config,method,rep,n,p,wall_seconds
0.6940035273368605,0.9966193373901285,0.10192525481313704,0.8148148148148148,0.19825041864382126,793,0.05369928400954654,1.0,45,793,2165,0,hub,n237p78,piglasso,30,237,78,328.92027459293604
