aupr,auroc,f1,f1_opt,mcc,shd,precision,recall,tp,fp,tn,fn,topology,config,method,rep,n,p,wall_seconds
0.847369307928483,0.9910527158006822,0.6510344827586207,0.8482328482328483,0.6741032528255256,253,0.502127659574468,0.9254901960784314,236,234,12877,19,hub,n513p164,piglasso,5,513,164,1107.5206426819786
