aupr,auroc,f1,f1_opt,mcc,shd,precision,recall,tp,fp,tn,fn,topology,config,method,rep,n,p,wall_seconds
0.9196018175770501,0.9937153997552675,0.5175644028103045,0.9055177626606198,0.5577538665511627,1236,0.3509793541556379,0.9851411589895989,663,1226,11467,10,random,n513p164,piglasso,17,513,164,2571.8900343617424
