aupr,auroc,f1,f1_opt,mcc,shd,precision,recall,tp,fp,tn,fn,topology,config,method,rep,n,p,wall_seconds
0.569465200293327,0.9024671538234426,0.254957507082153,0.6153846153846153,0.25634300395708,526,0.14754098360655737,0.9375,90,520,609,6,scale-free,n100p50,piglasso,28,100,50,139.42835250822827
