aupr,auroc,f1,f1_opt,mcc,shd,precision,recall,tp,fp,tn,fn,topology,config,method,rep,n,p,wall_seconds
0.928074070143547,0.9985618981216628,0.6279357231149567,0.8992248062015504,0.667156345620618,301,0.4593128390596745,0.9921875,254,299,12811,2,hub,n513p164,piglasso,27,513,164,1135.580412991345
