aupr,auroc,f1,f1_opt,mcc,shd,precision,recall,tp,fp,tn,fn,topology,config,method,rep,n,p,wall_seconds
0.4295879293219719,0.9870124481327801,0.06060606060606061,0.5964912280701754,0.12317127029354752,620,0.03125,1.0,20,620,585,0,hub,n100p50,piglasso,7,100,50,128.88601751206443
