aupr,auroc,f1,f1_opt,mcc,shd,precision,recall,tp,fp,tn,fn,topology,config,method,rep,n,p,wall_seconds
0.6227229437936822,0.9339287770060247,0.18867924528301885,0.7291666666666667,0.17135181429910445,774,0.10440835266821345,0.9782608695652174,90,772,361,2,cluster,n100p50,piglasso,38,100,50,153.8453118209727
