aupr,auroc,f1,f1_opt,mcc,shd,precision,recall,tp,fp,tn,fn,topology,config,method,rep,n,p,wall_seconds
0.7351783190637431,0.9445688774592573,0.664890073284477,0.7047619047619048,0.6353229483280906,1006,0.5689851767388826,0.7996794871794872,998,756,11362,250,scale-free,n513p164,piglasso,26,513,164,1452.6678202007897
