aupr,auroc,f1,f1_opt,mcc,shd,precision,recall,tp,fp,tn,fn,topology,config,method,rep,n,p,wall_seconds
0.6882246386731801,0.9333480993563836,0.5368289637952559,0.6838340486409156,0.5320237270494746,1484,0.3907314856883235,0.8574277168494516,860,1341,11022,143,cluster,n513p164,piglasso,29,513,164,1640.3563300571404
