aupr,auroc,f1,f1_opt,mcc,shd,precision,recall,tp,fp,tn,fn,topology,config,method,rep,n,p,wall_seconds
0.7435365311954483,0.9577722487847457,0.5055865921787709,0.7513812154696132,0.5203238119136444,1770,0.346876197776926,0.9320288362512873,905,1704,10691,66,cluster,n513p164,piglasso,12,513,164,2088.3339818902314
