aupr,auroc,f1,f1_opt,mcc,shd,precision,recall,tp,fp,tn,fn,topology,config,method,rep,n,p,wall_seconds
0.6940350189875486,0.9204202817520142,0.49803921568627446,0.6858168761220826,0.47699293501649687,512,0.35082872928176795,0.8581081081081081,254,470,2237,42,scale-free,n237p78,piglasso,26,237,78,367.3790295678191
