aupr,auroc,f1,f1_opt,mcc,shd,precision,recall,tp,fp,tn,fn,topology,config,method,rep,n,p,wall_seconds
0.6762014648433007,0.9169200180595936,0.6530139103554868,0.659617730784872,0.6163499003352234,898,0.6305970149253731,0.6770833333333334,845,495,11623,403,scale-free,n513p164,piglasso,4,513,164,1178.1058589741588
