aupr,auroc,f1,f1_opt,mcc,shd,precision,recall,tp,fp,tn,fn,topology,config,method,rep,n,p,wall_seconds
0.5021023388019037,0.8931622748745202,0.2565597667638484,0.572972972972973,0.2538838525393303,510,0.14915254237288136,0.9166666666666666,88,502,627,8,scale-free,n100p50,piglasso,21,100,50,122.40377759933472
