aupr,auroc,f1,f1_opt,mcc,shd,precision,recall,tp,fp,tn,fn,topology,config,method,rep,n,p,wall_seconds
0.5162132284732648,0.9051197593740773,0.2839313572542902,0.5869565217391304,0.29515909068849605,459,0.1669724770642202,0.9479166666666666,91,454,675,5,scale-free,n100p50,piglasso,22,100,50,195.3309512087144
