aupr,auroc,f1,f1_opt,mcc,shd,precision,recall,tp,fp,tn,fn,topology,config,method,rep,n,p,wall_seconds
0.7206441211310215,0.9752256288575545,0.29729729729729726,0.7400468384074942,0.3394880658870824,936,0.17475728155339806,0.9949748743718593,198,935,1869,1,cluster,n237p78,piglasso,45,237,78,502.33452445920557
