aupr,auroc,f1,f1_opt,mcc,shd,precision,recall,tp,fp,tn,fn,topology,config,method,rep,n,p,wall_seconds
0.6716417910447762,0.9962812711291413,0.10882708585247883,0.8035714285714287,0.20786342301391114,737,0.05754475703324808,1.0,45,737,2221,0,hub,n237p78,piglasso,26,237,78,375.966120401863
