aupr,auroc,f1,f1_opt,mcc,shd,precision,recall,tp,fp,tn,fn,topology,config,method,rep,n,p,wall_seconds
0.703125,0.9967883705206221,0.10404624277456646,0.8256880733944955,0.20124593359949652,775,0.054878048780487805,1.0,45,775,2183,0,hub,n237p78,piglasso,46,237,78,362.5730001023039
