aupr,auroc,f1,f1_opt,mcc,shd,precision,recall,tp,fp,tn,fn,topology,config,method,rep,n,p,wall_seconds
0.7368452914757717,0.9767107167140291,0.26895187870797627,0.815668202764977,0.3046346985191627,1109,0.15548780487804878,0.9951219512195122,204,1108,1690,1,cluster,n237p78,piglasso,10,237,78,645.5814538663253
