aupr,auroc,f1,f1_opt,mcc,shd,precision,recall,tp,fp,tn,fn,topology,config,method,rep,n,p,wall_seconds
0.9402534635185835,0.997044793378199,0.5108820160366552,0.9228508449669361,0.5542951867296252,1281,0.3436055469953775,0.9955357142857143,669,1278,11416,3,random,n513p164,piglasso,31,513,164,2282.905357580632
