aupr,auroc,f1,f1_opt,mcc,shd,precision,recall,tp,fp,tn,fn,topology,config,method,rep,n,p,wall_seconds
0.6033862435452745,0.9537100793494655,0.11888111888111888,0.7,0.14327198080261103,756,0.06327543424317618,0.9807692307692307,51,755,418,1,random,n100p50,piglasso,2,100,50,244.43390509393066
