aupr,auroc,f1,f1_opt,mcc,shd,precision,recall,tp,fp,tn,fn,topology,config,method,rep,n,p,wall_seconds
0.34118148095306033,0.980103734439834,0.05201560468140442,0.5142857142857143,0.10270321571257016,729,0.0267022696929239,1.0,20,729,476,0,hub,n100p50,piglasso,4,100,50,88.29129843972623
