aupr,auroc,f1,f1_opt,mcc,shd,precision,recall,tp,fp,tn,fn,topology,config,method,rep,n,p,wall_seconds
0.5995629383364516,0.9258570874881082,0.18846153846153846,0.6631016042780747,0.14438777273380357,844,0.10436634717784878,0.9702970297029703,98,841,283,3,cluster,n100p50,piglasso,4,100,50,119.58893359918147
