aupr,auroc,f1,f1_opt,mcc,shd,precision,recall,tp,fp,tn,fn,topology,config,method,rep,n,p,wall_seconds
0.8292774028593347,0.9914209305627869,0.2690909090909091,0.8391608391608392,0.3341890051005752,804,0.15546218487394958,1.0,148,804,2051,0,random,n237p78,piglasso,2,237,78,522.1667436668649
