aupr,auroc,f1,f1_opt,mcc,shd,precision,recall,tp,fp,tn,fn,topology,config,method,rep,n,p,wall_seconds
0.5685887916589651,0.933478650288806,0.20572640509013784,0.6595744680851064,0.1962753410984948,749,0.11465721040189125,1.0,97,749,379,0,cluster,n100p50,piglasso,15,100,50,159.47655964968726
