aupr,auroc,f1,f1_opt,mcc,shd,precision,recall,tp,fp,tn,fn,topology,config,method,rep,n,p,wall_seconds
0.8021241867516642,0.9753386699507389,0.3145539906103286,0.7868020304568528,0.3550603174302914,876,0.1869767441860465,0.9901477832512315,201,874,1926,2,cluster,n237p78,piglasso,18,237,78,661.8990360940807
