aupr,auroc,f1,f1_opt,mcc,shd,precision,recall,tp,fp,tn,fn,topology,config,method,rep,n,p,wall_seconds
0.7501073822304818,0.9507533022494234,0.49866903283052355,0.7154742096505823,0.497146260353288,565,0.3381468110709988,0.9493243243243243,281,550,2157,15,scale-free,n237p78,piglasso,41,237,78,510.70550240715966
