aupr,auroc,f1,f1_opt,mcc,shd,precision,recall,tp,fp,tn,fn,topology,config,method,rep,n,p,wall_seconds
0.313891589277938,0.9776763485477178,0.05524861878453039,0.4761904761904763,0.11082915102404546,684,0.028409090909090908,1.0,20,684,521,0,hub,n100p50,piglasso,39,100,50,63.136659753043205
