aupr,auroc,f1,f1_opt,mcc,shd,precision,recall,tp,fp,tn,fn,topology,config,method,rep,n,p,wall_seconds
0.45408374705414095,0.9725311203319502,0.06033182503770739,0.6250000000000001,0.12256810743460206,623,0.03110419906687403,1.0,20,623,582,0,hub,n100p50,piglasso,14,100,50,87.77504292223603
