aupr,auroc,f1,f1_opt,mcc,shd,precision,recall,tp,fp,tn,fn,topology,config,method,rep,n,p,wall_seconds
0.650264470779392,0.9092693548165264,0.6474033580632564,0.6474033580632564,0.6103116059165371,903,0.6313785224676314,0.6642628205128205,829,484,11634,419,scale-free,n513p164,piglasso,28,513,164,509.40917098289356
