aupr,auroc,f1,f1_opt,mcc,shd,precision,recall,tp,fp,tn,fn,topology,config,method,rep,n,p,wall_seconds
0.8739560375441652,0.996143337206746,0.6757865937072504,0.8550458715596331,0.702121368401038,237,0.5189075630252101,0.9686274509803922,247,229,12882,8,hub,n513p164,piglasso,35,513,164,653.6392026441172
