aupr,auroc,f1,f1_opt,mcc,shd,precision,recall,tp,fp,tn,fn,topology,config,method,rep,n,p,wall_seconds
0.704285676797479,0.9305542771719121,0.6656976744186046,0.6730528946272387,0.6310977330952675,920,0.6090425531914894,0.7339743589743589,916,588,11530,332,scale-free,n513p164,piglasso,47,513,164,799.4479881529696
