aupr,auroc,f1,f1_opt,mcc,shd,precision,recall,tp,fp,tn,fn,topology,config,method,rep,n,p,wall_seconds
0.7252440119802679,0.9486472758314279,0.4746345657781599,0.725752508361204,0.46972606651841303,611,0.31833910034602075,0.9324324324324325,276,591,2116,20,scale-free,n237p78,piglasso,7,237,78,619.5778130441904
