aupr,auroc,f1,f1_opt,mcc,shd,precision,recall,tp,fp,tn,fn,topology,config,method,rep,n,p,wall_seconds
0.33261421378303874,0.936938116435367,0.0576,0.5283018867924528,0.1136432567208214,589,0.0297029702970297,0.9473684210526315,18,588,618,1,hub,n100p50,piglasso,3,100,50,144.4780626767315
