aupr,auroc,f1,f1_opt,mcc,shd,precision,recall,tp,fp,tn,fn,topology,config,method,rep,n,p,wall_seconds
0.8837038297527267,0.9972688359043589,0.6560846560846562,0.8544423440453687,0.6872682633319739,260,0.4940239043824701,0.9763779527559056,248,254,12858,6,hub,n513p164,piglasso,33,513,164,1251.790471333079
