aupr,auroc,f1,f1_opt,mcc,shd,precision,recall,tp,fp,tn,fn,topology,config,method,rep,n,p,wall_seconds
0.6656930193371872,0.921558472029473,0.4881170018281536,0.694589877835951,0.47633040024179807,560,0.33458646616541354,0.902027027027027,267,531,2176,29,scale-free,n237p78,piglasso,46,237,78,445.36252983333543
