aupr,auroc,f1,f1_opt,mcc,shd,precision,recall,tp,fp,tn,fn,topology,config,method,rep,n,p,wall_seconds
0.9170400194130581,0.998530590112106,0.6402048655569782,0.900398406374502,0.677224848708772,281,0.4725897920604915,0.9920634920634921,250,279,12835,2,hub,n513p164,piglasso,48,513,164,1169.4672500407323
