aupr,auroc,f1,f1_opt,mcc,shd,precision,recall,tp,fp,tn,fn,topology,config,method,rep,n,p,wall_seconds
0.7562149305946148,0.9584627835210028,0.515807962529274,0.7444039562727746,0.5294965443943848,1654,0.35740365111561867,0.9263932702418507,881,1584,10831,70,cluster,n513p164,piglasso,43,513,164,1831.4898004191928
