aupr,auroc,f1,f1_opt,mcc,shd,precision,recall,tp,fp,tn,fn,topology,config,method,rep,n,p,wall_seconds
0.5715705768776971,0.9423241732650209,0.19133937562940584,0.6336633663366336,0.17496786355414362,803,0.10579064587973273,1.0,95,803,327,0,cluster,n100p50,piglasso,41,100,50,147.41738960845396
