aupr,auroc,f1,f1_opt,mcc,shd,precision,recall,tp,fp,tn,fn,topology,config,method,rep,n,p,wall_seconds
0.70023557477853,0.9367697674258678,0.6644808743169399,0.6696392379408189,0.6296563678255145,921,0.6092184368737475,0.7307692307692307,912,585,11533,336,scale-free,n513p164,piglasso,21,513,164,1089.9982624561526
