aupr,auroc,f1,f1_opt,mcc,shd,precision,recall,tp,fp,tn,fn,topology,config,method,rep,n,p,wall_seconds
0.681845514452464,0.9342383110853743,0.4945454545454545,0.6547619047619047,0.48631975329824695,556,0.3383084577114428,0.918918918918919,272,532,2175,24,scale-free,n237p78,piglasso,2,237,78,447.45333001576364
