aupr,auroc,f1,f1_opt,mcc,shd,precision,recall,tp,fp,tn,fn,topology,config,method,rep,n,p,wall_seconds
0.6923711390950704,0.9356600620530654,0.5212008666047663,0.710352422907489,0.5207945558292939,1547,0.3728963684676705,0.8653648509763617,842,1416,10977,131,cluster,n513p164,piglasso,2,513,164,1978.9087372194044
