aupr,auroc,f1,f1_opt,mcc,shd,precision,recall,tp,fp,tn,fn,topology,config,method,rep,n,p,wall_seconds
0.47751307750573646,0.8916464435540004,0.19548872180451127,0.5562130177514794,0.17650633560484433,749,0.1087216248506571,0.9680851063829787,91,746,385,3,cluster,n100p50,piglasso,48,100,50,186.22357608703896
