aupr,auroc,f1,f1_opt,mcc,shd,precision,recall,tp,fp,tn,fn,topology,config,method,rep,n,p,wall_seconds
0.54115907043937,0.8960409285503397,0.23733333333333334,0.6210526315789473,0.22984639776720525,572,0.13608562691131498,0.9270833333333334,89,565,564,7,scale-free,n100p50,piglasso,32,100,50,112.18080394109711
