aupr,auroc,f1,f1_opt,mcc,shd,precision,recall,tp,fp,tn,fn,topology,config,method,rep,n,p,wall_seconds
0.7488431623336449,0.9577904733982949,0.5331746504016662,0.7427635172037137,0.5416590367478167,1569,0.3759966428871171,0.9161554192229039,896,1487,10901,82,cluster,n513p164,piglasso,36,513,164,2217.0097854956985
