aupr,auroc,f1,f1_opt,mcc,shd,precision,recall,tp,fp,tn,fn,topology,config,method,rep,n,p,wall_seconds
0.7440040438072562,0.9436795495162692,0.49862005519779207,0.7284991568296796,0.48957054726292965,545,0.34260429835651074,0.9155405405405406,271,520,2187,25,scale-free,n237p78,piglasso,16,237,78,587.0096086920239
