aupr,auroc,f1,f1_opt,mcc,shd,precision,recall,tp,fp,tn,fn,topology,config,method,rep,n,p,wall_seconds
0.5682641740635985,0.8976463315618542,0.2517289073305671,0.6210526315789473,0.2543937710004457,541,0.14513556618819776,0.9479166666666666,91,536,593,5,scale-free,n100p50,piglasso,20,100,50,109.85128879081458
