aupr,auroc,f1,f1_opt,mcc,shd,precision,recall,tp,fp,tn,fn,topology,config,method,rep,n,p,wall_seconds
0.7002492468932264,0.9236364180952287,0.49619771863117873,0.7030716723549487,0.4799997799497126,530,0.34523809523809523,0.8817567567567568,261,495,2212,35,scale-free,n237p78,piglasso,19,237,78,375.86861555976793
