aupr,auroc,f1,f1_opt,mcc,shd,precision,recall,tp,fp,tn,fn,topology,config,method,rep,n,p,wall_seconds
0.5261057079690877,0.9453455495122162,0.1611940298507463,0.6358381502890174,0.15187166680668102,843,0.08766233766233766,1.0,81,843,301,0,cluster,n100p50,piglasso,9,100,50,108.74249401222914
