aupr,auroc,f1,f1_opt,mcc,shd,precision,recall,tp,fp,tn,fn,topology,config,method,rep,n,p,wall_seconds
0.7140067291934749,0.9420652412663865,0.4819700967458223,0.7101200686106347,0.4754554217044805,589,0.3258026159334126,0.9256756756756757,274,567,2140,22,scale-free,n237p78,piglasso,0,237,78,530.2012244970538
