aupr,auroc,f1,f1_opt,mcc,shd,precision,recall,tp,fp,tn,fn,topology,config,method,rep,n,p,wall_seconds
0.43304474341920185,0.8573866991437851,0.2745762711864407,0.4838709677419355,0.2618384330473378,428,0.16396761133603238,0.84375,81,413,716,15,scale-free,n100p50,piglasso,2,100,50,161.5133383963257
