aupr,auroc,f1,f1_opt,mcc,shd,precision,recall,tp,fp,tn,fn,topology,config,method,rep,n,p,wall_seconds
0.899197211346104,0.9949536819070588,0.6578249336870027,0.8735632183908046,0.6886976521290173,258,0.496,0.9763779527559056,248,252,12860,6,hub,n513p164,piglasso,16,513,164,1095.1689593768679
