aupr,auroc,f1,f1_opt,mcc,shd,precision,recall,tp,fp,tn,fn,topology,config,method,rep,n,p,wall_seconds
0.8004465804762722,0.9919005430605643,0.2823330515638208,0.8505747126436781,0.3393573047303817,849,0.1643700787401575,1.0,167,849,1987,0,random,n237p78,piglasso,35,237,78,657.3887313096784
