aupr,auroc,f1,f1_opt,mcc,shd,precision,recall,tp,fp,tn,fn,topology,config,method,rep,n,p,wall_seconds
0.5903446167665225,0.9210076370682777,0.18218218218218218,0.6742857142857142,0.15603288021709966,817,0.10044150110375276,0.978494623655914,91,815,317,2,cluster,n100p50,piglasso,19,100,50,114.1109516187571
