aupr,auroc,f1,f1_opt,mcc,shd,precision,recall,tp,fp,tn,fn,topology,config,method,rep,n,p,wall_seconds
0.7266228265511048,0.94432227757865,0.464255677039529,0.7204116638078901,0.4594169409889522,637,0.3090705487122061,0.9324324324324325,276,617,2090,20,scale-free,n237p78,piglasso,6,237,78,470.32152082165703
