aupr,auroc,f1,f1_opt,mcc,shd,precision,recall,tp,fp,tn,fn,topology,config,method,rep,n,p,wall_seconds
0.8487635123651888,0.9896658813450417,0.2787878787878788,0.8734177215189873,0.33837453923188215,833,0.1619718309859155,1.0,161,833,2009,0,random,n237p78,piglasso,47,237,78,723.9827681449242
