aupr,auroc,f1,f1_opt,mcc,shd,precision,recall,tp,fp,tn,fn,topology,config,method,rep,n,p,wall_seconds
0.5333078065435815,0.9447406207992178,0.12796208530805686,0.6557377049180327,0.14667350220118272,736,0.06852791878172589,0.9642857142857143,54,734,435,2,random,n100p50,piglasso,0,100,50,132.09399367822334
