aupr,auroc,f1,f1_opt,mcc,shd,precision,recall,tp,fp,tn,fn,topology,config,method,rep,n,p,wall_seconds
0.8491461369350704,0.9936498774867536,0.2619439868204283,0.8819875776397514,0.3212935540332223,896,0.15071090047393365,1.0,159,896,1948,0,random,n237p78,piglasso,41,237,78,601.6231554457918
