aupr,auroc,f1,f1_opt,mcc,shd,precision,recall,tp,fp,tn,fn,topology,config,method,rep,n,p,wall_seconds
0.7428100361558422,0.9475581461779679,0.679986898132984,0.719047619047619,0.6541757578103372,977,0.5750692520775623,0.8317307692307693,1038,767,11351,210,scale-free,n513p164,piglasso,34,513,164,1064.9916978208348
