aupr,auroc,f1,f1_opt,mcc,shd,precision,recall,tp,fp,tn,fn,topology,config,method,rep,n,p,wall_seconds
0.284778878407247,0.9554149377593361,0.06144393241167435,0.4444444444444445,0.12499712302125474,611,0.03169572107765452,1.0,20,611,594,0,hub,n100p50,piglasso,16,100,50,180.8187696421519
