aupr,auroc,f1,f1_opt,mcc,shd,precision,recall,tp,fp,tn,fn,topology,config,method,rep,n,p,wall_seconds
0.7082925620489855,0.9359177688096962,0.6641300588031823,0.6850058117008911,0.6316753440804955,971,0.5842970176506391,0.7692307692307693,960,683,11435,288,scale-free,n513p164,piglasso,39,513,164,1083.0709793227725
