aupr,auroc,f1,f1_opt,mcc,shd,precision,recall,tp,fp,tn,fn,topology,config,method,rep,n,p,wall_seconds
0.33647491125510154,0.9718672199170124,0.06097560975609756,0.5,0.12397969509372188,616,0.031446540880503145,1.0,20,616,589,0,hub,n100p50,piglasso,13,100,50,139.39206165540963
