aupr,auroc,f1,f1_opt,mcc,shd,precision,recall,tp,fp,tn,fn,topology,config,method,rep,n,p,wall_seconds
0.5883282701834176,0.9656751114906537,0.11713665943600868,0.6964285714285714,0.13771862494906295,814,0.06221198156682028,1.0,54,814,357,0,random,n100p50,piglasso,38,100,50,197.79886048613116
