aupr,auroc,f1,f1_opt,mcc,shd,precision,recall,tp,fp,tn,fn,topology,config,method,rep,n,p,wall_seconds
0.6383689282498807,0.9948012921643754,0.10830324909747292,0.7706422018348624,0.2071470465389278,741,0.05725190839694656,1.0,45,741,2217,0,hub,n237p78,piglasso,35,237,78,295.23259210865945
