aupr,auroc,f1,f1_opt,mcc,shd,precision,recall,tp,fp,tn,fn,topology,config,method,rep,n,p,wall_seconds
0.920179512830924,0.994989027548858,0.519578947368421,0.896999188969992,0.5622163922516967,1141,0.3525714285714286,0.9872,617,1133,11608,8,random,n513p164,piglasso,13,513,164,1736.827312353067
