aupr,auroc,f1,f1_opt,mcc,shd,precision,recall,tp,fp,tn,fn,topology,config,method,rep,n,p,wall_seconds
0.8012651322213661,0.9805678951309773,0.27234636871508383,0.8564231738035265,0.31320864193345394,1042,0.15776699029126215,0.9948979591836735,195,1041,1766,1,cluster,n237p78,piglasso,48,237,78,631.7885243059136
