aupr,auroc,f1,f1_opt,mcc,shd,precision,recall,tp,fp,tn,fn,topology,config,method,rep,n,p,wall_seconds
0.3693232857120298,0.9717427385892117,0.05763688760806917,0.5517241379310345,0.11648428158864187,654,0.02967359050445104,1.0,20,654,551,0,hub,n100p50,piglasso,8,100,50,97.60576620465145
