aupr,auroc,f1,f1_opt,mcc,shd,precision,recall,tp,fp,tn,fn,topology,config,method,rep,n,p,wall_seconds
0.7293594634451617,0.9732719350366409,0.2826243691420332,0.7772020725388601,0.3226786935495733,995,0.1648444070647603,0.98989898989899,196,993,1812,2,cluster,n237p78,piglasso,1,237,78,612.1971401949413
