aupr,auroc,f1,f1_opt,mcc,shd,precision,recall,tp,fp,tn,fn,topology,config,method,rep,n,p,wall_seconds
0.8005380848724003,0.9914417572146279,0.2459016393442623,0.858974358974359,0.30819016962887746,920,0.14018691588785046,1.0,150,920,1933,0,random,n237p78,piglasso,42,237,78,551.8607811178081
