aupr,auroc,f1,f1_opt,mcc,shd,precision,recall,tp,fp,tn,fn,topology,config,method,rep,n,p,wall_seconds
0.8568884610828362,0.9960466279611633,0.6786703601108034,0.8336673346693387,0.7038396929473494,232,0.5235042735042735,0.9645669291338582,245,223,12889,9,hub,n513p164,piglasso,4,513,164,873.2824185471982
