aupr,auroc,f1,f1_opt,mcc,shd,precision,recall,tp,fp,tn,fn,topology,config,method,rep,n,p,wall_seconds
0.46315600686662595,0.9376223776223775,0.12342857142857143,0.5950413223140496,0.14399366533772087,767,0.06585365853658537,0.9818181818181818,54,766,404,1,random,n100p50,piglasso,8,100,50,178.4495434788987
