aupr,auroc,f1,f1_opt,mcc,shd,precision,recall,tp,fp,tn,fn,topology,config,method,rep,n,p,wall_seconds
0.7361571544569425,0.9913573131434859,0.19925093632958804,0.8294314381270902,0.26350538488177794,1069,0.11064891846921797,1.0,133,1069,1801,0,random,n237p78,piglasso,3,237,78,630.4281772500835
