aupr,auroc,f1,f1_opt,mcc,shd,precision,recall,tp,fp,tn,fn,topology,config,method,rep,n,p,wall_seconds
0.8931732801941636,0.9980526754214767,0.6684350132625994,0.8799999999999999,0.6995203718962741,250,0.5050100200400801,0.9882352941176471,252,247,12864,3,hub,n513p164,piglasso,32,513,164,1455.5439570131712
