aupr,auroc,f1,f1_opt,mcc,shd,precision,recall,tp,fp,tn,fn,topology,config,method,rep,n,p,wall_seconds
0.6402692655798731,0.9936931860866952,0.11826544021024966,0.7735849056603773,0.2204366199638333,671,0.06284916201117319,1.0,45,671,2287,0,hub,n237p78,piglasso,32,237,78,335.06815703678876
