aupr,auroc,f1,f1_opt,mcc,shd,precision,recall,tp,fp,tn,fn,topology,config,method,rep,n,p,wall_seconds
0.6010189953600806,0.9941664788520772,0.12080536912751677,0.7387387387387386,0.22372015988539806,655,0.06428571428571428,1.0,45,655,2303,0,hub,n237p78,piglasso,40,237,78,315.60808943677694
