aupr,auroc,f1,f1_opt,mcc,shd,precision,recall,tp,fp,tn,fn,topology,config,method,rep,n,p,wall_seconds
0.8581671969711994,0.9954596198469395,0.6559139784946236,0.8470588235294119,0.6843102867737507,256,0.49795918367346936,0.9606299212598425,244,246,12866,10,hub,n513p164,piglasso,21,513,164,644.6867761160247
