aupr,auroc,f1,f1_opt,mcc,shd,precision,recall,tp,fp,tn,fn,topology,config,method,rep,n,p,wall_seconds
0.6834359196242973,0.9207621780589164,0.6653225806451613,0.6653225806451613,0.6311161275543233,830,0.6696428571428571,0.6610576923076923,825,407,11711,423,scale-free,n513p164,piglasso,30,513,164,876.9300105427392
