aupr,auroc,f1,f1_opt,mcc,shd,precision,recall,tp,fp,tn,fn,topology,config,method,rep,n,p,wall_seconds
0.7498801519190154,0.9842420622416201,0.25716768027801906,0.8193548387096774,0.3196387164934361,855,0.14770459081836326,0.9932885906040269,148,854,2000,1,random,n237p78,piglasso,32,237,78,486.0068619013764
