aupr,auroc,f1,f1_opt,mcc,shd,precision,recall,tp,fp,tn,fn,topology,config,method,rep,n,p,wall_seconds
0.6359321372826287,0.9529149874454034,0.17566137566137568,0.7012987012987013,0.17494666736708872,779,0.0962877030162413,1.0,83,779,363,0,cluster,n100p50,piglasso,0,100,50,304.29718671599403
