aupr,auroc,f1,f1_opt,mcc,shd,precision,recall,tp,fp,tn,fn,topology,config,method,rep,n,p,wall_seconds
0.5205390113902958,0.9769627238650562,0.1084070796460177,0.6440677966101694,0.1342802631953805,806,0.05730994152046784,1.0,49,806,370,0,random,n100p50,piglasso,32,100,50,177.0597957628779
