aupr,auroc,f1,f1_opt,mcc,shd,precision,recall,tp,fp,tn,fn,topology,config,method,rep,n,p,wall_seconds
0.9219814649941309,0.9943978041229555,0.5614567526555386,0.8876560332871013,0.5931717592694419,1156,0.39174166225516144,0.9906291834002677,740,1149,11470,7,random,n513p164,piglasso,3,513,164,2713.061751996167
