aupr,auroc,f1,f1_opt,mcc,shd,precision,recall,tp,fp,tn,fn,topology,config,method,rep,n,p,wall_seconds
0.5720325840876926,0.9122287422497786,0.2540983606557377,0.6145251396648044,0.2623809518526419,546,0.14622641509433962,0.96875,93,543,586,3,scale-free,n100p50,piglasso,5,100,50,168.52236470812932
