aupr,auroc,f1,f1_opt,mcc,shd,precision,recall,tp,fp,tn,fn,topology,config,method,rep,n,p,wall_seconds
0.6262630416061379,0.9592828016310866,0.20045558086560364,0.6774193548387097,0.20643920910494826,702,0.11139240506329114,1.0,88,702,435,0,cluster,n100p50,piglasso,27,100,50,221.93485595891252
