aupr,auroc,f1,f1_opt,mcc,shd,precision,recall,tp,fp,tn,fn,topology,config,method,rep,n,p,wall_seconds
0.3249279186160374,0.9768257261410788,0.05376344086021505,0.48387096774193544,0.10716946291046978,704,0.027624309392265192,1.0,20,704,501,0,hub,n100p50,piglasso,0,100,50,77.1489046337083
