aupr,auroc,f1,f1_opt,mcc,shd,precision,recall,tp,fp,tn,fn,topology,config,method,rep,n,p,wall_seconds
0.5519415548177735,0.9055933952528379,0.19003476245654694,0.6405228758169935,0.18695704306739325,699,0.10539845758354756,0.9647058823529412,82,696,444,3,cluster,n100p50,piglasso,44,100,50,126.05028972495347
