aupr,auroc,f1,f1_opt,mcc,shd,precision,recall,tp,fp,tn,fn,topology,config,method,rep,n,p,wall_seconds
0.4710074224418167,0.9738589211618257,0.05917159763313609,0.6538461538461537,0.1199846496945828,636,0.03048780487804878,1.0,20,636,569,0,hub,n100p50,piglasso,43,100,50,109.41065308777615
