aupr,auroc,f1,f1_opt,mcc,shd,precision,recall,tp,fp,tn,fn,topology,config,method,rep,n,p,wall_seconds
0.9261471669973742,0.9986695483610613,0.5740318906605922,0.9246031746031745,0.6237447302116171,374,0.40384615384615385,0.9921259842519685,252,372,12740,2,hub,n513p164,piglasso,49,513,164,1342.0202579027973
