aupr,auroc,f1,f1_opt,mcc,shd,precision,recall,tp,fp,tn,fn,topology,config,method,rep,n,p,wall_seconds
0.604892059665226,0.9507656101650405,0.17846153846153845,0.6448598130841122,0.1703322812064543,801,0.09797297297297297,1.0,87,801,337,0,cluster,n100p50,piglasso,20,100,50,151.52903265086934
