aupr,auroc,f1,f1_opt,mcc,shd,precision,recall,tp,fp,tn,fn,topology,config,method,rep,n,p,wall_seconds
0.9303148283999594,0.9970725364458656,0.4774907749077491,0.9196499602227525,0.5275415248955925,1416,0.3137730358874879,0.9984567901234568,647,1415,11303,1,random,n513p164,piglasso,9,513,164,2570.215812855866
