aupr,auroc,f1,f1_opt,mcc,shd,precision,recall,tp,fp,tn,fn,topology,config,method,rep,n,p,wall_seconds
0.5690796476734233,0.9447291585846418,0.18259023354564755,0.6628571428571428,0.18041127024782505,770,0.10046728971962617,1.0,86,770,369,0,cluster,n100p50,piglasso,31,100,50,138.07035423908383
