aupr,auroc,f1,f1_opt,mcc,shd,precision,recall,tp,fp,tn,fn,topology,config,method,rep,n,p,wall_seconds
0.7907779060786664,0.9853091396872251,0.2733612273361227,0.8421052631578947,0.31551416516266256,1042,0.1583198707592892,1.0,196,1042,1765,0,cluster,n237p78,piglasso,31,237,78,831.7099340832792
