aupr,auroc,f1,f1_opt,mcc,shd,precision,recall,tp,fp,tn,fn,topology,config,method,rep,n,p,wall_seconds
0.7397360674513254,0.9437870025941489,0.660407898996439,0.7104930467762326,0.6328200168377093,1049,0.5540467137425312,0.8173076923076923,1020,821,11297,228,scale-free,n513p164,piglasso,23,513,164,1840.8478665491566
