aupr,auroc,f1,f1_opt,mcc,shd,precision,recall,tp,fp,tn,fn,topology,config,method,rep,n,p,wall_seconds
0.7045758450205069,0.9395993635976543,0.5172413793103448,0.7160751565762005,0.5205008921630377,1680,0.3642250101173614,0.8919722497522299,900,1571,10786,109,cluster,n513p164,piglasso,14,513,164,2442.846369198989
