aupr,auroc,f1,f1_opt,mcc,shd,precision,recall,tp,fp,tn,fn,topology,config,method,rep,n,p,wall_seconds
0.6810844892812106,0.9964164976335361,0.10869565217391304,0.7924528301886792,0.20768387496156418,738,0.05747126436781609,1.0,45,738,2220,0,hub,n237p78,piglasso,45,237,78,315.5670888540335
