aupr,auroc,f1,f1_opt,mcc,shd,precision,recall,tp,fp,tn,fn,topology,config,method,rep,n,p,wall_seconds
0.5519660458250135,0.947876291989664,0.1596009975062344,0.6386554621848739,0.1907261212904081,674,0.08672086720867209,1.0,64,674,487,0,random,n100p50,piglasso,30,100,50,122.79917795071378
