aupr,auroc,f1,f1_opt,mcc,shd,precision,recall,tp,fp,tn,fn,topology,config,method,rep,n,p,wall_seconds
0.8785943466118524,0.9958717496608895,0.6543535620052771,0.8582995951417004,0.6851271933665173,262,0.49304174950298213,0.9725490196078431,248,255,12856,7,hub,n513p164,piglasso,7,513,164,1461.7489569112659
