aupr,auroc,f1,f1_opt,mcc,shd,precision,recall,tp,fp,tn,fn,topology,config,method,rep,n,p,wall_seconds
0.4268409785932722,0.9865975103734439,0.05657708628005658,0.6,0.1140077155954919,667,0.02911208151382824,1.0,20,667,538,0,hub,n100p50,piglasso,26,100,50,81.0770624098368
