aupr,auroc,f1,f1_opt,mcc,shd,precision,recall,tp,fp,tn,fn,topology,config,method,rep,n,p,wall_seconds
0.6631153702455188,0.9506476970770593,0.24967148488830485,0.6947368421052632,0.26149374985827,571,0.14285714285714285,0.9895833333333334,95,570,559,1,scale-free,n100p50,piglasso,11,100,50,141.12740830425173
