aupr,auroc,f1,f1_opt,mcc,shd,precision,recall,tp,fp,tn,fn,topology,config,method,rep,n,p,wall_seconds
0.761880053662796,0.9791706621841662,0.2565157750342935,0.8256410256410256,0.2973923233365704,1084,0.14736012608353033,0.9894179894179894,187,1082,1732,2,cluster,n237p78,piglasso,42,237,78,578.9931985968724
