aupr,auroc,f1,f1_opt,mcc,shd,precision,recall,tp,fp,tn,fn,topology,config,method,rep,n,p,wall_seconds
0.9227207294363315,0.99428601269177,0.5663349917081261,0.8736842105263158,0.5989477727948785,1046,0.39709302325581397,0.9869942196531792,683,1037,11637,9,random,n513p164,piglasso,28,513,164,1733.7509069349617
