aupr,auroc,f1,f1_opt,mcc,shd,precision,recall,tp,fp,tn,fn,topology,config,method,rep,n,p,wall_seconds
0.5591045520600225,0.9121318644818424,0.26448736998514116,0.6417112299465241,0.26642445939460624,495,0.15424610051993068,0.9270833333333334,89,488,641,7,scale-free,n100p50,piglasso,18,100,50,180.77996046608314
