aupr,auroc,f1,f1_opt,mcc,shd,precision,recall,tp,fp,tn,fn,topology,config,method,rep,n,p,wall_seconds
0.7070880890455529,0.9415971975361932,0.6634746922024624,0.6860095389507155,0.6316801312562395,984,0.5787589498806682,0.7772435897435898,970,706,11412,278,scale-free,n513p164,piglasso,37,513,164,1548.5569927431643
