aupr,auroc,f1,f1_opt,mcc,shd,precision,recall,tp,fp,tn,fn,topology,config,method,rep,n,p,wall_seconds
0.5205677806365776,0.8845770593445527,0.25,0.5539906103286384,0.24514961925321788,528,0.14473684210526316,0.9166666666666666,88,520,609,8,scale-free,n100p50,piglasso,41,100,50,156.8916745246388
