aupr,auroc,f1,f1_opt,mcc,shd,precision,recall,tp,fp,tn,fn,topology,config,method,rep,n,p,wall_seconds
0.7236201452764839,0.9559207286349457,0.497393117831074,0.7422680412371133,0.5097203121736301,1928,0.33926031294452347,0.931640625,954,1858,10484,70,cluster,n513p164,piglasso,15,513,164,1963.8802197179757
