aupr,auroc,f1,f1_opt,mcc,shd,precision,recall,tp,fp,tn,fn,topology,config,method,rep,n,p,wall_seconds
0.2326573827715617,0.9487551867219917,0.06163328197226502,0.38596491228070173,0.12540627890765127,609,0.03179650238473768,1.0,20,609,596,0,hub,n100p50,piglasso,36,100,50,160.08179723797366
