aupr,auroc,f1,f1_opt,mcc,shd,precision,recall,tp,fp,tn,fn,topology,config,method,rep,n,p,wall_seconds
0.5403949265767632,0.9663480963480964,0.12971698113207547,0.6371681415929203,0.16002715842840157,738,0.06935687263556116,1.0,55,738,432,0,random,n100p50,piglasso,27,100,50,101.97390706790611
