aupr,auroc,f1,f1_opt,mcc,shd,precision,recall,tp,fp,tn,fn,topology,config,method,rep,n,p,wall_seconds
0.6175401301558995,0.9659910637381568,0.14678899082568805,0.6976744186046512,0.1686693705554252,744,0.07920792079207921,1.0,64,744,417,0,random,n100p50,piglasso,45,100,50,184.8785843802616
