aupr,auroc,f1,f1_opt,mcc,shd,precision,recall,tp,fp,tn,fn,topology,config,method,rep,n,p,wall_seconds
0.5017577974293679,0.9607303807303808,0.12658227848101267,0.6101694915254237,0.1540625643538161,759,0.06756756756756757,1.0,55,759,411,0,random,n100p50,piglasso,42,100,50,212.84226131485775
