aupr,auroc,f1,f1_opt,mcc,shd,precision,recall,tp,fp,tn,fn,topology,config,method,rep,n,p,wall_seconds
0.549982277991308,0.9104295837023915,0.28616852146263916,0.6086956521739131,0.295498954792148,449,0.16885553470919323,0.9375,90,443,686,6,scale-free,n100p50,piglasso,33,100,50,224.0619391221553
