aupr,auroc,f1,f1_opt,mcc,shd,precision,recall,tp,fp,tn,fn,topology,config,method,rep,n,p,wall_seconds
0.9197830853259683,0.9982685512579689,0.5871345029239766,0.9033530571992111,0.633506545584612,353,0.4176372712146423,0.9881889763779528,251,350,12762,3,hub,n513p164,piglasso,30,513,164,1266.2953501557931
