aupr,auroc,f1,f1_opt,mcc,shd,precision,recall,tp,fp,tn,fn,topology,config,method,rep,n,p,wall_seconds
0.7030611334225793,0.9961911201262112,0.11780104712041885,0.8190476190476191,0.2198319319596752,674,0.06258692628650904,1.0,45,674,2284,0,hub,n237p78,piglasso,2,237,78,344.9770918348804
