aupr,auroc,f1,f1_opt,mcc,shd,precision,recall,tp,fp,tn,fn,topology,config,method,rep,n,p,wall_seconds
0.6368146994765362,0.9824381200521094,0.1146067415730337,0.7339449541284404,0.14137210074131434,788,0.060786650774731825,1.0,51,788,386,0,random,n100p50,piglasso,46,100,50,131.9876485830173
