aupr,auroc,f1,f1_opt,mcc,shd,precision,recall,tp,fp,tn,fn,topology,config,method,rep,n,p,wall_seconds
0.9121547331136151,0.994387365797117,0.5114921561473914,0.8992137240886348,0.5525785735519269,1339,0.34447174447174445,0.9929178470254958,701,1334,11326,5,random,n513p164,piglasso,44,513,164,2466.235987999942
