aupr,auroc,f1,f1_opt,mcc,shd,precision,recall,tp,fp,tn,fn,topology,config,method,rep,n,p,wall_seconds
0.5570838095478703,0.9770393105890686,0.08911917098445594,0.7047619047619047,0.10934057243526127,879,0.046637744034707156,1.0,43,879,303,0,random,n100p50,piglasso,13,100,50,192.92462534457445
