aupr,auroc,f1,f1_opt,mcc,shd,precision,recall,tp,fp,tn,fn,topology,config,method,rep,n,p,wall_seconds
0.7469668761220651,0.9415964701799824,0.6808964781216649,0.7027027027027026,0.649017463830696,897,0.6122840690978887,0.7668269230769231,957,606,11512,291,scale-free,n513p164,piglasso,15,513,164,1711.4274916700087
