aupr,auroc,f1,f1_opt,mcc,shd,precision,recall,tp,fp,tn,fn,topology,config,method,rep,n,p,wall_seconds
0.386984126984127,0.9862033195020747,0.054421768707483,0.5538461538461539,0.1088061745629171,695,0.027972027972027972,1.0,20,695,510,0,hub,n100p50,piglasso,34,100,50,68.53087193984538
