aupr,auroc,f1,f1_opt,mcc,shd,precision,recall,tp,fp,tn,fn,topology,config,method,rep,n,p,wall_seconds
0.7155871470486479,0.9309507524301632,0.668100358422939,0.6871508379888267,0.6342966028244204,926,0.6044098573281452,0.7467948717948718,932,610,11508,316,scale-free,n513p164,piglasso,40,513,164,1288.3692342173308
