aupr,auroc,f1,f1_opt,mcc,shd,precision,recall,tp,fp,tn,fn,topology,config,method,rep,n,p,wall_seconds
0.7449587137632864,0.94398421531225,0.6671237572848818,0.7059836418424451,0.6356560477575975,971,0.5829838226482924,0.7796474358974359,973,696,11422,275,scale-free,n513p164,piglasso,5,513,164,941.7847416759469
