aupr,auroc,f1,f1_opt,mcc,shd,precision,recall,tp,fp,tn,fn,topology,config,method,rep,n,p,wall_seconds
0.5611632450538679,0.9413684332936012,0.1371158392434988,0.6545454545454547,0.15985838576431569,730,0.07369758576874205,0.9830508474576272,58,729,437,1,random,n100p50,piglasso,22,100,50,128.41863739909604
