aupr,auroc,f1,f1_opt,mcc,shd,precision,recall,tp,fp,tn,fn,topology,config,method,rep,n,p,wall_seconds
0.5584579458087059,0.9818881856540085,0.0866738894907909,0.7058823529411764,0.1143414042922543,843,0.045300113250283124,1.0,40,843,342,0,random,n100p50,piglasso,19,100,50,136.70054302318022
