aupr,auroc,f1,f1_opt,mcc,shd,precision,recall,tp,fp,tn,fn,topology,config,method,rep,n,p,wall_seconds
0.8573998092130916,0.9943371293382912,0.673211781206171,0.8373015873015873,0.6946274141343439,233,0.5251641137855579,0.9375,240,217,12893,16,hub,n513p164,piglasso,6,513,164,1026.6281768688932
