aupr,auroc,f1,f1_opt,mcc,shd,precision,recall,tp,fp,tn,fn,topology,config,method,rep,n,p,wall_seconds
0.334230452087595,0.9662655601659751,0.05830903790087463,0.5084745762711865,0.11802941748362694,646,0.03003003003003003,1.0,20,646,559,0,hub,n100p50,piglasso,18,100,50,148.2260615117848
