aupr,auroc,f1,f1_opt,mcc,shd,precision,recall,tp,fp,tn,fn,topology,config,method,rep,n,p,wall_seconds
0.6194070374263695,0.994598452407783,0.10180995475113122,0.7610619469026547,0.19808647325821427,794,0.05363528009535161,1.0,45,794,2164,0,hub,n237p78,piglasso,43,237,78,336.33176894811913
