aupr,auroc,f1,f1_opt,mcc,shd,precision,recall,tp,fp,tn,fn,topology,config,method,rep,n,p,wall_seconds
0.7744774339113493,0.9897990791540905,0.23267326732673269,0.8356164383561644,0.2981148205861868,930,0.13165266106442577,1.0,141,930,1932,0,random,n237p78,piglasso,8,237,78,470.58601367706433
