aupr,auroc,f1,f1_opt,mcc,shd,precision,recall,tp,fp,tn,fn,topology,config,method,rep,n,p,wall_seconds
0.7141484894524187,0.9319572811795125,0.6700729927007298,0.6842911877394636,0.6358584024531502,904,0.6152815013404825,0.7355769230769231,918,574,11544,330,scale-free,n513p164,piglasso,22,513,164,925.0803096350282
