aupr,auroc,f1,f1_opt,mcc,shd,precision,recall,tp,fp,tn,fn,topology,config,method,rep,n,p,wall_seconds
0.7087267818120371,0.9387306704761385,0.5405236907730674,0.695794647733479,0.5387366449845326,1474,0.3915989159891599,0.8722334004024145,867,1347,11025,127,cluster,n513p164,piglasso,33,513,164,2076.2208401872776
