aupr,auroc,f1,f1_opt,mcc,shd,precision,recall,tp,fp,tn,fn,topology,config,method,rep,n,p,wall_seconds
0.5677168398728787,0.9145768748154709,0.2613636363636364,0.6344086021505377,0.2694503381062031,520,0.1513157894736842,0.9583333333333334,92,516,613,4,scale-free,n100p50,piglasso,12,100,50,164.87561234319583
