aupr,auroc,f1,f1_opt,mcc,shd,precision,recall,tp,fp,tn,fn,topology,config,method,rep,n,p,wall_seconds
0.6570624325782093,0.9953083915558562,0.11734028683181226,0.7889908256880733,0.21923062193548454,677,0.062326869806094184,1.0,45,677,2281,0,hub,n237p78,piglasso,14,237,78,297.55148584395647
