aupr,auroc,f1,f1_opt,mcc,shd,precision,recall,tp,fp,tn,fn,topology,config,method,rep,n,p,wall_seconds
0.6713550582467924,0.9122857157120178,0.5165289256198348,0.657672849915683,0.4925676054588507,468,0.37202380952380953,0.8445945945945946,250,422,2285,46,scale-free,n237p78,piglasso,22,237,78,346.9626108761877
