aupr,auroc,f1,f1_opt,mcc,shd,precision,recall,tp,fp,tn,fn,topology,config,method,rep,n,p,wall_seconds
0.7174074308702604,0.939226842829696,0.6662020905923345,0.6872937293729373,0.6335768210394609,958,0.5893958076448829,0.7660256410256411,956,666,11452,292,scale-free,n513p164,piglasso,45,513,164,679.4766621086746
