aupr,auroc,f1,f1_opt,mcc,shd,precision,recall,tp,fp,tn,fn,topology,config,method,rep,n,p,wall_seconds
0.7999693257409337,0.9925013016519145,0.2371794871794872,0.8670886075949368,0.29946829706282646,952,0.13454545454545455,1.0,148,952,1903,0,random,n237p78,piglasso,29,237,78,521.7929660300724
