aupr,auroc,f1,f1_opt,mcc,shd,precision,recall,tp,fp,tn,fn,topology,config,method,rep,n,p,wall_seconds
0.80745639164924,0.9907626015312269,0.2521891418563923,0.8561643835616439,0.318101770412262,854,0.14428857715430862,1.0,144,854,2005,0,random,n237p78,piglasso,49,237,78,906.980385391973
