aupr,auroc,f1,f1_opt,mcc,shd,precision,recall,tp,fp,tn,fn,topology,config,method,rep,n,p,wall_seconds
0.8528552103617598,0.9929344846491227,0.6721763085399448,0.8499025341130603,0.6964147396937937,238,0.5191489361702127,0.953125,244,226,12884,12,hub,n513p164,piglasso,39,513,164,1192.1182727687992
