aupr,auroc,f1,f1_opt,mcc,shd,precision,recall,tp,fp,tn,fn,topology,config,method,rep,n,p,wall_seconds
0.6195597155270962,0.994215310645331,0.10501750291715285,0.7522935779816514,0.20260508737706823,767,0.05541871921182266,1.0,45,767,2191,0,hub,n237p78,piglasso,16,237,78,179.04555143183097
