aupr,auroc,f1,f1_opt,mcc,shd,precision,recall,tp,fp,tn,fn,topology,config,method,rep,n,p,wall_seconds
0.9208385536034955,0.9980242898252728,0.6031363088057902,0.8980392156862744,0.645646091063667,329,0.43478260869565216,0.984251968503937,250,325,12787,4,hub,n513p164,piglasso,18,513,164,974.9005990209989
