aupr,auroc,f1,f1_opt,mcc,shd,precision,recall,tp,fp,tn,fn,topology,config,method,rep,n,p,wall_seconds
0.5755040451901481,0.9258423752583408,0.26262626262626265,0.6098654708520179,0.2686910102830857,511,0.152428810720268,0.9479166666666666,91,506,623,5,scale-free,n100p50,piglasso,7,100,50,124.1458259918727
