aupr,auroc,f1,f1_opt,mcc,shd,precision,recall,tp,fp,tn,fn,topology,config,method,rep,n,p,wall_seconds
0.7203599394437271,0.9411080132589184,0.4931255728689276,0.6825396825396826,0.4827169479186465,553,0.3383647798742138,0.9087837837837838,269,526,2181,27,scale-free,n237p78,piglasso,45,237,78,399.4281672970392
