aupr,auroc,f1,f1_opt,mcc,shd,precision,recall,tp,fp,tn,fn,topology,config,method,rep,n,p,wall_seconds
0.47870652250742884,0.8718676188367287,0.2595419847328244,0.5700000000000001,0.25120613799819047,485,0.1520572450805009,0.8854166666666666,85,474,655,11,scale-free,n100p50,piglasso,46,100,50,194.67059614509344
