aupr,auroc,f1,f1_opt,mcc,shd,precision,recall,tp,fp,tn,fn,topology,config,method,rep,n,p,wall_seconds
0.6968441563942898,0.9966493877244385,0.10489510489510491,0.8113207547169811,0.20243423307616848,768,0.055350553505535055,1.0,45,768,2190,0,hub,n237p78,piglasso,42,237,78,282.1101061180234
