aupr,auroc,f1,f1_opt,mcc,shd,precision,recall,tp,fp,tn,fn,topology,config,method,rep,n,p,wall_seconds
0.5052646640752373,0.9230237358101135,0.17177914110429446,0.6113989637305699,0.15926731991218504,810,0.0940649496080627,0.9882352941176471,84,809,331,1,cluster,n100p50,piglasso,43,100,50,112.97848739288747
