aupr,auroc,f1,f1_opt,mcc,shd,precision,recall,tp,fp,tn,fn,topology,config,method,rep,n,p,wall_seconds
0.8152444337934758,0.985491008284502,0.3109919571045576,0.8323353293413174,0.36432322593452715,771,0.1843220338983051,0.9942857142857143,174,770,2058,1,random,n237p78,piglasso,12,237,78,691.7653042119928
