aupr,auroc,f1,f1_opt,mcc,shd,precision,recall,tp,fp,tn,fn,topology,config,method,rep,n,p,wall_seconds
0.46351385263501343,0.9322703596897145,0.17762399077277974,0.5800000000000001,0.18686929071201774,713,0.09759188846641319,0.9871794871794872,77,712,435,1,cluster,n100p50,piglasso,32,100,50,136.1032349076122
