aupr,auroc,f1,f1_opt,mcc,shd,precision,recall,tp,fp,tn,fn,topology,config,method,rep,n,p,wall_seconds
0.3473929984890128,0.97948132780083,0.060882800608828,0.48,0.12377713361625395,617,0.03139717425431711,1.0,20,617,588,0,hub,n100p50,piglasso,10,100,50,129.3346194587648
