aupr,auroc,f1,f1_opt,mcc,shd,precision,recall,tp,fp,tn,fn,topology,config,method,rep,n,p,wall_seconds
0.9198365699000896,0.9941692686538338,0.5482315112540193,0.8883861236802414,0.5852510929081148,1124,0.37846836847946724,0.9941690962099126,682,1120,11560,4,random,n513p164,piglasso,1,513,164,2994.675302155316
