aupr,auroc,f1,f1_opt,mcc,shd,precision,recall,tp,fp,tn,fn,topology,config,method,rep,n,p,wall_seconds
0.8698914557471645,0.9951347543822654,0.6740027510316368,0.8670520231213872,0.6992806994317499,237,0.5190677966101694,0.9607843137254902,245,227,12884,10,hub,n513p164,piglasso,13,513,164,1579.846947253216
