aupr,auroc,f1,f1_opt,mcc,shd,precision,recall,tp,fp,tn,fn,topology,config,method,rep,n,p,wall_seconds
0.7504157676328811,0.9595117709088297,0.49637389202256244,0.7597645799892991,0.5111223565025326,1875,0.3380900109769484,0.9333333333333333,924,1809,10567,66,cluster,n513p164,piglasso,19,513,164,2306.858594339341
