aupr,auroc,f1,f1_opt,mcc,shd,precision,recall,tp,fp,tn,fn,topology,config,method,rep,n,p,wall_seconds
0.6608158105031496,0.9934415145368493,0.10428736964078794,0.7962962962962964,0.20158408461028995,773,0.0550122249388753,1.0,45,773,2185,0,hub,n237p78,piglasso,4,237,78,334.07113351486623
