aupr,auroc,f1,f1_opt,mcc,shd,precision,recall,tp,fp,tn,fn,topology,config,method,rep,n,p,wall_seconds
0.729398258342282,0.9471377478730421,0.5428308259134171,0.725,0.5451193435053754,1489,0.38994265549183943,0.8929292929292929,884,1383,10993,106,cluster,n513p164,piglasso,40,513,164,1846.4347208300605
