aupr,auroc,f1,f1_opt,mcc,shd,precision,recall,tp,fp,tn,fn,topology,config,method,rep,n,p,wall_seconds
0.8697036843314734,0.9963806850686499,0.6657608695652174,0.8549019607843137,0.6917613007078448,246,0.5104166666666666,0.95703125,245,235,12875,11,hub,n513p164,piglasso,12,513,164,1179.4691081158817
