aupr,auroc,f1,f1_opt,mcc,shd,precision,recall,tp,fp,tn,fn,topology,config,method,rep,n,p,wall_seconds
0.7423943842397354,0.9553959204864266,0.4964664310954064,0.7177033492822966,0.4950004461523701,570,0.3361244019138756,0.9493243243243243,281,555,2152,15,scale-free,n237p78,piglasso,43,237,78,487.0260225366801
