aupr,auroc,f1,f1_opt,mcc,shd,precision,recall,tp,fp,tn,fn,topology,config,method,rep,n,p,wall_seconds
0.9303037459798127,0.994757801291302,0.5078003120124804,0.9086792452830188,0.5521513193573794,1262,0.34101623886851756,0.9938931297709923,651,1258,11453,4,random,n513p164,piglasso,35,513,164,2109.2825224939734
