aupr,auroc,f1,f1_opt,mcc,shd,precision,recall,tp,fp,tn,fn,topology,config,method,rep,n,p,wall_seconds
0.8143914882222261,0.9900461980099318,0.2548197820620285,0.8445945945945945,0.31699128478390964,889,0.14601344860710855,1.0,152,889,1962,0,random,n237p78,piglasso,7,237,78,521.6700643710792
