aupr,auroc,f1,f1_opt,mcc,shd,precision,recall,tp,fp,tn,fn,topology,config,method,rep,n,p,wall_seconds
0.6145631831821364,0.9614218108609826,0.16236162361623616,0.725925925925926,0.19089031613166038,681,0.08835341365461848,1.0,66,681,478,0,random,n100p50,piglasso,25,100,50,183.62888039415702
