aupr,auroc,f1,f1_opt,mcc,shd,precision,recall,tp,fp,tn,fn,topology,config,method,rep,n,p,wall_seconds
0.7196734506582987,0.9742954324586978,0.28142076502732244,0.7908045977011495,0.31324166745918236,1052,0.16427432216905902,0.9809523809523809,206,1048,1745,4,cluster,n237p78,piglasso,43,237,78,453.26411766093224
