aupr,auroc,f1,f1_opt,mcc,shd,precision,recall,tp,fp,tn,fn,topology,config,method,rep,n,p,wall_seconds
0.6659418651356956,0.9184248188750788,0.6473765432098765,0.6514423076923077,0.6100847672615713,914,0.6242559523809523,0.6722756410256411,839,505,11613,409,scale-free,n513p164,piglasso,13,513,164,1152.9609201867133
