aupr,auroc,f1,f1_opt,mcc,shd,precision,recall,tp,fp,tn,fn,topology,config,method,rep,n,p,wall_seconds
0.773666006732843,0.9584367106300982,0.466996699669967,0.759581881533101,0.467589008252608,646,0.3089519650655022,0.956081081081081,283,633,2074,13,scale-free,n237p78,piglasso,8,237,78,335.2889515901916
