aupr,auroc,f1,f1_opt,mcc,shd,precision,recall,tp,fp,tn,fn,topology,config,method,rep,n,p,wall_seconds
0.9345726852019105,0.9962632410884255,0.4797219003476246,0.92018779342723,0.5300403664104189,1347,0.31603053435114503,0.9951923076923077,621,1344,11398,3,random,n513p164,piglasso,4,513,164,2593.155534616206
