aupr,auroc,f1,f1_opt,mcc,shd,precision,recall,tp,fp,tn,fn,topology,config,method,rep,n,p,wall_seconds
0.6140227898940983,0.9549610643637437,0.17761332099907493,0.6910994764397906,0.14393822777074985,889,0.09746192893401015,1.0,96,889,240,0,cluster,n100p50,piglasso,24,100,50,121.70043258415535
