aupr,auroc,f1,f1_opt,mcc,shd,precision,recall,tp,fp,tn,fn,topology,config,method,rep,n,p,wall_seconds
0.7377049180327869,0.9972954699121027,0.11070110701107011,0.8490566037735848,0.21040949100424464,723,0.05859375,1.0,45,723,2235,0,hub,n237p78,piglasso,25,237,78,317.0478467568755
