aupr,auroc,f1,f1_opt,mcc,shd,precision,recall,tp,fp,tn,fn,topology,config,method,rep,n,p,wall_seconds
0.5845437245191266,0.962748577544927,0.1352549889135255,0.6825396825396826,0.1546877924319649,780,0.07253269916765755,1.0,61,780,384,0,random,n100p50,piglasso,44,100,50,216.59428000543267
