aupr,auroc,f1,f1_opt,mcc,shd,precision,recall,tp,fp,tn,fn,topology,config,method,rep,n,p,wall_seconds
0.5672533962488469,0.9359008954985208,0.17575757575757572,0.6600985221674877,0.15930405793427457,816,0.09645232815964523,0.9886363636363636,87,815,322,1,cluster,n100p50,piglasso,6,100,50,154.27503286115825
