aupr,auroc,f1,f1_opt,mcc,shd,precision,recall,tp,fp,tn,fn,topology,config,method,rep,n,p,wall_seconds
0.5416391465763288,0.8973556982580455,0.2549019607843137,0.5731707317073171,0.2586176482380981,532,0.14724919093851133,0.9479166666666666,91,527,602,5,scale-free,n100p50,piglasso,19,100,50,121.96575648896396
