aupr,auroc,f1,f1_opt,mcc,shd,precision,recall,tp,fp,tn,fn,topology,config,method,rep,n,p,wall_seconds
0.3784760642832917,0.9556846473029046,0.06722689075630252,0.5652173913043479,0.13697592135426476,555,0.034782608695652174,1.0,20,555,650,0,hub,n100p50,piglasso,33,100,50,98.67782057123259
