aupr,auroc,f1,f1_opt,mcc,shd,precision,recall,tp,fp,tn,fn,topology,config,method,rep,n,p,wall_seconds
0.9205758006015521,0.9953351241004459,0.5166862976050255,0.896969696969697,0.5590394716915095,1231,0.3492569002123142,0.9924585218702866,658,1226,11477,5,random,n513p164,piglasso,41,513,164,2726.221216783859
