aupr,auroc,f1,f1_opt,mcc,shd,precision,recall,tp,fp,tn,fn,topology,config,method,rep,n,p,wall_seconds
0.6999500377474014,0.9288246241023101,0.6410978184377198,0.6688769167012018,0.6047266584103347,1020,0.5715181932245922,0.7299679487179487,911,683,11435,337,scale-free,n513p164,piglasso,6,513,164,866.0167256398126
