aupr,auroc,f1,f1_opt,mcc,shd,precision,recall,tp,fp,tn,fn,topology,config,method,rep,n,p,wall_seconds
0.7268556046444267,0.9728564608800914,0.2971428571428571,0.7630922693266833,0.3331148635842285,984,0.17478991596638654,0.9904761904761905,208,982,1811,2,cluster,n237p78,piglasso,9,237,78,604.3583458093926
