aupr,auroc,f1,f1_opt,mcc,shd,precision,recall,tp,fp,tn,fn,topology,config,method,rep,n,p,wall_seconds
0.6507121137022704,0.9569835032504571,0.1965552178318136,0.7037037037037036,0.17454396834549457,793,0.10911136107986502,0.9897959183673469,97,792,335,1,cluster,n100p50,piglasso,21,100,50,117.79323797719553
