aupr,auroc,f1,f1_opt,mcc,shd,precision,recall,tp,fp,tn,fn,topology,config,method,rep,n,p,wall_seconds
0.783646672400443,0.9895301554169478,0.2129909365558912,0.8645161290322582,0.2733117823157443,1042,0.11928934010152284,0.9929577464788732,141,1041,1820,1,random,n237p78,piglasso,0,237,78,561.0038034329191
