aupr,auroc,f1,f1_opt,mcc,shd,precision,recall,tp,fp,tn,fn,topology,config,method,rep,n,p,wall_seconds
0.7363415322836451,0.9446577611602827,0.5166468489892985,0.7217537942664419,0.5190771523392825,1626,0.3654331370899916,0.8813387423935092,869,1509,10871,117,cluster,n513p164,piglasso,39,513,164,2257.1779194977134
