aupr,auroc,f1,f1_opt,mcc,shd,precision,recall,tp,fp,tn,fn,topology,config,method,rep,n,p,wall_seconds
0.6045884373706345,0.9258700546206082,0.26995645863570394,0.6517857142857143,0.2828026822098993,503,0.15682967959527824,0.96875,93,500,629,3,scale-free,n100p50,piglasso,23,100,50,87.66390266083181
