aupr,auroc,f1,f1_opt,mcc,shd,precision,recall,tp,fp,tn,fn,topology,config,method,rep,n,p,wall_seconds
0.7126975002106051,0.9582874198062505,0.32445141065830724,0.7234042553191489,0.3584641596539436,862,0.19454887218045114,0.9764150943396226,207,857,1934,5,cluster,n237p78,piglasso,22,237,78,592.2458729622886
