aupr,auroc,f1,f1_opt,mcc,shd,precision,recall,tp,fp,tn,fn,topology,config,method,rep,n,p,wall_seconds
0.5892201410535349,0.9231483259714487,0.16106014271151886,0.7065868263473054,0.1391182520299543,823,0.0878754171301446,0.9634146341463414,79,820,323,3,cluster,n100p50,piglasso,7,100,50,193.17800604598597
