aupr,auroc,f1,f1_opt,mcc,shd,precision,recall,tp,fp,tn,fn,topology,config,method,rep,n,p,wall_seconds
0.7254053754167235,0.996626849973706,0.10489510489510491,0.8349514563106797,0.20243423307616848,768,0.055350553505535055,1.0,45,768,2190,0,hub,n237p78,piglasso,39,237,78,333.63503675628453
