aupr,auroc,f1,f1_opt,mcc,shd,precision,recall,tp,fp,tn,fn,topology,config,method,rep,n,p,wall_seconds
0.36220700152206997,0.984149377593361,0.054495912806539516,0.523076923076923,0.10898903782173668,694,0.028011204481792718,1.0,20,694,511,0,hub,n100p50,piglasso,37,100,50,104.68182285083458
