aupr,auroc,f1,f1_opt,mcc,shd,precision,recall,tp,fp,tn,fn,topology,config,method,rep,n,p,wall_seconds
0.7167217493790244,0.9472719486014554,0.5061202767429483,0.7291770573566085,0.5131702140011015,1856,0.3498896247240618,0.9144230769230769,951,1767,10559,89,cluster,n513p164,piglasso,41,513,164,1979.7702882178128
