aupr,auroc,f1,f1_opt,mcc,shd,precision,recall,tp,fp,tn,fn,topology,config,method,rep,n,p,wall_seconds
0.6246085613732671,0.9952933663887011,0.10804321728691475,0.7610619469026547,0.2067906644125673,743,0.05710659898477157,1.0,45,743,2215,0,hub,n237p78,piglasso,3,237,78,282.50781536567956
