aupr,auroc,f1,f1_opt,mcc,shd,precision,recall,tp,fp,tn,fn,topology,config,method,rep,n,p,wall_seconds
0.8615345850341782,0.9966136687917061,0.6549391069012178,0.8492063492063492,0.6821130319007154,255,0.49896907216494846,0.952755905511811,242,243,12869,12,hub,n513p164,piglasso,15,513,164,760.140150393825
