aupr,auroc,f1,f1_opt,mcc,shd,precision,recall,tp,fp,tn,fn,topology,config,method,rep,n,p,wall_seconds
0.777021356126549,0.988973886237368,0.23286540049545829,0.8384879725085911,0.2983312719712243,929,0.13177570093457944,1.0,141,929,1933,0,random,n237p78,piglasso,4,237,78,517.7943706931546
