aupr,auroc,f1,f1_opt,mcc,shd,precision,recall,tp,fp,tn,fn,topology,config,method,rep,n,p,wall_seconds
0.5783957543954862,0.9820623308948793,0.10714285714285715,0.7096774193548387,0.12498593665866634,850,0.05660377358490566,1.0,51,850,324,0,random,n100p50,piglasso,21,100,50,150.56367268785834
