aupr,auroc,f1,f1_opt,mcc,shd,precision,recall,tp,fp,tn,fn,topology,config,method,rep,n,p,wall_seconds
0.7544792866900649,0.9909491904239136,0.2380553227158424,0.840764331210191,0.3036153970953268,909,0.1351094196003806,1.0,142,909,1952,0,random,n237p78,piglasso,14,237,78,685.1944761220366
