aupr,auroc,f1,f1_opt,mcc,shd,precision,recall,tp,fp,tn,fn,topology,config,method,rep,n,p,wall_seconds
0.7941402244416638,0.9925244653860095,0.23938223938223938,0.8739002932551321,0.2982289904604093,985,0.13596491228070176,1.0,155,985,1863,0,random,n237p78,piglasso,26,237,78,555.2459696028382
