aupr,auroc,f1,f1_opt,mcc,shd,precision,recall,tp,fp,tn,fn,topology,config,method,rep,n,p,wall_seconds
0.8755660708010902,0.9955451939198571,0.644474034620506,0.8639999999999999,0.6734816318302259,267,0.4869215291750503,0.952755905511811,242,255,12857,12,hub,n513p164,piglasso,46,513,164,1310.5071873147972
