aupr,auroc,f1,f1_opt,mcc,shd,precision,recall,tp,fp,tn,fn,topology,config,method,rep,n,p,wall_seconds
0.7374261019805981,0.9501548787427989,0.48861646234676,0.7262773722627737,0.48579073846717535,584,0.32978723404255317,0.9425675675675675,279,567,2140,17,scale-free,n237p78,piglasso,47,237,78,572.1632830938324
