aupr,auroc,f1,f1_opt,mcc,shd,precision,recall,tp,fp,tn,fn,topology,config,method,rep,n,p,wall_seconds
0.9371360267246349,0.9975681824856,0.44031451036454605,0.9349794238683128,0.49722474578780945,1566,0.28243924805135256,0.9983792544570502,616,1565,11184,1,random,n513p164,piglasso,26,513,164,2706.984997396823
