aupr,auroc,f1,f1_opt,mcc,shd,precision,recall,tp,fp,tn,fn,topology,config,method,rep,n,p,wall_seconds
0.5307591081099798,0.9516891007936739,0.1546666666666667,0.628099173553719,0.1900576171437886,634,0.08393632416787265,0.9830508474576272,58,633,533,1,random,n100p50,piglasso,31,100,50,177.5102237360552
