aupr,auroc,f1,f1_opt,mcc,shd,precision,recall,tp,fp,tn,fn,topology,config,method,rep,n,p,wall_seconds
0.719662536969935,0.937733419728516,0.5308837503959456,0.7199148029818956,0.529093046505784,1481,0.38352402745995423,0.8621399176954733,838,1347,11047,134,cluster,n513p164,piglasso,11,513,164,1676.8765966701321
