aupr,auroc,f1,f1_opt,mcc,shd,precision,recall,tp,fp,tn,fn,topology,config,method,rep,n,p,wall_seconds
0.519899200584945,0.9128052570008043,0.20105820105820107,0.6232558139534884,0.18242622686375948,755,0.11202830188679246,0.979381443298969,95,753,375,2,cluster,n100p50,piglasso,18,100,50,179.18146607466042
