aupr,auroc,f1,f1_opt,mcc,shd,precision,recall,tp,fp,tn,fn,topology,config,method,rep,n,p,wall_seconds
0.5369123386263899,0.9204910318866253,0.23650385604113108,0.6066350710900474,0.23573543270274203,594,0.1348973607038123,0.9583333333333334,92,590,539,4,scale-free,n100p50,piglasso,1,100,50,654.1226609251462
