aupr,auroc,f1,f1_opt,mcc,shd,precision,recall,tp,fp,tn,fn,topology,config,method,rep,n,p,wall_seconds
0.5689483116518161,0.9207395469279105,0.20191285866099892,0.6336633663366337,0.17901723183590112,751,0.11269276393831554,0.9693877551020408,95,748,379,3,cluster,n100p50,piglasso,40,100,50,160.72297988599166
