aupr,auroc,f1,f1_opt,mcc,shd,precision,recall,tp,fp,tn,fn,topology,config,method,rep,n,p,wall_seconds
0.6450427545164387,0.994703628577868,0.1,0.7818181818181817,0.19549752032353998,810,0.05263157894736842,1.0,45,810,2148,0,hub,n237p78,piglasso,10,237,78,340.31340440316126
