aupr,auroc,f1,f1_opt,mcc,shd,precision,recall,tp,fp,tn,fn,topology,config,method,rep,n,p,wall_seconds
0.6088004531555155,0.9918676282773645,0.11857707509881422,0.7454545454545455,0.220841639438894,669,0.06302521008403361,1.0,45,669,2289,0,hub,n237p78,piglasso,47,237,78,715.1315285237506
