aupr,auroc,f1,f1_opt,mcc,shd,precision,recall,tp,fp,tn,fn,topology,config,method,rep,n,p,wall_seconds
0.741518090427697,0.944938173304446,0.4827586206896551,0.7250437828371279,0.4754810690247302,585,0.3269461077844311,0.9222972972972973,273,562,2145,23,scale-free,n237p78,piglasso,44,237,78,477.64964484702796
