aupr,auroc,f1,f1_opt,mcc,shd,precision,recall,tp,fp,tn,fn,topology,config,method,rep,n,p,wall_seconds
0.6809254358112959,0.9567456874979146,0.3202463433410315,0.6994818652849741,0.35065901878586625,883,0.1918819188191882,0.9674418604651163,208,876,1912,7,cluster,n237p78,piglasso,25,237,78,621.993837825954
