aupr,auroc,f1,f1_opt,mcc,shd,precision,recall,tp,fp,tn,fn,topology,config,method,rep,n,p,wall_seconds
0.5662266031542398,0.8793318201948628,0.2670807453416149,0.6206896551724138,0.26302037543465046,472,0.15693430656934307,0.8958333333333334,86,462,667,10,scale-free,n100p50,piglasso,37,100,50,107.05446087615564
