aupr,auroc,f1,f1_opt,mcc,shd,precision,recall,tp,fp,tn,fn,topology,config,method,rep,n,p,wall_seconds
0.48070531548162176,0.8853936005314438,0.24827586206896549,0.5784313725490196,0.24738507384668332,545,0.14308426073131955,0.9375,90,539,590,6,scale-free,n100p50,piglasso,30,100,50,105.21639723004773
