aupr,auroc,f1,f1_opt,mcc,shd,precision,recall,tp,fp,tn,fn,topology,config,method,rep,n,p,wall_seconds
0.733316998369278,0.9456124070644363,0.5020943870427255,0.7363395225464192,0.5100126496167419,1783,0.3475067645921917,0.9044265593561368,899,1688,10684,95,cluster,n513p164,piglasso,32,513,164,2012.585183633957
