aupr,auroc,f1,f1_opt,mcc,shd,precision,recall,tp,fp,tn,fn,topology,config,method,rep,n,p,wall_seconds
0.6913614103721093,0.9196480005903487,0.6591614906832298,0.6686046511627908,0.6232212919116025,878,0.6393072289156626,0.6802884615384616,849,479,11639,399,scale-free,n513p164,piglasso,2,513,164,1447.0641553970054
