aupr,auroc,f1,f1_opt,mcc,shd,precision,recall,tp,fp,tn,fn,topology,config,method,rep,n,p,wall_seconds
0.842030407499458,0.9953341020690314,0.6923076923076923,0.8260869565217391,0.712600290910992,216,0.5448430493273543,0.94921875,243,203,12907,13,hub,n513p164,piglasso,24,513,164,1075.3898578160442
