aupr,auroc,f1,f1_opt,mcc,shd,precision,recall,tp,fp,tn,fn,topology,config,method,rep,n,p,wall_seconds
0.5405839465508779,0.9208093445527016,0.26822157434402333,0.5687203791469194,0.2782003278607283,502,0.15593220338983052,0.9583333333333334,92,498,631,4,scale-free,n100p50,piglasso,27,100,50,130.61091139586642
