aupr,auroc,f1,f1_opt,mcc,shd,precision,recall,tp,fp,tn,fn,topology,config,method,rep,n,p,wall_seconds
0.7114615754464129,0.9671093101505988,0.2646850672328379,0.774869109947644,0.3018744293169583,1039,0.15315315315315314,0.9739583333333334,187,1034,1777,5,cluster,n237p78,piglasso,37,237,78,605.3209145977162
