aupr,auroc,f1,f1_opt,mcc,shd,precision,recall,tp,fp,tn,fn,topology,config,method,rep,n,p,wall_seconds
0.6786347240714742,0.9320511636497968,0.481149012567325,0.6872727272727273,0.470182039573299,578,0.3276283618581907,0.9054054054054054,268,550,2157,28,scale-free,n237p78,piglasso,25,237,78,390.87966954521835
