aupr,auroc,f1,f1_opt,mcc,shd,precision,recall,tp,fp,tn,fn,topology,config,method,rep,n,p,wall_seconds
0.7627172282366402,0.9576105242664165,0.4746887966804979,0.7362637362637362,0.4775733528136408,633,0.3146314631463146,0.9662162162162162,286,623,2084,10,scale-free,n237p78,piglasso,29,237,78,517.13381514512
