aupr,auroc,f1,f1_opt,mcc,shd,precision,recall,tp,fp,tn,fn,topology,config,method,rep,n,p,wall_seconds
0.8747131746235602,0.9950277996281465,0.623574144486692,0.85,0.657779611581322,297,0.46153846153846156,0.9609375,246,287,12823,10,hub,n513p164,piglasso,10,513,164,906.0061739501543
