aupr,auroc,f1,f1_opt,mcc,shd,precision,recall,tp,fp,tn,fn,topology,config,method,rep,n,p,wall_seconds
0.7166054656415057,0.9432408720134986,0.5013824884792627,0.7003257328990228,0.4930078509689874,541,0.34474017743979724,0.918918918918919,272,517,2190,24,scale-free,n237p78,piglasso,39,237,78,434.270103035029
