aupr,auroc,f1,f1_opt,mcc,shd,precision,recall,tp,fp,tn,fn,topology,config,method,rep,n,p,wall_seconds
0.9027694536233205,0.9954789380766729,0.46949404761904767,0.8972972972972973,0.5215344605633604,1426,0.30690661478599224,0.9984177215189873,631,1425,11309,1,random,n513p164,piglasso,37,513,164,1994.1362456241623
