aupr,auroc,f1,f1_opt,mcc,shd,precision,recall,tp,fp,tn,fn,topology,config,method,rep,n,p,wall_seconds
0.7829547910673441,0.967007458141555,0.46590909090909094,0.7601957585644372,0.4696917489526573,658,0.30662393162393164,0.9695945945945946,287,649,2058,9,scale-free,n237p78,piglasso,12,237,78,430.2288307864219
