aupr,auroc,f1,f1_opt,mcc,shd,precision,recall,tp,fp,tn,fn,topology,config,method,rep,n,p,wall_seconds
0.6010159989145014,0.9773166333955825,0.12848484848484848,0.7241379310344827,0.16289756023415766,719,0.06865284974093264,1.0,53,719,453,0,random,n100p50,piglasso,47,100,50,218.8448078231886
