aupr,auroc,f1,f1_opt,mcc,shd,precision,recall,tp,fp,tn,fn,topology,config,method,rep,n,p,wall_seconds
0.7015718262498635,0.9727844620377789,0.29829545454545453,0.7612903225806452,0.3350111744770197,988,0.17543859649122806,0.995260663507109,210,987,1805,1,cluster,n237p78,piglasso,41,237,78,699.6957957651466
