aupr,auroc,f1,f1_opt,mcc,shd,precision,recall,tp,fp,tn,fn,topology,config,method,rep,n,p,wall_seconds
0.8047951174327187,0.9924451761515097,0.24237560192616373,0.8525641025641025,0.3037356988288183,944,0.13789954337899543,1.0,151,944,1908,0,random,n237p78,piglasso,1,237,78,429.4055392197333
