aupr,auroc,f1,f1_opt,mcc,shd,precision,recall,tp,fp,tn,fn,topology,config,method,rep,n,p,wall_seconds
0.9134157828673728,0.9982194265853699,0.5995203836930456,0.9072978303747535,0.6419535163100792,334,0.4317789291882556,0.9803921568627451,250,329,12782,5,hub,n513p164,piglasso,26,513,164,1377.8676807158627
