aupr,auroc,f1,f1_opt,mcc,shd,precision,recall,tp,fp,tn,fn,topology,config,method,rep,n,p,wall_seconds
0.7063772955498535,0.9263678793149415,0.6566200215285253,0.6787674124102998,0.6213643725471337,957,0.594541910331384,0.7331730769230769,915,624,11494,333,scale-free,n513p164,piglasso,7,513,164,1084.3092879243195
