aupr,auroc,f1,f1_opt,mcc,shd,precision,recall,tp,fp,tn,fn,topology,config,method,rep,n,p,wall_seconds
0.6913919136922766,0.9940838404327249,0.10227272727272727,0.803921568627451,0.19874379264786088,790,0.05389221556886228,1.0,45,790,2168,0,hub,n237p78,piglasso,23,237,78,301.6173814260401
