aupr,auroc,f1,f1_opt,mcc,shd,precision,recall,tp,fp,tn,fn,topology,config,method,rep,n,p,wall_seconds
0.5367796099081257,0.9197773126344555,0.19292604501607716,0.622754491017964,0.1843394904034746,753,0.10688836104513064,0.989010989010989,90,752,382,1,cluster,n100p50,piglasso,16,100,50,110.52676375908777
