aupr,auroc,f1,f1_opt,mcc,shd,precision,recall,tp,fp,tn,fn,topology,config,method,rep,n,p,wall_seconds
0.9389008501239937,0.9962775813063119,0.4954545454545454,0.9166666666666666,0.5418251930250395,1332,0.329803328290469,0.9954337899543378,654,1329,11380,3,random,n513p164,piglasso,43,513,164,2621.0193491200916
