aupr,auroc,f1,f1_opt,mcc,shd,precision,recall,tp,fp,tn,fn,topology,config,method,rep,n,p,wall_seconds
0.8514593356552962,0.9914057082128737,0.25101214574898784,0.8817891373801917,0.3094519984016712,925,0.14365152919369786,0.9935897435897436,155,924,1923,1,random,n237p78,piglasso,43,237,78,644.304696038831
