aupr,auroc,f1,f1_opt,mcc,shd,precision,recall,tp,fp,tn,fn,topology,config,method,rep,n,p,wall_seconds
0.6202646316790619,0.9946773345353468,0.11450381679389313,0.7522935779816514,0.2154985579603078,696,0.06072874493927125,1.0,45,696,2262,0,hub,n237p78,piglasso,31,237,78,330.2157802032307
