aupr,auroc,f1,f1_opt,mcc,shd,precision,recall,tp,fp,tn,fn,topology,config,method,rep,n,p,wall_seconds
0.9145194298983076,0.9936455633107246,0.5064277366575769,0.8968133535660091,0.5491763909061385,1267,0.34067085953878407,0.9863429438543247,650,1258,11449,9,random,n513p164,piglasso,0,513,164,3138.410309453029
