aupr,auroc,f1,f1_opt,mcc,shd,precision,recall,tp,fp,tn,fn,topology,config,method,rep,n,p,wall_seconds
0.596531747783769,0.9498254692801523,0.17191283292978207,0.6790123456790124,0.19570491062360004,684,0.09403973509933775,1.0,71,684,470,0,random,n100p50,piglasso,39,100,50,193.9229390900582
