aupr,auroc,f1,f1_opt,mcc,shd,precision,recall,tp,fp,tn,fn,topology,config,method,rep,n,p,wall_seconds
0.732014604158254,0.9476295657104308,0.5399310992796743,0.7240479916536254,0.5414919673699212,1469,0.3886384129846709,0.884102564102564,862,1356,11035,113,cluster,n513p164,piglasso,20,513,164,2064.6715935948305
