aupr,auroc,f1,f1_opt,mcc,shd,precision,recall,tp,fp,tn,fn,topology,config,method,rep,n,p,wall_seconds
0.8126768928873449,0.992573034467032,0.2702265372168285,0.8587896253602306,0.3263957570784651,902,0.15622076707202995,1.0,167,902,1934,0,random,n237p78,piglasso,20,237,78,620.1667357389815
