aupr,auroc,f1,f1_opt,mcc,shd,precision,recall,tp,fp,tn,fn,topology,config,method,rep,n,p,wall_seconds
0.7406234494135587,0.9858232773697096,0.2676579925650558,0.7986111111111112,0.3345463235616458,788,0.15450643776824036,1.0,144,788,2071,0,random,n237p78,piglasso,28,237,78,608.2973156352527
