aupr,auroc,f1,f1_opt,mcc,shd,precision,recall,tp,fp,tn,fn,topology,config,method,rep,n,p,wall_seconds
0.6217309780002188,0.9600811594202899,0.16228070175438597,0.6826347305389221,0.16655463858230493,764,0.0884109916367981,0.9866666666666667,74,763,387,1,random,n100p50,piglasso,14,100,50,124.70855646394193
