aupr,auroc,f1,f1_opt,mcc,shd,precision,recall,tp,fp,tn,fn,topology,config,method,rep,n,p,wall_seconds
0.8040134661649653,0.987915056971001,0.23568464730290456,0.8421052631578948,0.299027551533198,921,0.1337099811676083,0.993006993006993,142,920,1940,1,random,n237p78,piglasso,18,237,78,458.85810686601326
