aupr,auroc,f1,f1_opt,mcc,shd,precision,recall,tp,fp,tn,fn,topology,config,method,rep,n,p,wall_seconds
0.6470395225938148,0.9568409693194546,0.15558343789209536,0.7183098591549295,0.18289898715167494,673,0.08446866485013624,0.9841269841269841,62,672,490,1,random,n100p50,piglasso,40,100,50,150.4367609261535
