aupr,auroc,f1,f1_opt,mcc,shd,precision,recall,tp,fp,tn,fn,topology,config,method,rep,n,p,wall_seconds
0.7850962907927529,0.9838454119592174,0.24950755088640844,0.8463476070528967,0.28916085248087464,1143,0.14264264264264265,0.9947643979057592,190,1142,1670,1,cluster,n237p78,piglasso,35,237,78,597.1551454737782
