aupr,auroc,f1,f1_opt,mcc,shd,precision,recall,tp,fp,tn,fn,topology,config,method,rep,n,p,wall_seconds
0.7709168838844649,0.9638268902445112,0.47555923777961895,0.7508417508417509,0.47922785991497174,633,0.3150384193194292,0.9695945945945946,287,624,2083,9,scale-free,n237p78,piglasso,20,237,78,566.3293511536904
