aupr,auroc,f1,f1_opt,mcc,shd,precision,recall,tp,fp,tn,fn,topology,config,method,rep,n,p,wall_seconds
0.5088751646628384,0.9243514494798427,0.19915254237288138,0.5841584158415841,0.19148677961835028,756,0.11058823529411765,1.0,94,756,375,0,cluster,n100p50,piglasso,26,100,50,117.88443306228146
