aupr,auroc,f1,f1_opt,mcc,shd,precision,recall,tp,fp,tn,fn,topology,config,method,rep,n,p,wall_seconds
0.7664999400515998,0.9829813094828574,0.26527050610820246,0.8169934640522877,0.32642619731708405,842,0.15307150050352467,0.9934640522875817,152,841,2009,1,random,n237p78,piglasso,23,237,78,580.250628632959
