aupr,auroc,f1,f1_opt,mcc,shd,precision,recall,tp,fp,tn,fn,topology,config,method,rep,n,p,wall_seconds
0.8777658876982748,0.9960442887109077,0.6472919418758256,0.8611670020120724,0.6765046390955414,267,0.48902195608782434,0.95703125,245,256,12854,11,hub,n513p164,piglasso,1,513,164,1235.2159851565957
