aupr,auroc,f1,f1_opt,mcc,shd,precision,recall,tp,fp,tn,fn,topology,config,method,rep,n,p,wall_seconds
0.698904798137004,0.996701975809481,0.11406844106463879,0.8113207547169811,0.21492098373165952,699,0.06048387096774194,1.0,45,699,2259,0,hub,n237p78,piglasso,41,237,78,358.1206263792701
