aupr,auroc,f1,f1_opt,mcc,shd,precision,recall,tp,fp,tn,fn,topology,config,method,rep,n,p,wall_seconds
0.5403086553681674,0.892876413709747,0.1699779249448124,0.6447368421052632,0.1572606991867494,752,0.09333333333333334,0.9506172839506173,77,748,396,4,cluster,n100p50,piglasso,13,100,50,215.43689610576257
