aupr,auroc,f1,f1_opt,mcc,shd,precision,recall,tp,fp,tn,fn,topology,config,method,rep,n,p,wall_seconds
0.6806075163162528,0.9218586197945267,0.4808743169398907,0.6631944444444444,0.4670019420246621,570,0.32917705735660846,0.8918918918918919,264,538,2169,32,scale-free,n237p78,piglasso,1,237,78,392.44660238176584
