aupr,auroc,f1,f1_opt,mcc,shd,precision,recall,tp,fp,tn,fn,topology,config,method,rep,n,p,wall_seconds
0.7951753380030268,0.9874934981488848,0.27081581160639195,0.8375,0.32990423745130765,867,0.1566147859922179,1.0,161,867,1975,0,random,n237p78,piglasso,17,237,78,728.2771546770819
