aupr,auroc,f1,f1_opt,mcc,shd,precision,recall,tp,fp,tn,fn,topology,config,method,rep,n,p,wall_seconds
0.725730166981439,0.9739997591853584,0.3102661596958175,0.7808219178082192,0.3461404540860897,907,0.1842818428184282,0.9807692307692307,204,903,1892,4,cluster,n237p78,piglasso,39,237,78,412.87603211496025
