aupr,auroc,f1,f1_opt,mcc,shd,precision,recall,tp,fp,tn,fn,topology,config,method,rep,n,p,wall_seconds
0.8831882897945335,0.9958828165542778,0.6223337515683814,0.861111111111111,0.6589574806478149,301,0.4575645756457565,0.9725490196078431,248,294,12817,7,hub,n513p164,piglasso,40,513,164,880.4054414080456
