aupr,auroc,f1,f1_opt,mcc,shd,precision,recall,tp,fp,tn,fn,topology,config,method,rep,n,p,wall_seconds
0.7603667943719594,0.94426362084286,0.4693701466781708,0.7310344827586208,0.46147203138596643,615,0.31517960602549244,0.918918918918919,272,591,2116,24,scale-free,n237p78,piglasso,11,237,78,431.42712093889713
