aupr,auroc,f1,f1_opt,mcc,shd,precision,recall,tp,fp,tn,fn,topology,config,method,rep,n,p,wall_seconds
0.5727080862298117,0.9512173913043478,0.1533678756476684,0.6527777777777777,0.14903934808347177,817,0.08314606741573034,0.9866666666666667,74,816,334,1,cluster,n100p50,piglasso,8,100,50,112.4289116919972
