aupr,auroc,f1,f1_opt,mcc,shd,precision,recall,tp,fp,tn,fn,topology,config,method,rep,n,p,wall_seconds
0.740374796186916,0.9547701720438798,0.5176738882554162,0.7402206619859579,0.5266432199461504,1692,0.36089030206677264,0.9153225806451613,908,1608,10766,84,cluster,n513p164,piglasso,4,513,164,2064.792734507937
