aupr,auroc,f1,f1_opt,mcc,shd,precision,recall,tp,fp,tn,fn,topology,config,method,rep,n,p,wall_seconds
0.9262795568223763,0.9956038568969895,0.4865061998541211,0.9202087994034303,0.5334890159540787,1408,0.3219111969111969,0.9955223880597015,667,1405,11291,3,random,n513p164,piglasso,34,513,164,2706.0011212220415
