aupr,auroc,f1,f1_opt,mcc,shd,precision,recall,tp,fp,tn,fn,topology,config,method,rep,n,p,wall_seconds
0.7427705318336913,0.9468020846853503,0.45276872964169373,0.7224080267558528,0.4494633611095134,672,0.2982832618025751,0.9391891891891891,278,654,2053,18,scale-free,n237p78,piglasso,23,237,78,409.2338527790271
