aupr,auroc,f1,f1_opt,mcc,shd,precision,recall,tp,fp,tn,fn,topology,config,method,rep,n,p,wall_seconds
0.33234262025736677,0.9723651452282158,0.055632823365785816,0.5,0.11175726337756164,679,0.02861230329041488,1.0,20,679,526,0,hub,n100p50,piglasso,47,100,50,108.78745516110212
