aupr,auroc,f1,f1_opt,mcc,shd,precision,recall,tp,fp,tn,fn,topology,config,method,rep,n,p,wall_seconds
0.8022640934404607,0.9834514094504861,0.2674494455316373,0.8461538461538461,0.30233954256393036,1123,0.1544837980406933,0.9951456310679612,205,1122,1675,1,cluster,n237p78,piglasso,11,237,78,560.3541835159995
