aupr,auroc,f1,f1_opt,mcc,shd,precision,recall,tp,fp,tn,fn,topology,config,method,rep,n,p,wall_seconds
0.6267983546985874,0.958599300885292,0.1878787878787879,0.7053571428571429,0.17332410296074596,804,0.10367892976588629,1.0,93,804,328,0,cluster,n100p50,piglasso,39,100,50,127.26656460482627
