aupr,auroc,f1,f1_opt,mcc,shd,precision,recall,tp,fp,tn,fn,topology,config,method,rep,n,p,wall_seconds
0.5603948309988785,0.9231168831168831,0.16425120772946858,0.6515151515151515,0.17875110352425838,692,0.08970976253298153,0.9714285714285714,68,690,465,2,cluster,n100p50,piglasso,46,100,50,267.9628848610446
