aupr,auroc,f1,f1_opt,mcc,shd,precision,recall,tp,fp,tn,fn,topology,config,method,rep,n,p,wall_seconds
0.7268234713763096,0.9542423160795847,0.49076517150395776,0.7374872318692544,0.5041636164124668,1930,0.3335724533715925,0.9281437125748503,930,1858,10506,72,cluster,n513p164,piglasso,34,513,164,1708.9214865127578
