aupr,auroc,f1,f1_opt,mcc,shd,precision,recall,tp,fp,tn,fn,topology,config,method,rep,n,p,wall_seconds
0.5315091855463178,0.9388433865785781,0.1756440281030445,0.6467661691542288,0.18268715196613564,704,0.09652509652509653,0.974025974025974,75,702,446,2,random,n100p50,piglasso,4,100,50,145.16328382818028
