aupr,auroc,f1,f1_opt,mcc,shd,precision,recall,tp,fp,tn,fn,topology,config,method,rep,n,p,wall_seconds
0.9279615189697873,0.9970087654303291,0.48047162859248344,0.915548539857932,0.529836431454694,1410,0.31635128578360017,0.998468606431853,652,1409,11304,1,random,n513p164,piglasso,38,513,164,2228.6781112267636
