aupr,auroc,f1,f1_opt,mcc,shd,precision,recall,tp,fp,tn,fn,topology,config,method,rep,n,p,wall_seconds
0.762878668141826,0.9974907970851176,0.11703511053315994,0.8484848484848485,0.2188316079677935,679,0.062154696132596686,1.0,45,679,2279,0,hub,n237p78,piglasso,12,237,78,426.57216968992725
