aupr,auroc,f1,f1_opt,mcc,shd,precision,recall,tp,fp,tn,fn,topology,config,method,rep,n,p,wall_seconds
0.29275999798457664,0.9563900414937759,0.06069802731411229,0.4489795918367347,0.12337292270854948,619,0.03129890453834116,1.0,20,619,586,0,hub,n100p50,piglasso,48,100,50,200.6294352049008
