aupr,auroc,f1,f1_opt,mcc,shd,precision,recall,tp,fp,tn,fn,topology,config,method,rep,n,p,wall_seconds
0.9346964436373724,0.9970773293999562,0.49749711205236813,0.9217660728117738,0.5443473260076261,1305,0.3314520266803489,0.9969135802469136,646,1303,11415,2,random,n513p164,piglasso,49,513,164,2575.036717050243
