aupr,auroc,f1,f1_opt,mcc,shd,precision,recall,tp,fp,tn,fn,topology,config,method,rep,n,p,wall_seconds
0.6524950275918703,0.9164901587514303,0.5663531870428422,0.6506639427987743,0.5489048094973427,1245,0.4380387931034483,0.8009852216748768,813,1043,11308,202,cluster,n513p164,piglasso,21,513,164,1595.9490352631547
