aupr,auroc,f1,f1_opt,mcc,shd,precision,recall,tp,fp,tn,fn,topology,config,method,rep,n,p,wall_seconds
0.7943291690456455,0.9923041776661928,0.24165341812400637,0.8693009118541033,0.30239825956295485,954,0.13743218806509946,1.0,152,954,1897,0,random,n237p78,piglasso,39,237,78,532.3418495031074
