aupr,auroc,f1,f1_opt,mcc,shd,precision,recall,tp,fp,tn,fn,topology,config,method,rep,n,p,wall_seconds
0.7258395337773236,0.9521848479810219,0.5223502951925779,0.7392550143266475,0.5311144794619052,1699,0.36459968602825743,0.9207135777998018,929,1619,10738,80,cluster,n513p164,piglasso,31,513,164,2090.633834535256
