aupr,auroc,f1,f1_opt,mcc,shd,precision,recall,tp,fp,tn,fn,topology,config,method,rep,n,p,wall_seconds
0.9136849567115252,0.9973614875139747,0.609547123623011,0.8994082840236687,0.6508485585057631,319,0.44148936170212766,0.9841897233201581,249,315,12798,4,hub,n513p164,piglasso,45,513,164,613.3794435742311
