aupr,auroc,f1,f1_opt,mcc,shd,precision,recall,tp,fp,tn,fn,topology,config,method,rep,n,p,wall_seconds
0.8259717633470874,0.9927226764994018,0.24211423699914744,0.8821548821548821,0.30811253414126655,889,0.13773035887487875,1.0,142,889,1972,0,random,n237p78,piglasso,30,237,78,655.5490266149864
