aupr,auroc,f1,f1_opt,mcc,shd,precision,recall,tp,fp,tn,fn,topology,config,method,rep,n,p,wall_seconds
0.6715981758275172,0.9945684020734731,0.11249999999999999,0.7961165048543689,0.2128295122238867,710,0.059602649006622516,1.0,45,710,2248,0,hub,n237p78,piglasso,19,237,78,366.32120701204985
