aupr,auroc,f1,f1_opt,mcc,shd,precision,recall,tp,fp,tn,fn,topology,config,method,rep,n,p,wall_seconds
0.5400044508851116,0.9255056096840862,0.2738095238095238,0.6027397260273972,0.2851845397909583,488,0.1597222222222222,0.9583333333333334,92,484,645,4,scale-free,n100p50,piglasso,39,100,50,133.05357195390388
