aupr,auroc,f1,f1_opt,mcc,shd,precision,recall,tp,fp,tn,fn,topology,config,method,rep,n,p,wall_seconds
0.5886134698156279,0.9636710607853078,0.135706340378198,0.6929133858267716,0.15556858464581186,777,0.07279236276849642,1.0,61,777,387,0,random,n100p50,piglasso,37,100,50,222.39400282409042
