aupr,auroc,f1,f1_opt,mcc,shd,precision,recall,tp,fp,tn,fn,topology,config,method,rep,n,p,wall_seconds
0.7762878309946729,0.9898494801092204,0.24959481361426258,0.8155339805825244,0.3102357913688333,926,0.1425925925925926,1.0,154,926,1923,0,random,n237p78,piglasso,44,237,78,772.4395752088167
