aupr,auroc,f1,f1_opt,mcc,shd,precision,recall,tp,fp,tn,fn,topology,config,method,rep,n,p,wall_seconds
0.6731193710472425,0.9193233021654583,0.6413084823126665,0.6513952519783422,0.6032454857527622,943,0.6104272266473569,0.6754807692307693,843,538,11580,405,scale-free,n513p164,piglasso,3,513,164,1101.711278701201
