aupr,auroc,f1,f1_opt,mcc,shd,precision,recall,tp,fp,tn,fn,topology,config,method,rep,n,p,wall_seconds
0.8631934971929922,0.9931798026204608,0.6186868686868687,0.8714859437751005,0.6537997012132711,302,0.45623836126629425,0.9607843137254902,245,292,12819,10,hub,n513p164,piglasso,0,513,164,1027.1936795208603
