aupr,auroc,f1,f1_opt,mcc,shd,precision,recall,tp,fp,tn,fn,topology,config,method,rep,n,p,wall_seconds
0.6415893364427108,0.9952971226804898,0.10600706713780918,0.7663551401869159,0.20398196088904288,759,0.055970149253731345,1.0,45,759,2199,0,hub,n237p78,piglasso,36,237,78,352.72195468796417
