aupr,auroc,f1,f1_opt,mcc,shd,precision,recall,tp,fp,tn,fn,topology,config,method,rep,n,p,wall_seconds
0.7302882669056528,0.9342738795315448,0.5042174320524835,0.6770293609671848,0.4935797861351801,529,0.34889753566796367,0.9087837837837838,269,502,2205,27,scale-free,n237p78,piglasso,30,237,78,430.29785110102966
