aupr,auroc,f1,f1_opt,mcc,shd,precision,recall,tp,fp,tn,fn,topology,config,method,rep,n,p,wall_seconds
0.936784745899556,0.9960214845615701,0.5080486847271299,0.9089494163424124,0.5518077740415802,1253,0.3416050686378036,0.9908116385911179,647,1247,11466,6,random,n513p164,piglasso,2,513,164,2907.4762899638154
