aupr,auroc,f1,f1_opt,mcc,shd,precision,recall,tp,fp,tn,fn,topology,config,method,rep,n,p,wall_seconds
0.7142673142573439,0.9462782016632149,0.5039242219215156,0.7104247104247103,0.5114501654879215,1833,0.3482977927422372,0.910958904109589,931,1742,10602,91,cluster,n513p164,piglasso,0,513,164,2184.6012173811905
