aupr,auroc,f1,f1_opt,mcc,shd,precision,recall,tp,fp,tn,fn,topology,config,method,rep,n,p,wall_seconds
0.7464628921661272,0.9614278574936034,0.5004005340453939,0.7596439169139466,0.5142443845515338,1871,0.34172137126185265,0.93419740777667,937,1805,10558,66,cluster,n513p164,piglasso,7,513,164,2087.208537906874
