aupr,auroc,f1,f1_opt,mcc,shd,precision,recall,tp,fp,tn,fn,topology,config,method,rep,n,p,wall_seconds
0.935726637830241,0.9974799537565401,0.45683453237410077,0.9379968203497615,0.5104145205086409,1510,0.29617537313432835,0.9984276729559748,635,1509,11221,1,random,n513p164,piglasso,47,513,164,1987.5730727659538
