aupr,auroc,f1,f1_opt,mcc,shd,precision,recall,tp,fp,tn,fn,topology,config,method,rep,n,p,wall_seconds
0.7389559084012156,0.9742632305993232,0.28185053380782915,0.7763496143958868,0.31923394994269516,1009,0.1644518272425249,0.9850746268656716,198,1006,1796,3,cluster,n237p78,piglasso,6,237,78,517.6224735849537
