aupr,auroc,f1,f1_opt,mcc,shd,precision,recall,tp,fp,tn,fn,topology,config,method,rep,n,p,wall_seconds
0.9199095570590633,0.992663947428367,0.5121212121212122,0.8960943257184967,0.5532242413413854,1288,0.3456032719836401,0.9883040935672515,676,1280,11402,8,random,n513p164,piglasso,21,513,164,2458.505499326624
