aupr,auroc,f1,f1_opt,mcc,shd,precision,recall,tp,fp,tn,fn,topology,config,method,rep,n,p,wall_seconds
0.7330592899640683,0.9971377056569753,0.11904761904761907,0.8349514563106797,0.2214520364366377,666,0.06329113924050633,1.0,45,666,2292,0,hub,n237p78,piglasso,37,237,78,467.1712251128629
