aupr,auroc,f1,f1_opt,mcc,shd,precision,recall,tp,fp,tn,fn,topology,config,method,rep,n,p,wall_seconds
0.5835248447976897,0.9338832299970476,0.25100133511348466,0.6341463414634148,0.260739993635327,561,0.1439509954058193,0.9791666666666666,94,559,570,2,scale-free,n100p50,piglasso,4,100,50,143.34324067318812
