aupr,auroc,f1,f1_opt,mcc,shd,precision,recall,tp,fp,tn,fn,topology,config,method,rep,n,p,wall_seconds
0.6100451824046882,0.9426549906066299,0.16829745596868886,0.7011494252873564,0.1465096222433405,850,0.09197860962566845,0.9885057471264368,86,849,289,1,cluster,n100p50,piglasso,29,100,50,157.3139652912505
