aupr,auroc,f1,f1_opt,mcc,shd,precision,recall,tp,fp,tn,fn,topology,config,method,rep,n,p,wall_seconds
0.709298858127359,0.9310920248433143,0.6695683714182082,0.6775320139697323,0.6354926030944972,911,0.6116633532140491,0.7395833333333334,923,586,11532,325,scale-free,n513p164,piglasso,46,513,164,817.6741087571718
