aupr,auroc,f1,f1_opt,mcc,shd,precision,recall,tp,fp,tn,fn,topology,config,method,rep,n,p,wall_seconds
0.5755765528943058,0.9587101307588903,0.13819095477386936,0.6605504587155964,0.16919918004593718,686,0.07432432432432433,0.9821428571428571,55,685,484,1,random,n100p50,piglasso,20,100,50,235.7617465998046
