aupr,auroc,f1,f1_opt,mcc,shd,precision,recall,tp,fp,tn,fn,topology,config,method,rep,n,p,wall_seconds
0.9398396971294354,0.9970206026558692,0.5015360983102919,0.9250567751703255,0.5470770476300535,1298,0.33521560574948667,0.9954268292682927,653,1295,11415,3,random,n513p164,piglasso,19,513,164,2587.068436020054
