aupr,auroc,f1,f1_opt,mcc,shd,precision,recall,tp,fp,tn,fn,topology,config,method,rep,n,p,wall_seconds
0.6625783492459766,0.9460642757335818,0.1860920666013712,0.7106598984771574,0.1647603408448985,831,0.10259179265658748,1.0,95,831,299,0,cluster,n100p50,piglasso,49,100,50,170.57568669505417
