aupr,auroc,f1,f1_opt,mcc,shd,precision,recall,tp,fp,tn,fn,topology,config,method,rep,n,p,wall_seconds
0.7353437233952862,0.970355310043817,0.29805615550755943,0.7575757575757576,0.33303751980722823,975,0.17557251908396945,0.9857142857142858,207,972,1821,3,cluster,n237p78,piglasso,21,237,78,770.5858858069405
