aupr,auroc,f1,f1_opt,mcc,shd,precision,recall,tp,fp,tn,fn,topology,config,method,rep,n,p,wall_seconds
0.9287389381511003,0.9966800014973671,0.4727272727272728,0.9104477611940298,0.5238973587877662,1392,0.30998509687034276,0.9952153110047847,624,1389,11350,3,random,n513p164,piglasso,25,513,164,2357.8370528626256
