aupr,auroc,f1,f1_opt,mcc,shd,precision,recall,tp,fp,tn,fn,topology,config,method,rep,n,p,wall_seconds
0.9027949480652169,0.9934199514743808,0.526832955404384,0.8941684665226781,0.5638686501171204,1252,0.35964912280701755,0.9844632768361582,697,1241,11417,11,random,n513p164,piglasso,29,513,164,2431.1079294071533
