aupr,auroc,f1,f1_opt,mcc,shd,precision,recall,tp,fp,tn,fn,topology,config,method,rep,n,p,wall_seconds
0.5808983661176667,0.9558260869565219,0.1450980392156863,0.6835443037974683,0.13090071549138582,872,0.07830687830687831,0.9866666666666667,74,871,279,1,cluster,n100p50,piglasso,11,100,50,176.72774166986346
