aupr,auroc,f1,f1_opt,mcc,shd,precision,recall,tp,fp,tn,fn,topology,config,method,rep,n,p,wall_seconds
0.7883964695351617,0.9898171333181577,0.22791081750619324,0.8164794007490637,0.2943445666865203,935,0.12861136999068035,1.0,138,935,1930,0,random,n237p78,piglasso,45,237,78,931.9654890722595
