aupr,auroc,f1,f1_opt,mcc,shd,precision,recall,tp,fp,tn,fn,topology,config,method,rep,n,p,wall_seconds
0.4999537091092731,0.9164771308906332,0.1406799531066823,0.6299212598425198,0.15545408256090998,733,0.07585335018963338,0.967741935483871,60,731,432,2,random,n100p50,piglasso,28,100,50,113.64713146770373
