aupr,auroc,f1,f1_opt,mcc,shd,precision,recall,tp,fp,tn,fn,topology,config,method,rep,n,p,wall_seconds
0.7438101446193719,0.9911326145386652,0.2249793217535153,0.8150684931506849,0.29210191301265775,937,0.1267474370922647,1.0,136,937,1930,0,random,n237p78,piglasso,33,237,78,703.5540182469413
