aupr,auroc,f1,f1_opt,mcc,shd,precision,recall,tp,fp,tn,fn,topology,config,method,rep,n,p,wall_seconds
0.94260429685803,0.9971051503645698,0.4711574246371418,0.9355877616747182,0.5224636214341474,1421,0.3084795321637427,0.9968503937007874,633,1419,11312,2,random,n513p164,piglasso,46,513,164,2492.381948015187
