aupr,auroc,f1,f1_opt,mcc,shd,precision,recall,tp,fp,tn,fn,topology,config,method,rep,n,p,wall_seconds
0.733830247463986,0.9746842143628228,0.28075052119527455,0.7764127764127765,0.31444460405859065,1035,0.16382806163828062,0.9805825242718447,202,1031,1766,4,cluster,n237p78,piglasso,2,237,78,632.7841131193563
