aupr,auroc,f1,f1_opt,mcc,shd,precision,recall,tp,fp,tn,fn,topology,config,method,rep,n,p,wall_seconds
0.7230797082168872,0.9718202595842648,0.2933884297520661,0.7800829875518673,0.32655676792204014,1026,0.17219078415521422,0.9906976744186047,213,1024,1764,2,cluster,n237p78,piglasso,28,237,78,535.0494691450149
