aupr,auroc,f1,f1_opt,mcc,shd,precision,recall,tp,fp,tn,fn,topology,config,method,rep,n,p,wall_seconds
0.24059120440462178,0.9500829875518673,0.06279434850863423,0.4074074074074075,0.12788826101244627,597,0.03241491085899514,1.0,20,597,608,0,hub,n100p50,piglasso,9,100,50,157.4759632642381
