aupr,auroc,f1,f1_opt,mcc,shd,precision,recall,tp,fp,tn,fn,topology,config,method,rep,n,p,wall_seconds
0.5639617693220813,0.9459871244635192,0.149746192893401,0.6771653543307087,0.17980742805758237,670,0.08104395604395605,0.9833333333333333,59,669,496,1,random,n100p50,piglasso,7,100,50,162.03863571491092
