aupr,auroc,f1,f1_opt,mcc,shd,precision,recall,tp,fp,tn,fn,topology,config,method,rep,n,p,wall_seconds
0.4352777169345185,0.9786929460580912,0.05457025920873124,0.6181818181818183,0.1091721064355134,693,0.028050490883590462,1.0,20,693,512,0,hub,n100p50,piglasso,41,100,50,111.40780692268163
