aupr,auroc,f1,f1_opt,mcc,shd,precision,recall,tp,fp,tn,fn,topology,config,method,rep,n,p,wall_seconds
0.6614888509545538,0.9115587465929174,0.5075225677031093,0.6795774647887324,0.48567337493347934,491,0.3609129814550642,0.8547297297297297,253,448,2259,43,scale-free,n237p78,piglasso,4,237,78,360.3339410191402
