aupr,auroc,f1,f1_opt,mcc,shd,precision,recall,tp,fp,tn,fn,topology,config,method,rep,n,p,wall_seconds
0.6709531806106475,0.9766839378238342,0.15420023014959722,0.7407407407407408,0.1746892262444829,735,0.08354114713216958,1.0,67,735,423,0,random,n100p50,piglasso,3,100,50,227.58714820910245
