aupr,auroc,f1,f1_opt,mcc,shd,precision,recall,tp,fp,tn,fn,topology,config,method,rep,n,p,wall_seconds
0.5095907928388747,0.9913485477178423,0.05228758169934641,0.6666666666666667,0.10341033777494883,725,0.026845637583892617,1.0,20,725,480,0,hub,n100p50,piglasso,2,100,50,111.0680950479582
