aupr,auroc,f1,f1_opt,mcc,shd,precision,recall,tp,fp,tn,fn,topology,config,method,rep,n,p,wall_seconds
0.7408381608914355,0.9713148764797155,0.3174354964816263,0.7894736842105262,0.3572484895470955,873,0.18901303538175046,0.9902439024390244,203,871,1927,2,cluster,n237p78,piglasso,49,237,78,582.1339570209384
