aupr,auroc,f1,f1_opt,mcc,shd,precision,recall,tp,fp,tn,fn,topology,config,method,rep,n,p,wall_seconds
0.599898884188057,0.9299712134632417,0.24831309041835356,0.6568627450980392,0.25218326020886966,557,0.14263565891472868,0.9583333333333334,92,553,576,4,scale-free,n100p50,piglasso,36,100,50,124.55624790303409
