aupr,auroc,f1,f1_opt,mcc,shd,precision,recall,tp,fp,tn,fn,topology,config,method,rep,n,p,wall_seconds
0.5812344187283937,0.9604203056768559,0.17075773745997866,0.6516853932584269,0.17321111147971605,777,0.09334889148191365,1.0,80,777,368,0,cluster,n100p50,piglasso,30,100,50,164.34530426189303
