aupr,auroc,f1,f1_opt,mcc,shd,precision,recall,tp,fp,tn,fn,topology,config,method,rep,n,p,wall_seconds
0.3322020480434039,0.975954356846473,0.05917159763313609,0.5,0.1199846496945828,636,0.03048780487804878,1.0,20,636,569,0,hub,n100p50,piglasso,6,100,50,126.01053566997871
