aupr,auroc,f1,f1_opt,mcc,shd,precision,recall,tp,fp,tn,fn,topology,config,method,rep,n,p,wall_seconds
0.7258263665484564,0.9363050529303727,0.6585788561525131,0.6899786780383796,0.6252656989168869,985,0.5803298717165547,0.7612179487179487,950,687,11431,298,scale-free,n513p164,piglasso,35,513,164,1557.1007461817935
