aupr,auroc,f1,f1_opt,mcc,shd,precision,recall,tp,fp,tn,fn,topology,config,method,rep,n,p,wall_seconds
0.7081562072986125,0.9451566009838209,0.5276425093096533,0.7077393075356414,0.5302860340746876,1649,0.37363083164300204,0.8976608187134503,921,1544,10796,105,cluster,n513p164,piglasso,17,513,164,1910.4753980999812
