aupr,auroc,f1,f1_opt,mcc,shd,precision,recall,tp,fp,tn,fn,topology,config,method,rep,n,p,wall_seconds
0.7373238547904659,0.9732305990200727,0.29590488771466317,0.7951807228915663,0.321045089251994,1066,0.17418351477449456,0.9824561403508771,224,1062,1713,4,cluster,n237p78,piglasso,27,237,78,531.3303122320212
