aupr,auroc,f1,f1_opt,mcc,shd,precision,recall,tp,fp,tn,fn,topology,config,method,rep,n,p,wall_seconds
0.49838859907832816,0.8642511809861234,0.25602409638554213,0.5714285714285714,0.24661300081186321,494,0.14964788732394366,0.8854166666666666,85,483,646,11,scale-free,n100p50,piglasso,48,100,50,241.00403192685917
