aupr,auroc,f1,f1_opt,mcc,shd,precision,recall,tp,fp,tn,fn,topology,config,method,rep,n,p,wall_seconds
0.6887427907701458,0.9227590353510987,0.6504253673627224,0.6553398058252428,0.6134920881775747,904,0.6285500747384155,0.6738782051282052,841,497,11621,407,scale-free,n513p164,piglasso,32,513,164,1570.1576504260302
