aupr,auroc,f1,f1_opt,mcc,shd,precision,recall,tp,fp,tn,fn,topology,config,method,rep,n,p,wall_seconds
0.5652318085158669,0.909627710080709,0.18086225026288116,0.627027027027027,0.160975792165214,779,0.09976798143851508,0.9662921348314607,86,776,360,3,cluster,n100p50,piglasso,47,100,50,183.81083507230505
