aupr,auroc,f1,f1_opt,mcc,shd,precision,recall,tp,fp,tn,fn,topology,config,method,rep,n,p,wall_seconds
0.6224751047031615,0.9744706723891273,0.13377926421404682,0.7244094488188977,0.1545132744875414,777,0.07168458781362007,1.0,60,777,388,0,random,n100p50,piglasso,43,100,50,100.67283715121448
