aupr,auroc,f1,f1_opt,mcc,shd,precision,recall,tp,fp,tn,fn,topology,config,method,rep,n,p,wall_seconds
0.6739285346514263,0.9963075651716626,0.09955752212389381,0.8000000000000002,0.1948601267248937,814,0.05238649592549476,1.0,45,814,2144,0,hub,n237p78,piglasso,1,237,78,296.5341461747885
