aupr,auroc,f1,f1_opt,mcc,shd,precision,recall,tp,fp,tn,fn,topology,config,method,rep,n,p,wall_seconds
0.3218489588918997,0.9617219917012448,0.054945054945054944,0.509090909090909,0.11009056918018009,688,0.02824858757062147,1.0,20,688,517,0,hub,n100p50,piglasso,24,100,50,139.38618070678785
