aupr,auroc,f1,f1_opt,mcc,shd,precision,recall,tp,fp,tn,fn,topology,config,method,rep,n,p,wall_seconds
0.6729051004765234,0.9949740815866577,0.09977827050997781,0.7884615384615385,0.19517833996505923,812,0.052508751458576426,1.0,45,812,2146,0,hub,n237p78,piglasso,5,237,78,293.9550258712843
