aupr,auroc,f1,f1_opt,mcc,shd,precision,recall,tp,fp,tn,fn,topology,config,method,rep,n,p,wall_seconds
0.8905090038149756,0.9976091023702593,0.6031363088057901,0.8732943469785575,0.6448747350942038,329,0.4355400696864111,0.9803921568627451,250,324,12787,5,hub,n513p164,piglasso,9,513,164,1543.1210329849273
