aupr,auroc,f1,f1_opt,mcc,shd,precision,recall,tp,fp,tn,fn,topology,config,method,rep,n,p,wall_seconds
0.5522102244296677,0.8851767788603484,0.26833073322932915,0.6036036036036035,0.2645978628892054,469,0.1577981651376147,0.8958333333333334,86,459,670,10,scale-free,n100p50,piglasso,14,100,50,124.49423155421391
