aupr,auroc,f1,f1_opt,mcc,shd,precision,recall,tp,fp,tn,fn,topology,config,method,rep,n,p,wall_seconds
0.7323931431749023,0.9399935093376667,0.6644182124789207,0.7031441404654961,0.6337755987145262,995,0.5736750145602796,0.7892628205128205,985,732,11386,263,scale-free,n513p164,piglasso,29,513,164,1173.5590395950712
