aupr,auroc,f1,f1_opt,mcc,shd,precision,recall,tp,fp,tn,fn,topology,config,method,rep,n,p,wall_seconds
0.5809656897126386,0.9618119975262832,0.16489988221436983,0.6466165413533834,0.18627592488817107,709,0.08985879332477535,1.0,70,709,446,0,random,n100p50,piglasso,35,100,50,163.10280708922073
