aupr,auroc,f1,f1_opt,mcc,shd,precision,recall,tp,fp,tn,fn,topology,config,method,rep,n,p,wall_seconds
0.6951359984197661,0.9370598271659126,0.5295149035651665,0.7163120567375887,0.528838588858966,1610,0.37828810020876824,0.8821811100292113,906,1489,10850,121,cluster,n513p164,piglasso,10,513,164,1828.092070133891
