aupr,auroc,f1,f1_opt,mcc,shd,precision,recall,tp,fp,tn,fn,topology,config,method,rep,n,p,wall_seconds
0.7195294682609128,0.9343784185741915,0.6614453542185831,0.6871434839842036,0.6271093220039061,951,0.5951313260730301,0.7443910256410257,929,632,11486,319,scale-free,n513p164,piglasso,16,513,164,1187.268189790193
