aupr,auroc,f1,f1_opt,mcc,shd,precision,recall,tp,fp,tn,fn,topology,config,method,rep,n,p,wall_seconds
0.7331082552701769,0.9448739703280986,0.6711840228245363,0.6862193652069103,0.6379786350040683,922,0.6047557840616966,0.7540064102564102,941,615,11503,307,scale-free,n513p164,piglasso,27,513,164,1466.8409768831916
