aupr,auroc,f1,f1_opt,mcc,shd,precision,recall,tp,fp,tn,fn,topology,config,method,rep,n,p,wall_seconds
0.9316819731374717,0.9960674184420057,0.5300240192153723,0.9169184290030211,0.5695152140444796,1174,0.36194641880809186,0.9895366218236173,662,1167,11530,7,random,n513p164,piglasso,20,513,164,2555.294853251893
