aupr,auroc,f1,f1_opt,mcc,shd,precision,recall,tp,fp,tn,fn,topology,config,method,rep,n,p,wall_seconds
0.899675192967078,0.9972899570933553,0.6415584415584416,0.8732394366197183,0.6739221581928376,276,0.4796116504854369,0.9686274509803922,247,268,12843,8,hub,n513p164,piglasso,8,513,164,676.117862642277
