aupr,auroc,f1,f1_opt,mcc,shd,precision,recall,tp,fp,tn,fn,topology,config,method,rep,n,p,wall_seconds
0.7145387156615197,0.9405471823709104,0.5227337718044038,0.7195004803073968,0.5225579314369388,1669,0.3710921640276086,0.8839458413926499,914,1549,10783,120,cluster,n513p164,piglasso,3,513,164,1755.893006992992
