aupr,auroc,f1,f1_opt,mcc,shd,precision,recall,tp,fp,tn,fn,topology,config,method,rep,n,p,wall_seconds
0.7596118954655391,0.9772663574788963,0.2819324950363998,0.817351598173516,0.31348814562287014,1085,0.16435185185185186,0.9906976744186047,213,1083,1705,2,cluster,n237p78,piglasso,20,237,78,606.6690162261948
