aupr,auroc,f1,f1_opt,mcc,shd,precision,recall,tp,fp,tn,fn,topology,config,method,rep,n,p,wall_seconds
0.6634956428806866,0.9083588040253743,0.6408147277712495,0.6464563703400247,0.6030938979349807,917,0.6268199233716475,0.655448717948718,818,487,11631,430,scale-free,n513p164,piglasso,1,513,164,1297.238699147012
