aupr,auroc,f1,f1_opt,mcc,shd,precision,recall,tp,fp,tn,fn,topology,config,method,rep,n,p,wall_seconds
0.6842085228717525,0.9225950826488251,0.6509287925696594,0.6601626016260163,0.614060177937651,902,0.6294910179640718,0.6738782051282052,841,495,11623,407,scale-free,n513p164,piglasso,44,513,164,1877.7718623098917
