aupr,auroc,f1,f1_opt,mcc,shd,precision,recall,tp,fp,tn,fn,topology,config,method,rep,n,p,wall_seconds
0.533286370827052,0.9097191467375259,0.2666666666666666,0.5714285714285715,0.2762342571646281,506,0.15488215488215487,0.9583333333333334,92,502,627,4,scale-free,n100p50,piglasso,6,100,50,159.5807312959805
