aupr,auroc,f1,f1_opt,mcc,shd,precision,recall,tp,fp,tn,fn,topology,config,method,rep,n,p,wall_seconds
0.872316495175974,0.9968652276714209,0.6559139784946237,0.8576850094876659,0.6836134643624812,256,0.49897750511247446,0.9568627450980393,244,245,12866,11,hub,n513p164,piglasso,37,513,164,1239.2066549798474
