aupr,auroc,f1,f1_opt,mcc,shd,precision,recall,tp,fp,tn,fn,topology,config,method,rep,n,p,wall_seconds
0.605762329340042,0.9948839305837277,0.1053864168618267,0.7478260869565218,0.20311931482130272,764,0.05562422744128554,1.0,45,764,2194,0,hub,n237p78,piglasso,22,237,78,229.55802550492808
