aupr,auroc,f1,f1_opt,mcc,shd,precision,recall,tp,fp,tn,fn,topology,config,method,rep,n,p,wall_seconds
0.7397834223163071,0.945670134486167,0.47577854671280273,0.7272727272727273,0.47009682950294784,606,0.31976744186046513,0.9290540540540541,275,585,2122,21,scale-free,n237p78,piglasso,9,237,78,493.7804931830615
