aupr,auroc,f1,f1_opt,mcc,shd,precision,recall,tp,fp,tn,fn,topology,config,method,rep,n,p,wall_seconds
0.5882649542981866,0.9644091835830157,0.14777070063694267,0.7096774193548386,0.18451260258796745,669,0.07977991746905089,1.0,58,669,498,0,random,n100p50,piglasso,24,100,50,113.11815635114908
