aupr,auroc,f1,f1_opt,mcc,shd,precision,recall,tp,fp,tn,fn,topology,config,method,rep,n,p,wall_seconds
0.7234419996743937,0.9344220599468475,0.6633906633906633,0.6848832084618774,0.6299907097462402,959,0.5902560899437851,0.7572115384615384,945,656,11462,303,scale-free,n513p164,piglasso,25,513,164,1664.94327437412
