aupr,auroc,f1,f1_opt,mcc,shd,precision,recall,tp,fp,tn,fn,topology,config,method,rep,n,p,wall_seconds
0.7217778221946618,0.942694118413126,0.537458295420079,0.7216099664590321,0.5390037329808036,1525,0.38521739130434784,0.8886659979939819,886,1414,10955,111,cluster,n513p164,piglasso,44,513,164,1891.6030520298518
