aupr,auroc,f1,f1_opt,mcc,shd,precision,recall,tp,fp,tn,fn,topology,config,method,rep,n,p,wall_seconds
0.6923076923076923,0.9966193373901283,0.10778443113772454,0.8181818181818181,0.20643547617427177,745,0.056962025316455694,1.0,45,745,2213,0,hub,n237p78,piglasso,9,237,78,329.5067347190343
