aupr,auroc,f1,f1_opt,mcc,shd,precision,recall,tp,fp,tn,fn,topology,config,method,rep,n,p,wall_seconds
0.6494690850845217,0.9509193235527142,0.1373873873873874,0.7258064516129032,0.14636966953238612,766,0.07393939393939394,0.9682539682539683,61,764,398,2,random,n100p50,piglasso,6,100,50,192.16091963695362
