aupr,auroc,f1,f1_opt,mcc,shd,precision,recall,tp,fp,tn,fn,topology,config,method,rep,n,p,wall_seconds
0.7270046793617065,0.9620132938752111,0.34332833583208394,0.761487964989059,0.3708648373982566,876,0.20799273387829245,0.9828326180257511,229,872,1898,4,cluster,n237p78,piglasso,32,237,78,686.8366350140423
