aupr,auroc,f1,f1_opt,mcc,shd,precision,recall,tp,fp,tn,fn,topology,config,method,rep,n,p,wall_seconds
0.7274533842716479,0.9414249794224316,0.6738227146814404,0.6970198675496689,0.6425803398441198,942,0.5932926829268292,0.7796474358974359,973,667,11451,275,scale-free,n513p164,piglasso,31,513,164,1548.239612559788
