aupr,auroc,f1,f1_opt,mcc,shd,precision,recall,tp,fp,tn,fn,topology,config,method,rep,n,p,wall_seconds
0.7380131151151541,0.9395598498387564,0.47950089126559714,0.718381112984823,0.46928752584781525,584,0.32566585956416466,0.9087837837837838,269,557,2150,27,scale-free,n237p78,piglasso,24,237,78,515.0280439401977
