aupr,auroc,f1,f1_opt,mcc,shd,precision,recall,tp,fp,tn,fn,topology,config,method,rep,n,p,wall_seconds
0.8510526200513141,0.9940108664928864,0.6534391534391534,0.8431001890359168,0.6836705335653547,262,0.4930139720558882,0.9686274509803922,247,254,12857,8,hub,n513p164,piglasso,43,513,164,517.9773628818803
