aupr,auroc,f1,f1_opt,mcc,shd,precision,recall,tp,fp,tn,fn,topology,config,method,rep,n,p,wall_seconds
0.7030683102344427,0.9724099963297855,0.2864864864864865,0.7664399092970523,0.31765343433664445,1056,0.16758893280632411,0.986046511627907,212,1053,1735,3,cluster,n237p78,piglasso,16,237,78,491.946840275079
