aupr,auroc,f1,f1_opt,mcc,shd,precision,recall,tp,fp,tn,fn,topology,config,method,rep,n,p,wall_seconds
0.8586169054168519,0.9934462302154843,0.6317169069462647,0.8543689320388349,0.6608886037626143,281,0.47534516765285995,0.94140625,241,266,12844,15,hub,n513p164,piglasso,3,513,164,639.760362425819
