aupr,auroc,f1,f1_opt,mcc,shd,precision,recall,tp,fp,tn,fn,topology,config,method,rep,n,p,wall_seconds
0.9446122888931401,0.9962934289305522,0.4961832061068702,0.9173047473200612,0.541523562993999,1320,0.33095723014256617,0.9908536585365854,650,1314,11396,6,random,n513p164,piglasso,39,513,164,2657.185177539941
