aupr,auroc,f1,f1_opt,mcc,shd,precision,recall,tp,fp,tn,fn,topology,config,method,rep,n,p,wall_seconds
0.635376313763093,0.9607710235920852,0.1624026696329255,0.7092198581560283,0.17495711742553688,753,0.08837772397094432,1.0,73,753,399,0,random,n100p50,piglasso,48,100,50,178.28126499801874
