aupr,auroc,f1,f1_opt,mcc,shd,precision,recall,tp,fp,tn,fn,topology,config,method,rep,n,p,wall_seconds
0.9160312901644931,0.9979273058759662,0.6526867627785059,0.8875968992248062,0.6851940175093439,265,0.48919449901768175,0.9803149606299213,249,260,12852,5,hub,n513p164,piglasso,31,513,164,793.8765379218385
