aupr,auroc,f1,f1_opt,mcc,shd,precision,recall,tp,fp,tn,fn,topology,config,method,rep,n,p,wall_seconds
0.6241269841269841,0.9953121478476449,0.10285714285714286,0.7652173913043477,0.19957125529623906,785,0.05421686746987952,1.0,45,785,2173,0,hub,n237p78,piglasso,6,237,78,384.4306574049406
