aupr,auroc,f1,f1_opt,mcc,shd,precision,recall,tp,fp,tn,fn,topology,config,method,rep,n,p,wall_seconds
0.5909572182411212,0.9649816968130922,0.16161616161616163,0.6870229007633589,0.19399314410288154,664,0.08791208791208792,1.0,64,664,497,0,random,n100p50,piglasso,11,100,50,78.49641672987491
