aupr,auroc,f1,f1_opt,mcc,shd,precision,recall,tp,fp,tn,fn,topology,config,method,rep,n,p,wall_seconds
0.5500064545874273,0.9135527384115737,0.2698863636363636,0.6082474226804124,0.28767587724594207,514,0.15625,0.9895833333333334,95,513,616,1,scale-free,n100p50,piglasso,24,100,50,219.31947653600946
