aupr,auroc,f1,f1_opt,mcc,shd,precision,recall,tp,fp,tn,fn,topology,config,method,rep,n,p,wall_seconds
0.9341421377199575,0.9967926737654444,0.4909023393984404,0.9157894736842106,0.5375718329641176,1371,0.32577624445539677,0.9954819277108434,661,1368,11334,3,random,n513p164,piglasso,10,513,164,2451.17215401493
