aupr,auroc,f1,f1_opt,mcc,shd,precision,recall,tp,fp,tn,fn,topology,config,method,rep,n,p,wall_seconds
0.49359376734348986,0.9392649002643596,0.12761020881670537,0.6050420168067226,0.14323692231097435,752,0.06832298136645963,0.9649122807017544,55,750,418,2,random,n100p50,piglasso,41,100,50,152.7403600309044
