aupr,auroc,f1,f1_opt,mcc,shd,precision,recall,tp,fp,tn,fn,topology,config,method,rep,n,p,wall_seconds
0.7571675557317704,0.9722453045266175,0.28285714285714286,0.7979539641943735,0.32036581125424435,1004,0.1651376146788991,0.9850746268656716,198,1001,1801,3,cluster,n237p78,piglasso,34,237,78,488.00741672096774
