aupr,auroc,f1,f1_opt,mcc,shd,precision,recall,tp,fp,tn,fn,topology,config,method,rep,n,p,wall_seconds
0.7518156203325124,0.9734712053219965,0.29854872149274353,0.7897196261682243,0.3293850337734514,1015,0.1758957654723127,0.9863013698630136,216,1012,1772,3,cluster,n237p78,piglasso,47,237,78,333.4689431870356
