aupr,auroc,f1,f1_opt,mcc,shd,precision,recall,tp,fp,tn,fn,topology,config,method,rep,n,p,wall_seconds
0.4750156347717323,0.9899585062240664,0.05228758169934641,0.6440677966101694,0.10341033777494883,725,0.026845637583892617,1.0,20,725,480,0,hub,n100p50,piglasso,27,100,50,58.740020126570016
