aupr,auroc,f1,f1_opt,mcc,shd,precision,recall,tp,fp,tn,fn,topology,config,method,rep,n,p,wall_seconds
0.9392914097924376,0.9965405750484225,0.5108395743003548,0.9192546583850932,0.5548861848900735,1241,0.3437665782493369,0.9938650306748467,648,1237,11477,4,random,n513p164,piglasso,48,513,164,2552.87473458983
