aupr,auroc,f1,f1_opt,mcc,shd,precision,recall,tp,fp,tn,fn,topology,config,method,rep,n,p,wall_seconds
0.5396545880839467,0.95327203660537,0.16752843846949325,0.6387434554973823,0.164593426088461,805,0.09142212189616253,1.0,81,805,339,0,cluster,n100p50,piglasso,35,100,50,98.02439222298563
