aupr,auroc,f1,f1_opt,mcc,shd,precision,recall,tp,fp,tn,fn,topology,config,method,rep,n,p,wall_seconds
0.6008972010828642,0.9440242803222354,0.14962593516209474,0.7107438016528925,0.17733640360069192,682,0.08097165991902834,0.9836065573770492,60,681,483,1,random,n100p50,piglasso,5,100,50,135.61291022738442
