aupr,auroc,f1,f1_opt,mcc,shd,precision,recall,tp,fp,tn,fn,topology,config,method,rep,n,p,wall_seconds
0.5064714086244071,0.8887335769117213,0.27175572519083974,0.5398773006134969,0.27559943333897113,477,0.1592128801431127,0.9270833333333334,89,470,659,7,scale-free,n100p50,piglasso,8,100,50,225.28488171473145
