aupr,auroc,f1,f1_opt,mcc,shd,precision,recall,tp,fp,tn,fn,topology,config,method,rep,n,p,wall_seconds
0.8575622690247684,0.9960140458142639,0.6855524079320112,0.8406909788867563,0.7062778169498456,222,0.5377777777777778,0.9453125,242,208,12902,14,hub,n513p164,piglasso,29,513,164,1168.1746101463214
