aupr,auroc,f1,f1_opt,mcc,shd,precision,recall,tp,fp,tn,fn,topology,config,method,rep,n,p,wall_seconds
0.42985520796259735,0.8561641939769709,0.25180897250361794,0.5050505050505051,0.24535723065588957,517,0.146218487394958,0.90625,87,508,621,9,scale-free,n100p50,piglasso,44,100,50,182.2398935398087
