aupr,auroc,f1,f1_opt,mcc,shd,precision,recall,tp,fp,tn,fn,topology,config,method,rep,n,p,wall_seconds
0.6505575467941059,0.9958117346555482,0.11673151750972764,0.7663551401869159,0.2184340695584567,681,0.06198347107438017,1.0,45,681,2277,0,hub,n237p78,piglasso,38,237,78,501.0282225268893
