aupr,auroc,f1,f1_opt,mcc,shd,precision,recall,tp,fp,tn,fn,topology,config,method,rep,n,p,wall_seconds
0.7122281652189003,0.9377262739048924,0.6738197424892703,0.6890756302521008,0.640812310319971,912,0.6085271317829457,0.7548076923076923,942,606,11512,306,scale-free,n513p164,piglasso,36,513,164,1438.4020774718374
