aupr,auroc,f1,f1_opt,mcc,shd,precision,recall,tp,fp,tn,fn,topology,config,method,rep,n,p,wall_seconds
0.6974008124079671,0.9522982626634614,0.3229912490055688,0.7164835164835165,0.3556075599870595,851,0.1938872970391595,0.9666666666666667,203,844,1949,7,cluster,n237p78,piglasso,19,237,78,653.8875650223345
