aupr,auroc,f1,f1_opt,mcc,shd,precision,recall,tp,fp,tn,fn,topology,config,method,rep,n,p,wall_seconds
0.8667572171531552,0.9955609982837529,0.6845070422535211,0.852772466539197,0.7060510125065175,224,0.5352422907488987,0.94921875,243,211,12899,13,hub,n513p164,piglasso,22,513,164,1160.7712033577263
