aupr,auroc,f1,f1_opt,mcc,shd,precision,recall,tp,fp,tn,fn,topology,config,method,rep,n,p,wall_seconds
0.6957522831146499,0.9451499211887224,0.5004018215912135,0.7208216619981326,0.5073517229806238,1865,0.34528650646950093,0.9085603112840467,934,1771,10567,94,cluster,n513p164,piglasso,38,513,164,2443.149912376888
