aupr,auroc,f1,f1_opt,mcc,shd,precision,recall,tp,fp,tn,fn,topology,config,method,rep,n,p,wall_seconds
0.6131755537614243,0.9335389133627019,0.18487394957983191,0.6785714285714285,0.16903176607855067,776,0.10208816705336426,0.9777777777777777,88,774,361,2,cluster,n100p50,piglasso,14,100,50,152.47941432287917
