aupr,auroc,f1,f1_opt,mcc,shd,precision,recall,tp,fp,tn,fn,topology,config,method,rep,n,p,wall_seconds
0.7122120750887875,0.9969160844414394,0.1174934725848564,0.8190476190476191,0.21943068544612163,676,0.06241331484049931,1.0,45,676,2282,0,hub,n237p78,piglasso,0,237,78,355.73193294974044
