aupr,auroc,f1,f1_opt,mcc,shd,precision,recall,tp,fp,tn,fn,topology,config,method,rep,n,p,wall_seconds
0.748666539955203,0.9662439053838587,0.2993920972644377,0.7906976744186047,0.3374880949891891,922,0.17668161434977578,0.9800995024875622,197,918,1884,4,cluster,n237p78,piglasso,12,237,78,692.9885366340168
