aupr,auroc,f1,f1_opt,mcc,shd,precision,recall,tp,fp,tn,fn,topology,config,method,rep,n,p,wall_seconds
0.7275613201065142,0.944219027979945,0.5252941176470588,0.7262217551234892,0.5285845947058437,1614,0.3720833333333333,0.893,893,1507,10859,107,cluster,n513p164,piglasso,25,513,164,2369.056361379102
