aupr,auroc,f1,f1_opt,mcc,shd,precision,recall,tp,fp,tn,fn,topology,config,method,rep,n,p,wall_seconds
0.4104321728691476,0.9766390041493775,0.05952380952380952,0.5818181818181818,0.12077442749770273,632,0.03067484662576687,1.0,20,632,573,0,hub,n100p50,piglasso,23,100,50,114.08479251386598
