aupr,auroc,f1,f1_opt,mcc,shd,precision,recall,tp,fp,tn,fn,topology,config,method,rep,n,p,wall_seconds
0.3414305915224206,0.9783195020746887,0.060790273556231,0.5151515151515151,0.12357487665310503,618,0.03134796238244514,1.0,20,618,587,0,hub,n100p50,piglasso,35,100,50,154.52168282633647
