aupr,auroc,f1,f1_opt,mcc,shd,precision,recall,tp,fp,tn,fn,topology,config,method,rep,n,p,wall_seconds
0.7357489642989431,0.9876883449064693,0.24124513618677038,0.8106508875739645,0.29848477322603834,975,0.13728963684676704,0.9935897435897436,155,974,1873,1,random,n237p78,piglasso,22,237,78,704.7003382761031
