aupr,auroc,f1,f1_opt,mcc,shd,precision,recall,tp,fp,tn,fn,topology,config,method,rep,n,p,wall_seconds
0.9241614957552338,0.9964475776700965,0.49860834990059644,0.9063250600480384,0.5458503824785139,1261,0.33262599469496024,0.9952380952380953,627,1258,11478,3,random,n513p164,piglasso,22,513,164,2409.449170319829
