aupr,auroc,f1,f1_opt,mcc,shd,precision,recall,tp,fp,tn,fn,topology,config,method,rep,n,p,wall_seconds
0.704966262426105,0.9346067977401239,0.5221027479091994,0.7048319327731093,0.5207196465744305,1600,0.37302603499786596,0.8696517412935323,874,1469,10892,131,cluster,n513p164,piglasso,37,513,164,1321.8077192562632
