aupr,auroc,f1,f1_opt,mcc,shd,precision,recall,tp,fp,tn,fn,topology,config,method,rep,n,p,wall_seconds
0.4941340342686308,0.895141349276646,0.2701062215477997,0.5327510917030567,0.27353648246662404,481,0.15808170515097691,0.9270833333333334,89,474,655,7,scale-free,n100p50,piglasso,42,100,50,152.00506954081357
