aupr,auroc,f1,f1_opt,mcc,shd,precision,recall,tp,fp,tn,fn,topology,config,method,rep,n,p,wall_seconds
0.9352532621670842,0.999006155844775,0.5517241379310345,0.920388349514563,0.6073419049095453,416,0.38095238095238093,1.0,256,416,12694,0,hub,n513p164,piglasso,23,513,164,756.8129617790692
