aupr,auroc,f1,f1_opt,mcc,shd,precision,recall,tp,fp,tn,fn,topology,config,method,rep,n,p,wall_seconds
0.9323655438331564,0.9968265418006358,0.49845440494590415,0.906396255850234,0.5452147341977241,1298,0.3323029366306028,0.9969088098918083,645,1296,11423,2,random,n513p164,piglasso,40,513,164,2651.1316523640417
