aupr,auroc,f1,f1_opt,mcc,shd,precision,recall,tp,fp,tn,fn,topology,config,method,rep,n,p,wall_seconds
0.5566365711981867,0.9152873117803366,0.25383542538354253,0.6130653266331657,0.2572037410265073,535,0.14653784219001612,0.9479166666666666,91,530,599,5,scale-free,n100p50,piglasso,31,100,50,198.83393664611503
