aupr,auroc,f1,f1_opt,mcc,shd,precision,recall,tp,fp,tn,fn,topology,config,method,rep,n,p,wall_seconds
0.25543188938033845,0.9511203319502075,0.06389776357827476,0.4,0.1302058469354377,586,0.033003300330033,1.0,20,586,619,0,hub,n100p50,piglasso,30,100,50,155.8222732488066
