aupr,auroc,f1,f1_opt,mcc,shd,precision,recall,tp,fp,tn,fn,topology,config,method,rep,n,p,wall_seconds
0.8604117816124572,0.9966050486270023,0.6648721399730821,0.8549905838041432,0.6923942038595655,249,0.5071868583162218,0.96484375,247,240,12870,9,hub,n513p164,piglasso,38,513,164,1585.1734273210168
