aupr,auroc,f1,f1_opt,mcc,shd,precision,recall,tp,fp,tn,fn,topology,config,method,rep,n,p,wall_seconds
0.7054407038658645,0.9945505238256167,0.10877626699629171,0.82,0.20857064259583402,721,0.05751633986928104,1.0,44,721,2238,0,hub,n237p78,piglasso,34,237,78,210.23002867493778
