aupr,auroc,f1,f1_opt,mcc,shd,precision,recall,tp,fp,tn,fn,topology,config,method,rep,n,p,wall_seconds
0.7358443333271271,0.954413238204422,0.5117998294000569,0.738240177089098,0.5215831926595988,1717,0.35530990919857874,0.9146341463414634,900,1633,10749,84,cluster,n513p164,piglasso,5,513,164,2364.990738826338
