aupr,auroc,f1,f1_opt,mcc,shd,precision,recall,tp,fp,tn,fn,topology,config,method,rep,n,p,wall_seconds
0.522663303913327,0.9050644006495423,0.2789968652037617,0.5654008438818565,0.28453057098517276,460,0.16420664206642066,0.9270833333333334,89,453,676,7,scale-free,n100p50,piglasso,40,100,50,142.50768716912717
