aupr,auroc,f1,f1_opt,mcc,shd,precision,recall,tp,fp,tn,fn,topology,config,method,rep,n,p,wall_seconds
0.5773647984971592,0.9572974644403216,0.16431924882629106,0.6805555555555556,0.1852919340642342,712,0.08951406649616368,1.0,70,712,443,0,random,n100p50,piglasso,10,100,50,174.66828812099993
