aupr,auroc,f1,f1_opt,mcc,shd,precision,recall,tp,fp,tn,fn,topology,config,method,rep,n,p,wall_seconds
0.5280692031816321,0.8715908252140537,0.2721311475409836,0.5870646766169154,0.2629420753822557,444,0.1614785992217899,0.8645833333333334,83,431,698,13,scale-free,n100p50,piglasso,15,100,50,181.27888730401173
