aupr,auroc,f1,f1_opt,mcc,shd,precision,recall,tp,fp,tn,fn,topology,config,method,rep,n,p,wall_seconds
0.6111148138274238,0.9952110663922087,0.10705596107055962,0.7454545454545454,0.20621918437312467,734,0.056555269922879174,1.0,44,734,2225,0,hub,n237p78,piglasso,20,237,78,452.36900270869955
