aupr,auroc,f1,f1_opt,mcc,shd,precision,recall,tp,fp,tn,fn,topology,config,method,rep,n,p,wall_seconds
0.5069080970884055,0.9550356890736529,0.15980629539951577,0.6233766233766234,0.18665942776503597,694,0.0868421052631579,1.0,66,694,465,0,random,n100p50,piglasso,49,100,50,103.96685374015942
