aupr,auroc,f1,f1_opt,mcc,shd,precision,recall,tp,fp,tn,fn,topology,config,method,rep,n,p,wall_seconds
0.663035890090704,0.9379218292914266,0.4755364806866954,0.674230145867099,0.47138291007437366,611,0.3187571921749137,0.9358108108108109,277,592,2115,19,scale-free,n237p78,piglasso,28,237,78,468.1553090387024
