aupr,auroc,f1,f1_opt,mcc,shd,precision,recall,tp,fp,tn,fn,topology,config,method,rep,n,p,wall_seconds
0.6923076923076923,0.9966193373901285,0.11002444987775062,0.8181818181818181,0.20949316429477252,728,0.05821474773609314,1.0,45,728,2230,0,hub,n237p78,piglasso,8,237,78,340.51405036915094
