aupr,auroc,f1,f1_opt,mcc,shd,precision,recall,tp,fp,tn,fn,topology,config,method,rep,n,p,wall_seconds
0.44199675370537306,0.9811618257261411,0.06289308176100628,0.6206896551724138,0.12809723767911033,596,0.032467532467532464,1.0,20,596,609,0,hub,n100p50,piglasso,1,100,50,72.11486190184951
