aupr,auroc,f1,f1_opt,mcc,shd,precision,recall,tp,fp,tn,fn,topology,config,method,rep,n,p,wall_seconds
0.7181236029373126,0.927861575095598,0.5004739336492892,0.6979865771812082,0.4863219773720808,527,0.34782608695652173,0.8918918918918919,264,495,2212,32,scale-free,n237p78,piglasso,38,237,78,393.13435861235484
