aupr,auroc,f1,f1_opt,mcc,shd,precision,recall,tp,fp,tn,fn,topology,config,method,rep,n,p,wall_seconds
0.6366002326713587,0.9052132109945187,0.4709193245778611,0.6164623467600702,0.4479898045628366,564,0.32597402597402597,0.847972972972973,251,519,2188,45,scale-free,n237p78,piglasso,33,237,78,425.57417040504515
