aupr,auroc,f1,f1_opt,mcc,shd,precision,recall,tp,fp,tn,fn,topology,config,method,rep,n,p,wall_seconds
0.6593761011187007,0.9162506614482971,0.5166498486377397,0.6483704974271013,0.49664393037396454,479,0.3683453237410072,0.8648648648648649,256,439,2268,40,scale-free,n237p78,piglasso,17,237,78,423.8489959323779
