aupr,auroc,f1,f1_opt,mcc,shd,precision,recall,tp,fp,tn,fn,topology,config,method,rep,n,p,wall_seconds
0.746001748286835,0.9447764715341873,0.6837082481254261,0.7151211361737677,0.6549093290121066,928,0.5948991696322657,0.8036858974358975,1003,683,11435,245,scale-free,n513p164,piglasso,49,513,164,1570.8491782140918
