aupr,auroc,f1,f1_opt,mcc,shd,precision,recall,tp,fp,tn,fn,topology,config,method,rep,n,p,wall_seconds
0.6918426605850678,0.9229972445101798,0.6546816479400749,0.6663886572143454,0.6181654034030641,922,0.6146272855133614,0.7003205128205128,874,548,11570,374,scale-free,n513p164,piglasso,42,513,164,1364.641864337027
