aupr,auroc,f1,f1_opt,mcc,shd,precision,recall,tp,fp,tn,fn,topology,config,method,rep,n,p,wall_seconds
0.6699155104054483,0.9248763216485787,0.4946859903381642,0.6723842195540309,0.4750411441267244,523,0.34641407307171856,0.8648648648648649,256,483,2224,40,scale-free,n237p78,piglasso,10,237,78,276.3811360388063
