aupr,auroc,f1,f1_opt,mcc,shd,precision,recall,tp,fp,tn,fn,topology,config,method,rep,n,p,wall_seconds
0.512617065658736,0.954655356118351,0.15577889447236182,0.6222222222222222,0.18322534380151306,672,0.08458390177353342,0.9841269841269841,62,671,491,1,random,n100p50,piglasso,17,100,50,145.54052516212687
