aupr,auroc,f1,f1_opt,mcc,shd,precision,recall,tp,fp,tn,fn,topology,config,method,rep,n,p,wall_seconds
0.9314331658000692,0.9958026389611678,0.5361635220125787,0.8998527245949928,0.5745956095280574,1180,0.3672590199246096,0.992721979621543,682,1175,11504,5,random,n513p164,piglasso,15,513,164,2257.561257697642
