aupr,auroc,f1,f1_opt,mcc,shd,precision,recall,tp,fp,tn,fn,topology,config,method,rep,n,p,wall_seconds
0.5456512246162676,0.9027393342190728,0.27812499999999996,0.6139534883720931,0.28346561684955557,462,0.1636029411764706,0.9270833333333334,89,455,674,7,scale-free,n100p50,piglasso,26,100,50,106.65858595492318
