aupr,auroc,f1,f1_opt,mcc,shd,precision,recall,tp,fp,tn,fn,topology,config,method,rep,n,p,wall_seconds
0.5982652666945762,0.9646076477844198,0.11920529801324505,0.7419354838709677,0.1420865766985094,798,0.06338028169014084,1.0,54,798,373,0,random,n100p50,piglasso,29,100,50,113.51370077999309
