aupr,auroc,f1,f1_opt,mcc,shd,precision,recall,tp,fp,tn,fn,topology,config,method,rep,n,p,wall_seconds
0.7401754191149879,0.9834687951571068,0.29338446788111217,0.7774086378737542,0.35521486231831917,737,0.172103487064117,0.9935064935064936,153,736,2113,1,random,n237p78,piglasso,36,237,78,670.5834805052727
