aupr,auroc,f1,f1_opt,mcc,shd,precision,recall,tp,fp,tn,fn,topology,config,method,rep,n,p,wall_seconds
0.743027630747188,0.9502068181891029,0.5221112696148359,0.7425088877602842,0.5277726574132822,1675,0.3667334669338677,0.905940594059406,915,1580,10776,95,cluster,n513p164,piglasso,13,513,164,2155.2948266873136
