aupr,auroc,f1,f1_opt,mcc,shd,precision,recall,tp,fp,tn,fn,topology,config,method,rep,n,p,wall_seconds
0.732444742396397,0.9659973975919489,0.3057142857142857,0.7848699763593381,0.3367579187530232,972,0.18104906937394247,0.981651376146789,214,968,1817,4,cluster,n237p78,piglasso,5,237,78,431.8301905761473
