aupr,auroc,f1,f1_opt,mcc,shd,precision,recall,tp,fp,tn,fn,topology,config,method,rep,n,p,wall_seconds
0.7402511936770071,0.9434405545183159,0.46689303904923596,0.7184801381692573,0.46127926852040513,628,0.31179138321995464,0.9290540540540541,275,607,2100,21,scale-free,n237p78,piglasso,5,237,78,495.6248086001724
