aupr,auroc,f1,f1_opt,mcc,shd,precision,recall,tp,fp,tn,fn,topology,config,method,rep,n,p,wall_seconds
0.7275209435828349,0.9432626561508051,0.5328275459585643,0.7173038229376257,0.5355390699691349,1601,0.3788381742738589,0.8977384464110127,913,1497,10852,104,cluster,n513p164,piglasso,1,513,164,1619.493700871244
