aupr,auroc,f1,f1_opt,mcc,shd,precision,recall,tp,fp,tn,fn,topology,config,method,rep,n,p,wall_seconds
0.720522609055801,0.9527076947653231,0.4821124361158432,0.7060998151571165,0.48251030666677747,608,0.3223234624145786,0.956081081081081,283,595,2112,13,scale-free,n237p78,piglasso,21,237,78,565.963688984979
