aupr,auroc,f1,f1_opt,mcc,shd,precision,recall,tp,fp,tn,fn,topology,config,method,rep,n,p,wall_seconds
0.7058973274129364,0.9355230458186805,0.6642831605291384,0.6695652173913044,0.6301141063407584,939,0.5997417688831505,0.7443910256410257,929,620,11498,319,scale-free,n513p164,piglasso,41,513,164,1131.2448006221093
