aupr,auroc,f1,f1_opt,mcc,shd,precision,recall,tp,fp,tn,fn,topology,config,method,rep,n,p,wall_seconds
0.799481579299215,0.9909560429040949,0.2558139534883721,0.8471337579617835,0.317081283806756,896,0.14666666666666667,1.0,154,896,1953,0,random,n237p78,piglasso,13,237,78,748.2361499080434
