aupr,auroc,f1,f1_opt,mcc,shd,precision,recall,tp,fp,tn,fn,topology,config,method,rep,n,p,wall_seconds
0.8258646379935491,0.9931463200124164,0.27214611872146116,0.8684210526315789,0.3369284836816052,797,0.15750528541226216,1.0,149,797,2057,0,random,n237p78,piglasso,21,237,78,507.7359740831889
