aupr,auroc,f1,f1_opt,mcc,shd,precision,recall,tp,fp,tn,fn,topology,config,method,rep,n,p,wall_seconds
0.4344758852258852,0.983298755186722,0.057224606580829764,0.6071428571428571,0.11552684380913965,659,0.029455081001472753,1.0,20,659,546,0,hub,n100p50,piglasso,5,100,50,91.68892718805
