aupr,auroc,f1,f1_opt,mcc,shd,precision,recall,tp,fp,tn,fn,topology,config,method,rep,n,p,wall_seconds
0.7123784795983729,0.9362395908713887,0.6671554252199414,0.6774575602052902,0.6324711033406265,908,0.6148648648648649,0.7291666666666666,910,570,11548,338,scale-free,n513p164,piglasso,19,513,164,1130.2310497858562
