aupr,auroc,f1,f1_opt,mcc,shd,precision,recall,tp,fp,tn,fn,topology,config,method,rep,n,p,wall_seconds
0.6048045985107957,0.931018416002362,0.18536585365853658,0.6551724137931033,0.15750301796772434,835,0.10226049515608181,0.9895833333333334,95,834,295,1,cluster,n100p50,piglasso,45,100,50,236.64048601919785
