aupr,auroc,f1,f1_opt,mcc,shd,precision,recall,tp,fp,tn,fn,topology,config,method,rep,n,p,wall_seconds
0.7343234253374142,0.945600245609481,0.4923629829290207,0.7126050420168066,0.48567144160433423,565,0.3353733170134639,0.9256756756756757,274,543,2164,22,scale-free,n237p78,piglasso,15,237,78,493.4303039959632
