aupr,auroc,f1,f1_opt,mcc,shd,precision,recall,tp,fp,tn,fn,topology,config,method,rep,n,p,wall_seconds
0.5328674463928964,0.9082659802184824,0.2637037037037037,0.5901639344262296,0.265421713051897,497,0.153713298791019,0.9270833333333334,89,490,639,7,scale-free,n100p50,piglasso,49,100,50,183.40927273407578
