aupr,auroc,f1,f1_opt,mcc,shd,precision,recall,tp,fp,tn,fn,topology,config,method,rep,n,p,wall_seconds
0.6937109684352137,0.9374363512015894,0.5050878815911193,0.6825633383010432,0.49736128793363077,535,0.34777070063694265,0.9222972972972973,273,512,2195,23,scale-free,n237p78,piglasso,27,237,78,343.37006984697655
