aupr,auroc,f1,f1_opt,mcc,shd,precision,recall,tp,fp,tn,fn,topology,config,method,rep,n,p,wall_seconds
0.6204527566552773,0.9587420460107685,0.18987341772151897,0.6994535519125684,0.18416738100433058,768,0.1048951048951049,1.0,90,768,367,0,cluster,n100p50,piglasso,1,100,50,458.65310462005436
