aupr,auroc,f1,f1_opt,mcc,shd,precision,recall,tp,fp,tn,fn,topology,config,method,rep,n,p,wall_seconds
0.8205183788710848,0.9935783752860411,0.6582633053221288,0.835294117647059,0.67883473904973,244,0.5131004366812227,0.91796875,235,223,12887,21,hub,n513p164,piglasso,28,513,164,1160.098325251136
