aupr,auroc,f1,f1_opt,mcc,shd,precision,recall,tp,fp,tn,fn,topology,config,method,rep,n,p,wall_seconds
0.3428413685734194,0.9601659751037345,0.06015037593984962,0.5185185185185185,0.12216747950657077,625,0.031007751937984496,1.0,20,625,580,0,hub,n100p50,piglasso,45,100,50,189.94176211813465
