aupr,auroc,f1,f1_opt,mcc,shd,precision,recall,tp,fp,tn,fn,topology,config,method,rep,n,p,wall_seconds
0.5587073791025585,0.9298542816023027,0.1805128205128205,0.6257668711656442,0.1717345371557029,799,0.0992108229988726,1.0,88,799,338,0,cluster,n100p50,piglasso,33,100,50,148.74999520694837
