aupr,auroc,f1,f1_opt,mcc,shd,precision,recall,tp,fp,tn,fn,topology,config,method,rep,n,p,wall_seconds
0.9389909289595499,0.996950070001309,0.49755363191569446,0.9142011834319527,0.5432749584150545,1335,0.33166081284495735,0.9954819277108434,661,1332,11370,3,random,n513p164,piglasso,7,513,164,2642.63466896303
