aupr,auroc,f1,f1_opt,mcc,shd,precision,recall,tp,fp,tn,fn,topology,config,method,rep,n,p,wall_seconds
0.364723064457107,0.9843983402489627,0.05434782608695652,0.53125,0.10862351554156,696,0.027932960893854747,1.0,20,696,509,0,hub,n100p50,piglasso,42,100,50,162.39312944980338
