aupr,auroc,f1,f1_opt,mcc,shd,precision,recall,tp,fp,tn,fn,topology,config,method,rep,n,p,wall_seconds
0.7289710355131805,0.9727814434044294,0.3074670571010249,0.7454068241469817,0.3466001211610649,946,0.18166089965397925,1.0,210,946,1847,0,cluster,n237p78,piglasso,15,237,78,661.1211901940405
