aupr,auroc,f1,f1_opt,mcc,shd,precision,recall,tp,fp,tn,fn,topology,config,method,rep,n,p,wall_seconds
0.4065940170940171,0.9816597510373445,0.05390835579514825,0.5714285714285714,0.10753178823853006,702,0.027700831024930747,1.0,20,702,503,0,hub,n100p50,piglasso,46,100,50,81.52002984983847
