aupr,auroc,f1,f1_opt,mcc,shd,precision,recall,tp,fp,tn,fn,topology,config,method,rep,n,p,wall_seconds
0.4393557696783503,0.9807261410788383,0.058224163027656484,0.6,0.11783536648975437,647,0.029985007496251874,1.0,20,647,558,0,hub,n100p50,piglasso,38,100,50,125.86485564382747
