aupr,auroc,f1,f1_opt,mcc,shd,precision,recall,tp,fp,tn,fn,topology,config,method,rep,n,p,wall_seconds
0.6510563062898836,0.9080075180463063,0.4801587301587302,0.6261180679785331,0.45132074170318226,524,0.3398876404494382,0.8175675675675675,242,470,2237,54,scale-free,n237p78,piglasso,35,237,78,378.47799577983096
