aupr,auroc,f1,f1_opt,mcc,shd,precision,recall,tp,fp,tn,fn,topology,config,method,rep,n,p,wall_seconds
0.7418259474091591,0.9428612434458594,0.6873691556175855,0.7000759301442673,0.6574074622768339,896,0.6087762669962917,0.7892628205128205,985,633,11485,263,scale-free,n513p164,piglasso,14,513,164,833.89135216875
