aupr,auroc,f1,f1_opt,mcc,shd,precision,recall,tp,fp,tn,fn,topology,config,method,rep,n,p,wall_seconds
0.7187745535199441,0.9762455387603002,0.29554655870445345,0.7724137931034483,0.32920042772633495,1044,0.17339667458432304,1.0,219,1044,1740,0,cluster,n237p78,piglasso,13,237,78,489.71458969218656
