aupr,auroc,f1,f1_opt,mcc,shd,precision,recall,tp,fp,tn,fn,topology,config,method,rep,n,p,wall_seconds
0.7866104909290929,0.9904731026971145,0.24203821656050956,0.8490566037735849,0.30283155805941453,952,0.13768115942028986,1.0,152,952,1899,0,random,n237p78,piglasso,10,237,78,533.5133794620633
