aupr,auroc,f1,f1_opt,mcc,shd,precision,recall,tp,fp,tn,fn,topology,config,method,rep,n,p,wall_seconds
0.7296368023831687,0.9589702958505497,0.2923076923076923,0.7758620689655171,0.31805935961222725,1012,0.17230008244023085,0.9631336405529954,209,1004,1782,8,cluster,n237p78,piglasso,0,237,78,295.7223586044274
