aupr,auroc,f1,f1_opt,mcc,shd,precision,recall,tp,fp,tn,fn,topology,config,method,rep,n,p,wall_seconds
0.9013135362214153,0.9979488859078067,0.6469072164948454,0.8722109533468559,0.6811662221443302,274,0.4817658349328215,0.984313725490196,251,270,12841,4,hub,n513p164,piglasso,34,513,164,733.4284596829675
