aupr,auroc,f1,f1_opt,mcc,shd,precision,recall,tp,fp,tn,fn,topology,config,method,rep,n,p,wall_seconds
0.6856413040520086,0.9313454107968331,0.4786944696282865,0.6666666666666667,0.464840679679588,575,0.3271375464684015,0.8918918918918919,264,543,2164,32,scale-free,n237p78,piglasso,42,237,78,504.830317330081
