aupr,auroc,f1,f1_opt,mcc,shd,precision,recall,tp,fp,tn,fn,topology,config,method,rep,n,p,wall_seconds
0.7504595997057417,0.946159473245987,0.6898734177215189,0.7123633305298571,0.6597610012150713,882,0.6146616541353384,0.7860576923076923,981,615,11503,267,scale-free,n513p164,piglasso,38,513,164,1337.9952242569998
