aupr,auroc,f1,f1_opt,mcc,shd,precision,recall,tp,fp,tn,fn,topology,config,method,rep,n,p,wall_seconds
0.5875067761798696,0.9312306244464128,0.19727177334732426,0.6698564593301435,0.1778314146617568,765,0.10968494749124855,0.9791666666666666,94,763,366,2,cluster,n100p50,piglasso,10,100,50,131.6476986091584
