aupr,auroc,f1,f1_opt,mcc,shd,precision,recall,tp,fp,tn,fn,topology,config,method,rep,n,p,wall_seconds
0.8887472852328658,0.9963863817971425,0.6542056074766356,0.8593448940269749,0.6843154693069855,259,0.4939516129032258,0.9683794466403162,245,251,12862,8,hub,n513p164,piglasso,14,513,164,1112.25937492121
