aupr,auroc,f1,f1_opt,mcc,shd,precision,recall,tp,fp,tn,fn,topology,config,method,rep,n,p,wall_seconds
0.37133854492473484,0.9540041493775934,0.059842519685039376,0.5384615384615384,0.1154233120724788,597,0.030894308943089432,0.95,19,596,609,1,hub,n100p50,piglasso,25,100,50,199.20375061780214
