aupr,auroc,f1,f1_opt,mcc,shd,precision,recall,tp,fp,tn,fn,topology,config,method,rep,n,p,wall_seconds
0.7074201352379653,0.9332636459959968,0.6543075245365322,0.6694882647171989,0.618333709481408,951,0.5988023952095808,0.7211538461538461,900,603,11515,348,scale-free,n513p164,piglasso,20,513,164,960.9043741957285
