aupr,auroc,f1,f1_opt,mcc,shd,precision,recall,tp,fp,tn,fn,topology,config,method,rep,n,p,wall_seconds
0.5310391894926247,0.8897373327484098,0.19532908704883226,0.6185567010309279,0.16397311525331426,758,0.10887573964497041,0.9484536082474226,92,753,375,5,cluster,n100p50,piglasso,3,100,50,314.79895388009027
