aupr,auroc,f1,f1_opt,mcc,shd,precision,recall,tp,fp,tn,fn,topology,config,method,rep,n,p,wall_seconds
0.9260991411166701,0.9963754614208163,0.5135338345864662,0.9153284671532846,0.5562570029840604,1294,0.34582278481012657,0.997080291970803,683,1292,11389,2,random,n513p164,piglasso,11,513,164,1864.488457673695
