aupr,auroc,f1,f1_opt,mcc,shd,precision,recall,tp,fp,tn,fn,topology,config,method,rep,n,p,wall_seconds
0.6199625237477987,0.9951841838458938,0.1125319693094629,0.742857142857143,0.21362878866522453,694,0.05962059620596206,1.0,44,694,2265,0,hub,n237p78,piglasso,49,237,78,796.1728821387514
