aupr,auroc,f1,f1_opt,mcc,shd,precision,recall,tp,fp,tn,fn,topology,config,method,rep,n,p,wall_seconds
0.4569395217623609,0.9380980778298615,0.1521197007481297,0.5562913907284769,0.1793073582127987,680,0.08243243243243244,0.9838709677419355,61,679,484,1,random,n100p50,piglasso,34,100,50,210.54196395305917
