aupr,auroc,f1,f1_opt,mcc,shd,precision,recall,tp,fp,tn,fn,topology,config,method,rep,n,p,wall_seconds
0.7534094734374268,0.9571153024877629,0.5323609845031905,0.7404661016949152,0.5406111286033416,1539,0.37612709317303566,0.9106029106029107,876,1453,10951,86,cluster,n513p164,piglasso,28,513,164,1848.5203814799897
