aupr,auroc,f1,f1_opt,mcc,shd,precision,recall,tp,fp,tn,fn,topology,config,method,rep,n,p,wall_seconds
0.8866709165342095,0.9956728043794708,0.6785225718194254,0.868217054263566,0.7057676526781557,235,0.519916142557652,0.9763779527559056,248,229,12883,6,hub,n513p164,piglasso,44,513,164,788.1796041950583
