aupr,auroc,f1,f1_opt,mcc,shd,precision,recall,tp,fp,tn,fn,topology,config,method,rep,n,p,wall_seconds
0.7166386057598803,0.9432778405456912,0.5064498037016265,0.720954356846473,0.5143489529420998,1760,0.35136186770428013,0.9066265060240963,903,1667,10703,93,cluster,n513p164,piglasso,42,513,164,2434.0271768821403
