aupr,auroc,f1,f1_opt,mcc,shd,precision,recall,tp,fp,tn,fn,topology,config,method,rep,n,p,wall_seconds
0.6972838337369919,0.9295332920656156,0.492619926199262,0.7001733102253033,0.48076295734632063,550,0.33883248730964466,0.902027027027027,267,521,2186,29,scale-free,n237p78,piglasso,37,237,78,424.8362739928998
