aupr,auroc,f1,f1_opt,mcc,shd,precision,recall,tp,fp,tn,fn,topology,config,method,rep,n,p,wall_seconds
0.9340494865324085,0.9958737031270639,0.43827819281394526,0.9267886855241265,0.4954601664299556,1579,0.28076572470373745,0.9983792544570502,616,1578,11171,1,random,n513p164,piglasso,18,513,164,2473.0011634603143
