aupr,auroc,f1,f1_opt,mcc,shd,precision,recall,tp,fp,tn,fn,topology,config,method,rep,n,p,wall_seconds
0.761918685602896,0.9971940500338066,0.11795543905635648,0.8627450980392156,0.22003311755672753,673,0.06267409470752089,1.0,45,673,2285,0,hub,n237p78,piglasso,33,237,78,328.6350084771402
