aupr,auroc,f1,f1_opt,mcc,shd,precision,recall,tp,fp,tn,fn,topology,config,method,rep,n,p,wall_seconds
0.9320739713991383,0.9951801057992768,0.5074029611844737,0.9076305220883534,0.5529988780444477,1231,0.34049409237379163,0.9952904238618524,634,1228,11501,3,random,n513p164,piglasso,6,513,164,2382.4414940201677
