aupr,auroc,f1,f1_opt,mcc,shd,precision,recall,tp,fp,tn,fn,topology,config,method,rep,n,p,wall_seconds
0.48672653787608944,0.9009909211691762,0.2884310618066561,0.5514018691588785,0.30053760943655616,449,0.17009345794392525,0.9479166666666666,91,444,685,5,scale-free,n100p50,piglasso,34,100,50,87.6911204578355
