aupr,auroc,f1,f1_opt,mcc,shd,precision,recall,tp,fp,tn,fn,topology,config,method,rep,n,p,wall_seconds
0.7828428481841001,0.9899701696904494,0.2555853440571939,0.8417508417508417,0.32224557889093547,833,0.14651639344262296,1.0,143,833,2027,0,random,n237p78,piglasso,9,237,78,621.337816526182
