aupr,auroc,f1,f1_opt,mcc,shd,precision,recall,tp,fp,tn,fn,topology,config,method,rep,n,p,wall_seconds
0.914306051548721,0.9937024940095864,0.534181240063593,0.8802308802308803,0.5715741767030331,1172,0.366412213740458,0.9853372434017595,672,1162,11522,10,random,n513p164,piglasso,27,513,164,1494.555819161702
