aupr,auroc,f1,f1_opt,mcc,shd,precision,recall,tp,fp,tn,fn,topology,config,method,rep,n,p,wall_seconds
0.7517525921998596,0.9444568315411277,0.6756756756756758,0.7192198293376677,0.6464654607328094,960,0.5841121495327103,0.8012820512820513,1000,712,11406,248,scale-free,n513p164,piglasso,48,513,164,1908.424112461973
