aupr,auroc,f1,f1_opt,mcc,shd,precision,recall,tp,fp,tn,fn,topology,config,method,rep,n,p,wall_seconds
0.8909793891617588,0.9978190742394129,0.6451612903225806,0.8809073724007562,0.6790199803092867,275,0.4807692307692308,0.9803921568627451,250,270,12841,5,hub,n513p164,piglasso,19,513,164,1164.6941391960718
