aupr,auroc,f1,f1_opt,mcc,shd,precision,recall,tp,fp,tn,fn,topology,config,method,rep,n,p,wall_seconds
0.8625735915103077,0.9946073786708619,0.6603518267929634,0.846307385229541,0.6865970455112875,251,0.505175983436853,0.953125,244,239,12871,12,hub,n513p164,piglasso,11,513,164,961.7110174549744
