aupr,auroc,f1,f1_opt,mcc,shd,precision,recall,tp,fp,tn,fn,topology,config,method,rep,n,p,wall_seconds
0.35414594504264935,0.9818672199170124,0.06163328197226502,0.5161290322580645,0.12540627890765127,609,0.03179650238473768,1.0,20,609,596,0,hub,n100p50,piglasso,17,100,50,104.72226074384525
