aupr,auroc,f1,f1_opt,mcc,shd,precision,recall,tp,fp,tn,fn,topology,config,method,rep,n,p,wall_seconds
0.7342369248606575,0.9438667518645354,0.4792219274977895,0.7164179104477612,0.4704942630886277,589,0.32455089820359284,0.9155405405405406,271,564,2143,25,scale-free,n237p78,piglasso,40,237,78,378.3440557792783
