aupr,auroc,f1,f1_opt,mcc,shd,precision,recall,tp,fp,tn,fn,topology,config,method,rep,n,p,wall_seconds
0.7318342965269502,0.9970888738637218,0.11207970112079702,0.8349514563106797,0.2122661495086125,713,0.059366754617414245,1.0,45,713,2245,0,hub,n237p78,piglasso,44,237,78,368.51624970696867
