aupr,auroc,f1,f1_opt,mcc,shd,precision,recall,tp,fp,tn,fn,topology,config,method,rep,n,p,wall_seconds
0.5494210058781182,0.8952797460879834,0.2806451612903226,0.6033519553072625,0.28201836677471814,446,0.16603053435114504,0.90625,87,437,692,9,scale-free,n100p50,piglasso,43,100,50,153.82127909967676
