aupr,auroc,f1,f1_opt,mcc,shd,precision,recall,tp,fp,tn,fn,topology,config,method,rep,n,p,wall_seconds
0.7665318926381284,0.9882493006171654,0.25923016496465046,0.8342857142857143,0.3153337848258148,943,0.14891696750902528,1.0,165,943,1895,0,random,n237p78,piglasso,24,237,78,442.6135665923357
