aupr,auroc,f1,f1_opt,mcc,shd,precision,recall,tp,fp,tn,fn,topology,config,method,rep,n,p,wall_seconds
0.9231744555754864,0.9958507457188971,0.4864664441972562,0.9037149355572404,0.5343954019531888,1385,0.3217263364394311,0.9969604863221885,656,1383,11325,2,random,n513p164,piglasso,5,513,164,2650.3387658353895
