aupr,auroc,f1,f1_opt,mcc,shd,precision,recall,tp,fp,tn,fn,topology,config,method,rep,n,p,wall_seconds
0.4542731911197959,0.9835062240663901,0.062111801242236024,0.6296296296296295,0.1264347387554797,604,0.03205128205128205,1.0,20,604,601,0,hub,n100p50,piglasso,49,100,50,137.94679650757462
