aupr,auroc,f1,f1_opt,mcc,shd,precision,recall,tp,fp,tn,fn,topology,config,method,rep,n,p,wall_seconds
0.9347017045366878,0.9960596730246868,0.5096342902084152,0.9239046887009993,0.552744251817707,1247,0.3432203389830508,0.9893129770992366,648,1240,11471,7,random,n513p164,piglasso,36,513,164,2758.4813198009506
