aupr,auroc,f1,f1_opt,mcc,shd,precision,recall,tp,fp,tn,fn,topology,config,method,rep,n,p,wall_seconds
0.7195032870900546,0.9486156018471461,0.5197270839513498,0.7331592689295038,0.5274260095934804,1619,0.3646960865945046,0.9040247678018576,876,1526,10871,93,cluster,n513p164,piglasso,9,513,164,2185.488523418084
