aupr,auroc,f1,f1_opt,mcc,shd,precision,recall,tp,fp,tn,fn,topology,config,method,rep,n,p,wall_seconds
0.6739428928430129,0.9579662540090795,0.31608005521049004,0.7346938775510204,0.34144456572303084,991,0.18832236842105263,0.9828326180257511,229,987,1783,4,cluster,n237p78,piglasso,29,237,78,505.4033454400487
