aupr,auroc,f1,f1_opt,mcc,shd,precision,recall,tp,fp,tn,fn,topology,config,method,rep,n,p,wall_seconds
0.4661657599157599,0.9892531120331949,0.05398110661268556,0.631578947368421,0.10771324511716088,701,0.027739251040221916,1.0,20,701,504,0,hub,n100p50,piglasso,31,100,50,73.77870523091406
