aupr,auroc,f1,f1_opt,mcc,shd,precision,recall,tp,fp,tn,fn,topology,config,method,rep,n,p,wall_seconds
0.4786928626156371,0.93234109864826,0.16058394160583941,0.6086956521739131,0.1879558179786714,690,0.0873015873015873,1.0,66,690,469,0,random,n100p50,piglasso,16,100,50,202.347568186
