aupr,auroc,f1,f1_opt,mcc,shd,precision,recall,tp,fp,tn,fn,topology,config,method,rep,n,p,wall_seconds
0.3323404434347259,0.9767427385892116,0.058139534883720936,0.5,0.11764157783429192,648,0.029940119760479042,1.0,20,648,557,0,hub,n100p50,piglasso,32,100,50,190.4553638319485
