aupr,auroc,f1,f1_opt,mcc,shd,precision,recall,tp,fp,tn,fn,topology,config,method,rep,n,p,wall_seconds
0.6499736629635166,0.9377952465308533,0.25032938076416333,0.7301587301587302,0.2623768734402445,569,0.14328808446455504,0.9895833333333334,95,568,561,1,scale-free,n100p50,piglasso,13,100,50,120.44479312514886
