aupr,auroc,f1,f1_opt,mcc,shd,precision,recall,tp,fp,tn,fn,topology,config,method,rep,n,p,wall_seconds
0.5383062906235795,0.8884291039267788,0.2592047128129602,0.5608465608465609,0.25734372798963195,503,0.1509433962264151,0.9166666666666666,88,495,634,8,scale-free,n100p50,piglasso,47,100,50,154.56987886223942
