aupr,auroc,f1,f1_opt,mcc,shd,precision,recall,tp,fp,tn,fn,topology,config,method,rep,n,p,wall_seconds
0.6595522454611205,0.9490015609020938,0.19584569732937687,0.6965174129353234,0.17370933257596735,813,0.10855263157894737,1.0,99,813,313,0,cluster,n100p50,piglasso,37,100,50,216.09217257564887
