aupr,auroc,f1,f1_opt,mcc,shd,precision,recall,tp,fp,tn,fn,topology,config,method,rep,n,p,wall_seconds
0.8062759530335675,0.9887044231558119,0.23940149625935161,0.8442906574394463,0.3021486772582818,915,0.13610586011342155,0.993103448275862,144,914,1944,1,random,n237p78,piglasso,48,237,78,765.3960133497603
