aupr,auroc,f1,f1_opt,mcc,shd,precision,recall,tp,fp,tn,fn,topology,config,method,rep,n,p,wall_seconds
0.9392570430284983,0.9971186376735401,0.4822163983526769,0.9141965678627145,0.5313715790977341,1383,0.3180246913580247,0.9969040247678018,644,1381,11339,2,random,n513p164,piglasso,8,513,164,2865.1838056123815
