aupr,auroc,f1,f1_opt,mcc,shd,precision,recall,tp,fp,tn,fn,topology,config,method,rep,n,p,wall_seconds
0.611663456863891,0.9714100185528758,0.15765765765765768,0.6944444444444444,0.173651516623823,748,0.08557457212713937,1.0,70,748,407,0,random,n100p50,piglasso,12,100,50,108.96140183787793
