aupr,auroc,f1,f1_opt,mcc,shd,precision,recall,tp,fp,tn,fn,topology,config,method,rep,n,p,wall_seconds
0.7621637992150329,0.9920309322285339,0.22872340425531915,0.8164794007490637,0.3000665518704439,870,0.12912912912912913,1.0,129,870,2004,0,random,n237p78,piglasso,11,237,78,764.0232162438333
