aupr,auroc,f1,f1_opt,mcc,shd,precision,recall,tp,fp,tn,fn,topology,config,method,rep,n,p,wall_seconds
0.8399053760664497,0.9930384754008383,0.6997084548104957,0.8282442748091603,0.7175669882941759,206,0.5568445475638051,0.9411764705882353,240,191,12920,15,hub,n513p164,piglasso,17,513,164,1028.1762474770658
