aupr,auroc,f1,f1_opt,mcc,shd,precision,recall,tp,fp,tn,fn,topology,config,method,rep,n,p,wall_seconds
0.622662835248878,0.993711967545639,0.11494252873563218,0.7500000000000001,0.21607926520087523,693,0.06097560975609756,1.0,45,693,2265,0,hub,n237p78,piglasso,15,237,78,298.4105446850881
