aupr,auroc,f1,f1_opt,mcc,shd,precision,recall,tp,fp,tn,fn,topology,config,method,rep,n,p,wall_seconds
0.7864950773010889,0.9849798508723245,0.2408026755852843,0.8445945945945945,0.3037099626861755,908,0.13701236917221693,0.993103448275862,144,907,1951,1,random,n237p78,piglasso,46,237,78,661.6919321571477
