aupr,auroc,f1,f1_opt,mcc,shd,precision,recall,tp,fp,tn,fn,topology,config,method,rep,n,p,wall_seconds
0.7434794930630929,0.9709489453507159,0.29357798165137616,0.7757575757575756,0.3214188559607245,1078,0.1723076923076923,0.9911504424778761,224,1076,1701,2,cluster,n237p78,piglasso,44,237,78,760.2484917528927
