aupr,auroc,f1,f1_opt,mcc,shd,precision,recall,tp,fp,tn,fn,topology,config,method,rep,n,p,wall_seconds
0.8532161319338667,0.996624835689957,0.6394736842105263,0.8431771894093687,0.6715174606938679,274,0.47834645669291337,0.9642857142857143,243,265,12849,9,hub,n513p164,piglasso,20,513,164,1295.121028447058
