aupr,auroc,f1,f1_opt,mcc,shd,precision,recall,tp,fp,tn,fn,topology,config,method,rep,n,p,wall_seconds
0.8488567441485922,0.9966275445747521,0.6886657101865136,0.8277227722772277,0.707614781142667,217,0.54421768707483,0.9375,240,201,12909,16,hub,n513p164,piglasso,42,513,164,925.2471364461817
