aupr,auroc,f1,f1_opt,mcc,shd,precision,recall,tp,fp,tn,fn,topology,config,method,rep,n,p,wall_seconds
0.6040673932520907,0.978969957081545,0.1393728222996516,0.688,0.165112264124596,741,0.0749063670411985,1.0,60,741,424,0,random,n100p50,piglasso,1,100,50,274.16505876230076
