aupr,auroc,f1,f1_opt,mcc,shd,precision,recall,tp,fp,tn,fn,topology,config,method,rep,n,p,wall_seconds
0.5590825156382339,0.9652734686641254,0.13379469434832758,0.6666666666666667,0.15986410965626516,751,0.07169344870210136,1.0,58,751,416,0,random,n100p50,piglasso,23,100,50,167.07125985994935
