aupr,auroc,f1,f1_opt,mcc,shd,precision,recall,tp,fp,tn,fn,topology,config,method,rep,n,p,wall_seconds
0.7786706349206348,0.9977086620088648,0.10638297872340426,0.8712871287128713,0.2045029472458307,756,0.056179775280898875,1.0,45,756,2202,0,hub,n237p78,piglasso,21,237,78,259.70176777616143
