aupr,auroc,f1,f1_opt,mcc,shd,precision,recall,tp,fp,tn,fn,topology,config,method,rep,n,p,wall_seconds
0.5383797530090784,0.9242785433261623,0.18072289156626506,0.6368159203980099,0.16136147813967475,816,0.09944751381215469,0.989010989010989,90,815,319,1,cluster,n100p50,piglasso,34,100,50,103.22119964193553
