aupr,auroc,f1,f1_opt,mcc,shd,precision,recall,tp,fp,tn,fn,topology,config,method,rep,n,p,wall_seconds
0.7214119535477411,0.9338613013698631,0.6676406135865595,0.6877162629757786,0.6331157951471392,910,0.6134228187919463,0.7323717948717948,914,576,11542,334,scale-free,n513p164,piglasso,0,513,164,1664.3199604731053
