aupr,auroc,f1,f1_opt,mcc,shd,precision,recall,tp,fp,tn,fn,topology,config,method,rep,n,p,wall_seconds
0.7418121129774031,0.9433086997621677,0.6668948990071893,0.699613235926085,0.6354911327877306,973,0.5821876867901973,0.780448717948718,974,699,11419,274,scale-free,n513p164,piglasso,11,513,164,1283.5214301175438
