aupr,auroc,f1,f1_opt,mcc,shd,precision,recall,tp,fp,tn,fn,topology,config,method,rep,n,p,wall_seconds
0.8291670425207487,0.992392679280666,0.26215993404781535,0.8625,0.32152843026616995,895,0.150853889943074,1.0,159,895,1949,0,random,n237p78,piglasso,38,237,78,685.3234556210227
