aupr,auroc,f1,f1_opt,mcc,shd,precision,recall,tp,fp,tn,fn,topology,config,method,rep,n,p,wall_seconds
0.3398290744944829,0.9756846473029046,0.05943536404160476,0.5084745762711865,0.12057656240811976,633,0.030627871362940276,1.0,20,633,572,0,hub,n100p50,piglasso,15,100,50,116.44129536300898
