aupr,auroc,f1,f1_opt,mcc,shd,precision,recall,tp,fp,tn,fn,topology,config,method,rep,n,p,wall_seconds
0.7562453482842866,0.9504824828522649,0.5079662605435802,0.7311072056239016,0.4986944966733491,525,0.35149156939040205,0.9155405405405406,271,500,2207,25,scale-free,n237p78,piglasso,14,237,78,462.3515839879401
