aupr,auroc,f1,f1_opt,mcc,shd,precision,recall,tp,fp,tn,fn,topology,config,method,rep,n,p,wall_seconds
0.4953429599982214,0.9466730484412815,0.09860664523043944,0.6545454545454545,0.11405526475155234,841,0.05191873589164785,0.9787234042553191,46,840,338,1,random,n100p50,piglasso,15,100,50,160.11380988778546
