aupr,auroc,f1,f1_opt,mcc,shd,precision,recall,tp,fp,tn,fn,topology,config,method,rep,n,p,wall_seconds
0.917526770730116,0.9970052089175232,0.6416558861578266,0.9065606361829026,0.6747176318405539,277,0.47876447876447875,0.9725490196078431,248,270,12841,7,hub,n513p164,piglasso,25,513,164,1546.2856332850643
