aupr,auroc,f1,f1_opt,mcc,shd,precision,recall,tp,fp,tn,fn,topology,config,method,rep,n,p,wall_seconds
0.8019331331444863,0.9866804935724557,0.2900900900900901,0.8131147540983606,0.35016119411854124,788,0.1696522655426765,1.0,161,788,2054,0,random,n237p78,piglasso,37,237,78,661.6181189613417
