aupr,auroc,f1,f1_opt,mcc,shd,precision,recall,tp,fp,tn,fn,topology,config,method,rep,n,p,wall_seconds
0.7400129660352972,0.9405988228716341,0.5042016806722689,0.7050092764378478,0.49429255506822584,531,0.34838709677419355,0.9121621621621622,270,505,2202,26,scale-free,n237p78,piglasso,13,237,78,431.10200448986143
