aupr,auroc,f1,f1_opt,mcc,shd,precision,recall,tp,fp,tn,fn,topology,config,method,rep,n,p,wall_seconds
0.6524323899059485,0.9502887750349325,0.19852164730728616,0.7234042553191489,0.18521571671138046,759,0.11032863849765258,0.9894736842105263,94,758,372,1,cluster,n100p50,piglasso,2,100,50,272.84746471606195
