aupr,auroc,f1,f1_opt,mcc,shd,precision,recall,tp,fp,tn,fn,topology,config,method,rep,n,p,wall_seconds
0.7019977547442899,0.9272415333092116,0.6585003711952487,0.6717434869739479,0.6225377635555362,920,0.6134163208852006,0.7107371794871795,887,559,11559,361,scale-free,n513p164,piglasso,43,513,164,1597.9117123992182
