aupr,auroc,f1,f1_opt,mcc,shd,precision,recall,tp,fp,tn,fn,topology,config,method,rep,n,p,wall_seconds
0.5588036926442317,0.8847712164588286,0.2199798183652876,0.5921787709497208,0.18500080420399942,773,0.12386363636363637,0.9819819819819819,109,771,343,2,cluster,n100p50,piglasso,23,100,50,106.70267174066976
