aupr,auroc,f1,f1_opt,mcc,shd,precision,recall,tp,fp,tn,fn,topology,config,method,rep,n,p,wall_seconds
0.6241955075827279,0.9947449477875442,0.11124845488257108,0.7378640776699029,0.2111482758760911,719,0.058900523560209424,1.0,45,719,2239,0,hub,n237p78,piglasso,29,237,78,252.72877007722855
