aupr,auroc,f1,f1_opt,mcc,shd,precision,recall,tp,fp,tn,fn,topology,config,method,rep,n,p,wall_seconds
0.9089181827407244,0.9952678409129768,0.5318095238095238,0.8912886969042476,0.570510022527057,1229,0.3629745189807592,0.9943019943019943,698,1225,11439,4,random,n513p164,piglasso,24,513,164,2048.60135066323
