aupr,auroc,f1,f1_opt,mcc,shd,precision,recall,tp,fp,tn,fn,topology,config,method,rep,n,p,wall_seconds
0.69683180149944,0.9546350985242398,0.3212598425196851,0.7228381374722839,0.3504599451167968,862,0.19299905392620625,0.9577464788732394,204,853,1937,9,cluster,n237p78,piglasso,14,237,78,471.98050422314554
