aupr,auroc,f1,f1_opt,mcc,shd,precision,recall,tp,fp,tn,fn,topology,config,method,rep,n,p,wall_seconds
0.6935699283694263,0.9333532606096617,0.5303731113166821,0.6991701244813279,0.5260702728561243,1523,0.38392857142857145,0.8574277168494516,860,1380,10983,143,cluster,n513p164,piglasso,26,513,164,1592.6836736840196
