aupr,auroc,f1,f1_opt,mcc,shd,precision,recall,tp,fp,tn,fn,topology,config,method,rep,n,p,wall_seconds
0.8994942456357089,0.9975842589345337,0.6509803921568628,0.873015873015873,0.6837964006754197,267,0.487279843444227,0.9803149606299213,249,262,12850,5,hub,n513p164,piglasso,2,513,164,1629.514730616007
