aupr,auroc,f1,f1_opt,mcc,shd,precision,recall,tp,fp,tn,fn,topology,config,method,rep,n,p,wall_seconds
0.4397748592870544,0.987883817427386,0.05665722379603399,0.6101694915254238,0.11419676443623955,666,0.029154518950437316,1.0,20,666,539,0,hub,n100p50,piglasso,20,100,50,152.27292185090482
