aupr,auroc,f1,f1_opt,mcc,shd,precision,recall,tp,fp,tn,fn,topology,config,method,rep,n,p,wall_seconds
0.6168013273276431,0.9943777074564503,0.11548556430446194,0.7476635514018691,0.2175378018162858,674,0.06128133704735376,1.0,44,674,2285,0,hub,n237p78,piglasso,11,237,78,288.2754294509068
