aupr,auroc,f1,f1_opt,mcc,shd,precision,recall,tp,fp,tn,fn,topology,config,method,rep,n,p,wall_seconds
0.8196083097882074,0.9900096187478139,0.24161073825503357,0.8716216216216217,0.30652571060539974,904,0.13740458015267176,1.0,144,904,1955,0,random,n237p78,piglasso,19,237,78,558.8912211507559
