aupr,auroc,f1,f1_opt,mcc,shd,precision,recall,tp,fp,tn,fn,topology,config,method,rep,n,p,wall_seconds
0.7400894878465148,0.954974707824515,0.5004142502071252,0.751958224543081,0.5137574320892455,1809,0.3429220287660863,0.9254341164453525,906,1736,10651,73,cluster,n513p164,piglasso,35,513,164,1675.3086121459492
