aupr,auroc,f1,f1_opt,mcc,shd,precision,recall,tp,fp,tn,fn,topology,config,method,rep,n,p,wall_seconds
0.6841511484756995,0.9266778322467276,0.506378802747792,0.6699669966996699,0.4879273003921928,503,0.35684647302904565,0.8716216216216216,258,465,2242,38,scale-free,n237p78,piglasso,36,237,78,483.2452343371697
