aupr,auroc,f1,f1_opt,mcc,shd,precision,recall,tp,fp,tn,fn,topology,config,method,rep,n,p,wall_seconds
0.7252560434606616,0.9774488705350327,0.2671232876712329,0.7980535279805352,0.30721313767858544,1070,0.15427215189873417,0.9948979591836735,195,1069,1738,1,cluster,n237p78,piglasso,4,237,78,514.5579070341773
