aupr,auroc,f1,f1_opt,mcc,shd,precision,recall,tp,fp,tn,fn,topology,config,method,rep,n,p,wall_seconds
0.7117967526972724,0.9634679399426732,0.29054573405073025,0.743801652892562,0.32989060223807987,923,0.17073170731707318,0.9742268041237113,189,918,1891,5,cluster,n237p78,piglasso,46,237,78,473.5255035706796
