aupr,auroc,f1,f1_opt,mcc,shd,precision,recall,tp,fp,tn,fn,topology,config,method,rep,n,p,wall_seconds
0.7415721363674388,0.9559300727142843,0.5019241341396372,0.7532994923857869,0.5148486982702647,1812,0.3442684766214178,0.9259634888438134,913,1739,10641,73,cluster,n513p164,piglasso,8,513,164,1622.4798665093258
