aupr,auroc,f1,f1_opt,mcc,shd,precision,recall,tp,fp,tn,fn,topology,config,method,rep,n,p,wall_seconds
0.5299150947694321,0.9204910318866254,0.25648021828103684,0.5641025641025642,0.26800118101176906,545,0.14756671899529042,0.9791666666666666,94,543,586,2,scale-free,n100p50,piglasso,35,100,50,126.75760667398572
