aupr,auroc,f1,f1_opt,mcc,shd,precision,recall,tp,fp,tn,fn,topology,config,method,rep,n,p,wall_seconds
0.5295685502328427,0.9173401978151757,0.28483920367534454,0.5690376569037657,0.3010366978378984,467,0.16696588868940754,0.96875,93,464,665,3,scale-free,n100p50,piglasso,3,100,50,154.2626185240224
