aupr,auroc,f1,f1_opt,mcc,shd,precision,recall,tp,fp,tn,fn,topology,config,method,rep,n,p,wall_seconds
0.7462016067798852,0.9882143618260304,0.227088402270884,0.8360128617363344,0.290353075764189,953,0.1282051282051282,0.9929078014184397,140,952,1910,1,random,n237p78,piglasso,16,237,78,514.2673666030169
