aupr,auroc,f1,f1_opt,mcc,shd,precision,recall,tp,fp,tn,fn,topology,config,method,rep,n,p,wall_seconds
0.758231406588705,0.9858721813295945,0.2462809917355372,0.8280254777070064,0.30724171322722765,912,0.14056603773584905,0.9933333333333333,149,911,1942,1,random,n237p78,piglasso,5,237,78,612.4396148803644
