aupr,auroc,f1,f1_opt,mcc,shd,precision,recall,tp,fp,tn,fn,topology,config,method,rep,n,p,wall_seconds
0.9236958450918588,0.9968134852610244,0.47555057857409483,0.9076175040518638,0.5260215135914134,1405,0.3122549019607843,0.9968701095461658,637,1403,11324,2,random,n513p164,piglasso,32,513,164,2529.728952412028
