aupr,auroc,f1,f1_opt,mcc,shd,precision,recall,tp,fp,tn,fn,topology,config,method,rep,n,p,wall_seconds
0.7598764054464145,0.9849785152156101,0.26094727435210013,0.8012232415902141,0.32464668928099616,827,0.15020576131687244,0.9931972789115646,146,826,2030,1,random,n237p78,piglasso,25,237,78,676.8225835319608
