aupr,auroc,f1,f1_opt,mcc,shd,precision,recall,tp,fp,tn,fn,topology,config,method,rep,n,p,wall_seconds
0.7473415716160237,0.9839729216050568,0.28472821397756687,0.7787114845938375,0.34279347980992364,829,0.1659959758551308,1.0,165,829,2009,0,random,n237p78,piglasso,40,237,78,624.4904161440209
