aupr,auroc,f1,f1_opt,mcc,shd,precision,recall,tp,fp,tn,fn,topology,config,method,rep,n,p,wall_seconds
0.5595401270792013,0.8843187186300561,0.26151560178306094,0.5866666666666666,0.26033921406508165,497,0.15251299826689774,0.9166666666666666,88,489,640,8,scale-free,n100p50,piglasso,0,100,50,396.56737307226285
