aupr,auroc,f1,f1_opt,mcc,shd,precision,recall,tp,fp,tn,fn,topology,config,method,rep,n,p,wall_seconds
0.7262471407323563,0.9514678268668271,0.5009741163373225,0.7365328109696376,0.5129695989214974,1793,0.34429992348890587,0.9193054136874361,900,1714,10673,79,cluster,n513p164,piglasso,24,513,164,2146.3754649707116
