aupr,auroc,f1,f1_opt,mcc,shd,precision,recall,tp,fp,tn,fn,topology,config,method,rep,n,p,wall_seconds
0.6610694644397955,0.9948426113740515,0.12552301255230125,0.7766990291262136,0.2297172836901122,627,0.06696428571428571,1.0,45,627,2331,0,hub,n237p78,piglasso,27,237,78,458.24250300601125
