aupr,auroc,f1,f1_opt,mcc,shd,precision,recall,tp,fp,tn,fn,topology,config,method,rep,n,p,wall_seconds
0.3761515151515151,0.9861825726141078,0.05405405405405406,0.5428571428571428,0.10789489959748645,700,0.027777777777777776,1.0,20,700,505,0,hub,n100p50,piglasso,44,100,50,76.7599373543635
