aupr,auroc,f1,f1_opt,mcc,shd,precision,recall,tp,fp,tn,fn,topology,config,method,rep,n,p,wall_seconds
0.6202452191175079,0.946867065914685,0.17045454545454547,0.7065217391304348,0.1394275255027792,876,0.09326424870466321,0.989010989010989,90,875,259,1,cluster,n100p50,piglasso,42,100,50,131.8791619478725
