aupr,auroc,f1,f1_opt,mcc,shd,precision,recall,tp,fp,tn,fn,topology,config,method,rep,n,p,wall_seconds
0.5566538328887762,0.9217043105993505,0.2544951590594744,0.6602870813397129,0.2604704897859213,539,0.1467304625199362,0.9583333333333334,92,535,594,4,scale-free,n100p50,piglasso,9,100,50,149.0747084962204
