aupr,auroc,f1,f1_opt,mcc,shd,precision,recall,tp,fp,tn,fn,topology,config,method,rep,n,p,wall_seconds
0.9326753399862238,0.9956398584169793,0.4764663287472847,0.9222641509433962,0.5249397823789255,1446,0.31333333333333335,0.9939577039274925,658,1442,11262,4,random,n513p164,piglasso,45,513,164,2679.207914617844
