aupr,auroc,f1,f1_opt,mcc,shd,precision,recall,tp,fp,tn,fn,topology,config,method,rep,n,p,wall_seconds
0.449997861213451,0.9854564315352696,0.060790273556231,0.6122448979591838,0.12357487665310503,618,0.03134796238244514,1.0,20,618,587,0,hub,n100p50,piglasso,22,100,50,87.21601005410776
