aupr,auroc,f1,f1_opt,mcc,shd,precision,recall,tp,fp,tn,fn,topology,config,method,rep,n,p,wall_seconds
0.5946949064387475,0.9940725715573585,0.11097410604192356,0.7413793103448275,0.21077824265034417,721,0.0587467362924282,1.0,45,721,2237,0,hub,n237p78,piglasso,28,237,78,369.6480451528914
