aupr,auroc,f1,f1_opt,mcc,shd,precision,recall,tp,fp,tn,fn,topology,config,method,rep,n,p,wall_seconds
0.46117242789076424,0.8808172793032182,0.2670807453416149,0.5137614678899083,0.26302037543465046,472,0.15693430656934307,0.8958333333333334,86,462,667,10,scale-free,n100p50,piglasso,38,100,50,119.00488370470703
