aupr,auroc,f1,f1_opt,mcc,shd,precision,recall,tp,fp,tn,fn,topology,config,method,rep,n,p,wall_seconds
0.7437932146283328,0.9782725023979,0.2866847826086956,0.8036529680365297,0.3199403173290816,1050,0.1675933280381255,0.9906103286384976,211,1048,1742,2,cluster,n237p78,piglasso,26,237,78,569.9348994852044
