aupr,auroc,f1,f1_opt,mcc,shd,precision,recall,tp,fp,tn,fn,topology,config,method,rep,n,p,wall_seconds
0.7850024930444972,0.9538296608392656,0.4960282436010592,0.7428571428571429,0.494573253673466,571,0.33572281959378736,0.9493243243243243,281,556,2151,15,scale-free,n237p78,piglasso,3,237,78,499.20389788690954
