aupr,auroc,f1,f1_opt,mcc,shd,precision,recall,tp,fp,tn,fn,topology,config,method,rep,n,p,wall_seconds
0.7742188490839128,0.9913663150972507,0.234295415959253,0.8333333333333333,0.3015231837960261,902,0.1326923076923077,1.0,138,902,1963,0,random,n237p78,piglasso,31,237,78,452.51377727882937
