aupr,auroc,f1,f1_opt,mcc,shd,precision,recall,tp,fp,tn,fn,topology,config,method,rep,n,p,wall_seconds
0.7389521181033992,0.9463166065955131,0.4817127564674398,0.7140186915887851,0.4722134356060154,581,0.32727272727272727,0.9121621621621622,270,555,2152,26,scale-free,n237p78,piglasso,18,237,78,392.57638504356146
