aupr,auroc,f1,f1_opt,mcc,shd,precision,recall,tp,fp,tn,fn,topology,config,method,rep,n,p,wall_seconds
0.7122981455858863,0.9502996533169833,0.513590033975085,0.7268195413758725,0.5212288336540569,1718,0.3579321231254933,0.908817635270541,907,1627,10741,91,cluster,n513p164,piglasso,49,513,164,2238.9908802388236
