aupr,auroc,f1,f1_opt,mcc,shd,precision,recall,tp,fp,tn,fn,topology,config,method,rep,n,p,wall_seconds
0.6740415091313456,0.9231068438665092,0.645258783528523,0.6484126984126984,0.6076309165922112,939,0.6104360257326662,0.6842948717948718,854,545,11573,394,scale-free,n513p164,piglasso,17,513,164,757.5348438858055
