aupr,auroc,f1,f1_opt,mcc,shd,precision,recall,tp,fp,tn,fn,topology,config,method,rep,n,p,wall_seconds
0.9328780294958475,0.996723007156765,0.4703603254552499,0.9194232400339272,0.5231698264865181,1367,0.3078093306288032,0.9967159277504105,607,1365,11392,2,random,n513p164,piglasso,23,513,164,2488.680993844755
