aupr,auroc,f1,f1_opt,mcc,shd,precision,recall,tp,fp,tn,fn,topology,config,method,rep,n,p,wall_seconds
0.5169310453542897,0.9009355624446412,0.2572254335260116,0.5824175824175825,0.2570242909181169,514,0.1493288590604027,0.9270833333333334,89,507,622,7,scale-free,n100p50,piglasso,25,100,50,124.95179424108937
