aupr,auroc,f1,f1_opt,mcc,shd,precision,recall,tp,fp,tn,fn,topology,config,method,rep,n,p,wall_seconds
0.7142044382000773,0.9414530369283144,0.5464859754175858,0.7072120559741658,0.5448666280501696,1439,0.3973418881759853,0.8748738647830474,867,1315,11060,124,cluster,n513p164,piglasso,27,513,164,1767.4472078001127
