aupr,auroc,f1,f1_opt,mcc,shd,precision,recall,tp,fp,tn,fn,topology,config,method,rep,n,p,wall_seconds
0.5604502714494259,0.9541438992594236,0.1345093715545755,0.6716417910447761,0.14678446758600802,785,0.07218934911242604,0.9838709677419355,61,784,379,1,random,n100p50,piglasso,26,100,50,155.83188899699599
