aupr,auroc,f1,f1_opt,mcc,shd,precision,recall,tp,fp,tn,fn,topology,config,method,rep,n,p,wall_seconds
0.7617379855045721,0.9742242328333564,0.28105906313645623,0.8146341463414634,0.3171010273160194,1059,0.16363636363636364,0.9951923076923077,207,1058,1737,1,cluster,n237p78,piglasso,33,237,78,671.5233726166189
