aupr,auroc,f1,f1_opt,mcc,shd,precision,recall,tp,fp,tn,fn,topology,config,method,rep,n,p,wall_seconds
0.5678860424643455,0.9155963979923235,0.26839826839826847,0.6187845303867403,0.28084493409073225,507,0.15577889447236182,0.96875,93,504,625,3,scale-free,n100p50,piglasso,45,100,50,89.3094686307013
