aupr,auroc,f1,f1_opt,mcc,shd,precision,recall,tp,fp,tn,fn,topology,config,method,rep,n,p,wall_seconds
0.6854819462562691,0.9644883638750064,0.28378378378378377,0.7441860465116279,0.3155455814690494,1060,0.16574585635359115,0.9859154929577465,210,1057,1733,3,cluster,n237p78,piglasso,38,237,78,619.2398156761192
