aupr,auroc,f1,f1_opt,mcc,shd,precision,recall,tp,fp,tn,fn,topology,config,method,rep,n,p,wall_seconds
0.607942831552973,0.9457853557720698,0.24020227560050572,0.6391752577319587,0.2485135433503385,601,0.1366906474820144,0.9895833333333334,95,600,529,1,scale-free,n100p50,piglasso,10,100,50,258.6482248529792
