aupr,auroc,f1,f1_opt,mcc,shd,precision,recall,tp,fp,tn,fn,topology,config,method,rep,n,p,wall_seconds
0.7200636395374967,0.9546630042857307,0.533724340175953,0.7251521298174441,0.5424069597382193,1590,0.37587773647253203,0.9201213346814965,910,1511,10866,79,cluster,n513p164,piglasso,6,513,164,2569.751373189967
