aupr,auroc,f1,f1_opt,mcc,shd,precision,recall,tp,fp,tn,fn,topology,config,method,rep,n,p,wall_seconds
0.6206995178998559,0.928866988390798,0.20299884659746253,0.6666666666666667,0.196098761951347,691,0.1134020618556701,0.967032967032967,88,688,446,3,cluster,n100p50,piglasso,5,100,50,124.43090561591089
