aupr,auroc,f1,f1_opt,mcc,shd,precision,recall,tp,fp,tn,fn,topology,config,method,rep,n,p,wall_seconds
0.7142806418305155,0.9458010469716219,0.5265729993891265,0.7229902713773682,0.5288379068781582,1550,0.3752720940356987,0.8822927328556807,862,1435,10954,115,cluster,n513p164,piglasso,48,513,164,2748.94351857109
