aupr,auroc,f1,f1_opt,mcc,shd,precision,recall,tp,fp,tn,fn,topology,config,method,rep,n,p,wall_seconds
0.5193634415370686,0.8962886840627999,0.2176403207331042,0.6185567010309279,0.205976618725113,683,0.12258064516129032,0.9693877551020408,95,680,447,3,cluster,n100p50,piglasso,25,100,50,181.83481206186116
