aupr,auroc,f1,f1_opt,mcc,shd,precision,recall,tp,fp,tn,fn,topology,config,method,rep,n,p,wall_seconds
0.45454545454545453,0.9900414937759336,0.054421768707483,0.625,0.1088061745629171,695,0.027972027972027972,1.0,20,695,510,0,hub,n100p50,piglasso,40,100,50,106.1758006461896
