aupr,auroc,f1,f1_opt,mcc,shd,precision,recall,tp,fp,tn,fn,topology,config,method,rep,n,p,wall_seconds
0.4617824728901462,0.9786514522821577,0.05649717514124294,0.6428571428571429,0.11381890368074349,668,0.029069767441860465,1.0,20,668,537,0,hub,n100p50,piglasso,11,100,50,106.28423880087212
