aupr,auroc,f1,f1_opt,mcc,shd,precision,recall,tp,fp,tn,fn,topology,config,method,rep,n,p,wall_seconds
0.29311410353365974,0.9310165975103734,0.060221870047543584,0.4615384615384615,0.11626404668594324,593,0.031096563011456628,0.95,19,592,613,1,hub,n100p50,piglasso,21,100,50,230.92289345292374
