aupr,auroc,f1,f1_opt,mcc,shd,precision,recall,tp,fp,tn,fn,topology,config,method,rep,n,p,wall_seconds
0.6795185653588753,0.9232107235580891,0.6529836564044089,0.6561051004636785,0.616210210403515,913,0.6211135213304411,0.688301282051282,859,524,11594,389,scale-free,n513p164,piglasso,18,513,164,985.6808464233764
