aupr,auroc,f1,f1_opt,mcc,shd,precision,recall,tp,fp,tn,fn,topology,config,method,rep,n,p,wall_seconds
0.7903734304181451,0.9606394582613645,0.45547675334909377,0.7668918918918919,0.460922575294502,691,0.2970195272353546,0.9763513513513513,289,684,2023,7,scale-free,n237p78,piglasso,49,237,78,1018.0607476318255
