aupr,auroc,f1,f1_opt,mcc,shd,precision,recall,tp,fp,tn,fn,topology,config,method,rep,n,p,wall_seconds
0.691439424772758,0.9963714221320712,0.1066350710900474,0.8148148148148148,0.20485170241142353,754,0.056320400500625784,1.0,45,754,2204,0,hub,n237p78,piglasso,17,237,78,326.75817541219294
