aupr,auroc,f1,f1_opt,mcc,shd,precision,recall,tp,fp,tn,fn,topology,config,method,rep,n,p,wall_seconds
0.6838345946067605,0.957105787171326,0.3325942350332594,0.7222222222222221,0.3596906774011165,903,0.20035618878005343,0.9782608695652174,225,898,1875,5,cluster,n237p78,piglasso,7,237,78,549.7022022367455
