aupr,auroc,f1,f1_opt,mcc,shd,precision,recall,tp,fp,tn,fn,topology,config,method,rep,n,p,wall_seconds
0.7609995000769313,0.9920062620936018,0.2056514913657771,0.8482758620689655,0.27244371081656527,1012,0.11461067366579178,1.0,131,1012,1860,0,random,n237p78,piglasso,27,237,78,476.47560041584074
