aupr,auroc,f1,f1_opt,mcc,shd,precision,recall,tp,fp,tn,fn,topology,config,method,rep,n,p,wall_seconds
0.8750039000387262,0.9973777444773959,0.633587786259542,0.8745098039215687,0.6688501997005735,288,0.4689265536723164,0.9764705882352941,249,282,12829,6,hub,n513p164,piglasso,47,513,164,1568.6901508509181
