aupr,auroc,f1,f1_opt,mcc,shd,precision,recall,tp,fp,tn,fn,topology,config,method,rep,n,p,wall_seconds
0.6346894344519813,0.9472029352135924,0.20224719101123595,0.7015706806282723,0.18565925931227795,781,0.1125,1.0,99,781,345,0,cluster,n100p50,piglasso,17,100,50,121.13325501419604
