aupr,auroc,f1,f1_opt,mcc,shd,precision,recall,tp,fp,tn,fn,topology,config,method,rep,n,p,wall_seconds
0.6904789854095817,0.9698645320197045,0.27118644067796605,0.7577937649880097,0.30605137653345627,1075,0.15723270440251572,0.9852216748768473,200,1072,1728,3,cluster,n237p78,piglasso,30,237,78,419.63751842221245
