aupr,auroc,f1,f1_opt,mcc,shd,precision,recall,tp,fp,tn,fn,topology,config,method,rep,n,p,wall_seconds
0.5471451765162976,0.8775003690581635,0.2590975254730713,0.5697674418604651,0.2594713308637026,509,0.1505922165820643,0.9270833333333334,89,502,627,7,scale-free,n100p50,piglasso,16,100,50,225.0244332710281
