aupr,auroc,f1,f1_opt,mcc,shd,precision,recall,tp,fp,tn,fn,topology,config,method,rep,n,p,wall_seconds
0.7272538024357977,0.9417107736020972,0.5327720986169573,0.724172517552658,0.5342562391560097,1554,0.3807477438762355,0.8868868868868869,886,1441,10926,113,cluster,n513p164,piglasso,30,513,164,1598.7378944531083
