aupr,auroc,f1,f1_opt,mcc,shd,precision,recall,tp,fp,tn,fn,topology,config,method,rep,n,p,wall_seconds
0.5579542883715922,0.9931673052362707,0.12345679012345677,0.6964285714285713,0.22710646402496262,639,0.06578947368421052,1.0,45,639,2319,0,hub,n237p78,piglasso,48,237,78,602.0928458580747
