aupr,auroc,f1,f1_opt,mcc,shd,precision,recall,tp,fp,tn,fn,topology,config,method,rep,n,p,wall_seconds
0.758003956023772,0.9710558001926517,0.30873493975903615,0.7772020725388602,0.34558162903431894,918,0.18303571428571427,0.9855769230769231,205,915,1880,3,cluster,n237p78,piglasso,23,237,78,595.4453208362684
