aupr,auroc,f1,f1_opt,mcc,shd,precision,recall,tp,fp,tn,fn,topology,config,method,rep,n,p,wall_seconds
0.9390886975215403,0.9981824400541116,0.441726618705036,0.9436734693877551,0.4989704409390316,1552,0.283471837488458,1.0,614,1552,11200,0,random,n513p164,piglasso,16,513,164,2748.655201571062
