aupr,auroc,f1,f1_opt,mcc,shd,precision,recall,tp,fp,tn,fn,topology,config,method,rep,n,p,wall_seconds
0.6982966453582529,0.9371411954991563,0.46626814688300605,0.6875,0.45913763931743623,625,0.312,0.9222972972972973,273,602,2105,23,scale-free,n237p78,piglasso,34,237,78,402.39441198995337
