aupr,auroc,f1,f1_opt,mcc,shd,precision,recall,tp,fp,tn,fn,topology,config,method,rep,n,p,wall_seconds
0.6253602142887115,0.9938246562993014,0.11042944785276072,0.7592592592592592,0.21004201260420147,725,0.05844155844155844,1.0,45,725,2233,0,hub,n237p78,piglasso,13,237,78,426.1125030419789
