aupr,auroc,f1,f1_opt,mcc,shd,precision,recall,tp,fp,tn,fn,topology,config,method,rep,n,p,wall_seconds
0.8734322222256529,0.9963410564454614,0.644736842105263,0.856,0.6744022300570243,270,0.4861111111111111,0.95703125,245,259,12851,11,hub,n513p164,piglasso,41,513,164,792.5839971918613
