aupr,auroc,f1,f1_opt,mcc,shd,precision,recall,tp,fp,tn,fn,topology,config,method,rep,n,p,wall_seconds
0.7610420291868019,0.9924733436378403,0.19821162444113263,0.8533333333333333,0.262230341805922,1076,0.11000827129859388,1.0,133,1076,1794,0,random,n237p78,piglasso,34,237,78,596.8696587882005
