aupr,auroc,f1,f1_opt,mcc,shd,precision,recall,tp,fp,tn,fn,topology,config,method,rep,n,p,wall_seconds
0.6004492154027464,0.9361437112488928,0.19407558733401428,0.626865671641791,0.17470578427836478,789,0.10758776896942242,0.9895833333333334,95,788,341,1,cluster,n100p50,piglasso,36,100,50,138.86446395004168
