aupr,auroc,f1,f1_opt,mcc,shd,precision,recall,tp,fp,tn,fn,topology,config,method,rep,n,p,wall_seconds
0.5666220846921062,0.9682133029699211,0.12342857142857142,0.6666666666666666,0.1506390389757348,767,0.06577344701583435,1.0,54,767,404,0,random,n100p50,piglasso,9,100,50,216.642805559095
