aupr,auroc,f1,f1_opt,mcc,shd,precision,recall,tp,fp,tn,fn,topology,config,method,rep,n,p,wall_seconds
0.771191324445799,0.9876363147342169,0.23481116584564862,0.8400000000000001,0.29945687269563737,932,0.1330232558139535,1.0,143,932,1928,0,random,n237p78,piglasso,6,237,78,629.4074309770949
