aupr,auroc,f1,f1_opt,mcc,shd,precision,recall,tp,fp,tn,fn,topology,config,method,rep,n,p,wall_seconds
0.7256121309864974,0.9434733281637351,0.49957615145521334,0.7276550998948476,0.5043374509851691,1771,0.3474842767295597,0.8884422110552764,884,1660,10711,111,cluster,n513p164,piglasso,22,513,164,2231.1988115552813
