aupr,auroc,f1,f1_opt,mcc,shd,precision,recall,tp,fp,tn,fn,topology,config,method,rep,n,p,wall_seconds
0.719559703683408,0.9695364575132525,0.28914057295136575,0.7695852534562212,0.31978457846097963,1067,0.16926677067082682,0.9908675799086758,217,1065,1719,2,cluster,n237p78,piglasso,24,237,78,361.15554556483403
