aupr,auroc,f1,f1_opt,mcc,shd,precision,recall,tp,fp,tn,fn,topology,config,method,rep,n,p,wall_seconds
0.6999191910153434,0.9730204640169186,0.29876722262509064,0.7572815533980584,0.3373978267719014,967,0.1757679180887372,0.9951690821256038,206,966,1830,1,cluster,n237p78,piglasso,17,237,78,641.0598370549269
