aupr,auroc,f1,f1_opt,mcc,shd,precision,recall,tp,fp,tn,fn,topology,config,method,rep,n,p,wall_seconds
0.5568049795490719,0.967156779899724,0.12869198312236285,0.6582278481012658,0.14131392775404766,826,0.06877113866967305,1.0,61,826,338,0,random,n100p50,piglasso,33,100,50,100.78930633328855
