aupr,auroc,f1,f1_opt,mcc,shd,precision,recall,tp,fp,tn,fn,topology,config,method,rep,n,p,wall_seconds
0.9301833261171151,0.9967980851644632,0.531047619047619,0.9059080962800876,0.5706007288296318,1231,0.3618899273104881,0.9971387696709585,697,1229,11438,2,random,n513p164,piglasso,12,513,164,2656.3385132797994
