aupr,auroc,f1,f1_opt,mcc,shd,precision,recall,tp,fp,tn,fn,topology,config,method,rep,n,p,wall_seconds
0.3594943401459601,0.9844813278008299,0.05602240896358543,0.5161290322580645,0.11269093952299171,674,0.02881844380403458,1.0,20,674,531,0,hub,n100p50,piglasso,12,100,50,125.20421909866855
