aupr,auroc,f1,f1_opt,mcc,shd,precision,recall,tp,fp,tn,fn,topology,config,method,rep,n,p,wall_seconds
0.7994926669120329,0.9624197525933765,0.49520488230165643,0.7627118644067795,0.4960972031455183,579,0.3337250293772033,0.9594594594594594,284,567,2140,12,scale-free,n237p78,piglasso,31,237,78,450.4038947322406
