aupr,auroc,f1,f1_opt,mcc,shd,precision,recall,tp,fp,tn,fn,topology,config,method,rep,n,p,wall_seconds
0.6778742339189712,0.9258389921646544,0.6476121562952243,0.6600239139099243,0.6109756329796956,974,0.5903693931398417,0.7171474358974359,895,621,11497,353,scale-free,n513p164,piglasso,12,513,164,1037.38966558408
