aupr,auroc,f1,f1_opt,mcc,shd,precision,recall,tp,fp,tn,fn,topology,config,method,rep,n,p,wall_seconds
0.7707479262440816,0.9725557703931764,0.31469648562300323,0.7952941176470587,0.35230878309354263,858,0.18761904761904763,0.9752475247524752,197,853,1948,5,cluster,n237p78,piglasso,40,237,78,715.0000960351899
