aupr,auroc,f1,f1_opt,mcc,shd,precision,recall,tp,fp,tn,fn,topology,config,method,rep,n,p,wall_seconds
0.6578415749486333,0.9431653003081574,0.19210245464247597,0.6913580246913581,0.1828699988016147,757,0.10638297872340426,0.989010989010989,90,756,378,1,cluster,n100p50,piglasso,12,100,50,222.80575399892405
