aupr,auroc,f1,f1_opt,mcc,shd,precision,recall,tp,fp,tn,fn,topology,config,method,rep,n,p,wall_seconds
0.7070551283304733,0.9466575324181156,0.5227067669172932,0.7089005235602094,0.5279380807062878,1587,0.36931576710582237,0.8940329218106996,869,1484,10910,103,cluster,n513p164,piglasso,45,513,164,1552.4307170617394
