aupr,auroc,f1,f1_opt,mcc,shd,precision,recall,tp,fp,tn,fn,topology,config,method,rep,n,p,wall_seconds
0.6264221894811753,0.9635818337617823,0.12351029252437702,0.7343749999999999,0.13538305788291904,809,0.06589595375722543,0.9827586206896551,57,808,359,1,random,n100p50,piglasso,18,100,50,130.77087947214022
