aupr,auroc,f1,f1_opt,mcc,shd,precision,recall,tp,fp,tn,fn,topology,config,method,rep,n,p,wall_seconds
0.5557534211956519,0.9183621292857527,0.19938335046248717,0.6229508196721312,0.17465982044924544,779,0.11098398169336385,0.9797979797979798,97,777,349,2,cluster,n100p50,piglasso,28,100,50,179.2754065291956
