aupr,auroc,f1,f1_opt,mcc,shd,precision,recall,tp,fp,tn,fn,topology,config,method,rep,n,p,wall_seconds
0.7492021957342028,0.9478238295648347,0.6829758713136729,0.7176186645213194,0.6554626201147689,946,0.5869815668202765,0.8165064102564102,1019,717,11401,229,scale-free,n513p164,piglasso,10,513,164,1653.4054969199933
