aupr,auroc,f1,f1_opt,mcc,shd,precision,recall,tp,fp,tn,fn,topology,config,method,rep,n,p,wall_seconds
0.8896867585938588,0.9974516234683943,0.6613119143239625,0.8808080808080808,0.6901528089499489,253,0.5020325203252033,0.9686274509803922,247,245,12866,8,hub,n513p164,piglasso,36,513,164,1091.252816800028
