aupr,auroc,f1,f1_opt,mcc,shd,precision,recall,tp,fp,tn,fn,topology,config,method,rep,n,p,wall_seconds
0.9343429536905141,0.9969366636643746,0.467262969588551,0.9254901960784313,0.5184123445087557,1489,0.30499766464269035,0.9984709480122325,653,1488,11224,1,random,n513p164,piglasso,14,513,164,2209.8561917152256
