aupr,auroc,f1,f1_opt,mcc,shd,precision,recall,tp,fp,tn,fn,topology,config,method,rep,n,p,wall_seconds
0.6943686165432874,0.9382862498627182,0.502308402585411,0.6700167504187604,0.49391187809315207,539,0.34561626429479037,0.918918918918919,272,515,2192,24,scale-free,n237p78,piglasso,32,237,78,443.10387690970674
