aupr,auroc,f1,f1_opt,mcc,shd,precision,recall,tp,fp,tn,fn,topology,config,method,rep,n,p,wall_seconds
0.6738350370429218,0.9300428135090414,0.6505338078291815,0.6581367453018792,0.6148539118165822,982,0.5851472471190781,0.7323717948717948,914,648,11470,334,scale-free,n513p164,piglasso,8,513,164,1019.0344978626817
