aupr,auroc,f1,f1_opt,mcc,shd,precision,recall,tp,fp,tn,fn,topology,config,method,rep,n,p,wall_seconds
0.6899543102869046,0.9955528587667823,0.11069182389937106,0.7959183673469388,0.2111631248814494,707,0.05858854860186418,1.0,44,707,2252,0,hub,n237p78,piglasso,7,237,78,436.3482087990269
