aupr,auroc,f1,f1_opt,mcc,shd,precision,recall,tp,fp,tn,fn,topology,config,method,rep,n,p,wall_seconds
0.5539512395649475,0.9290439548272809,0.25371120107962214,0.6231155778894473,0.2643504320779467,553,0.14573643410852713,0.9791666666666666,94,551,578,2,scale-free,n100p50,piglasso,29,100,50,109.73394786892459
