aupr,auroc,f1,f1_opt,mcc,shd,precision,recall,tp,fp,tn,fn,topology,config,method,rep,n,p,wall_seconds
0.7433203375350608,0.9450297898654683,0.6617842876165113,0.7000410340582682,0.6318287728336669,1016,0.5660592255125285,0.7964743589743589,994,762,11356,254,scale-free,n513p164,piglasso,9,513,164,1417.7861674069427
