aupr,auroc,f1,f1_opt,mcc,shd,precision,recall,tp,fp,tn,fn,topology,config,method,rep,n,p,wall_seconds
0.7313434823145104,0.9355400395046995,0.6716259298618491,0.6944226237234878,0.6387975405484518,927,0.6019047619047619,0.7596153846153846,948,627,11491,300,scale-free,n513p164,piglasso,24,513,164,1683.464642142877
