aupr,auroc,f1,f1_opt,mcc,shd,precision,recall,tp,fp,tn,fn,topology,config,method,rep,n,p,wall_seconds
0.7529556389843327,0.9783568552406011,0.29840388619014574,0.7983367983367984,0.3327721592151948,1011,0.17551020408163265,0.9953703703703703,215,1010,1777,1,cluster,n237p78,piglasso,36,237,78,504.0763566792011
