aupr,auroc,f1,f1_opt,mcc,shd,precision,recall,tp,fp,tn,fn,topology,config,method,rep,n,p,wall_seconds
0.9449927566731615,0.9963436660306778,0.5069230769230769,0.9210925644916541,0.5502846584139325,1282,0.3405684754521964,0.9909774436090225,659,1276,11425,6,random,n513p164,piglasso,33,513,164,2688.8586633219384
