aupr,auroc,f1,f1_opt,mcc,shd,precision,recall,tp,fp,tn,fn,topology,config,method,rep,n,p,wall_seconds
0.7568157022981343,0.9773913814642873,0.2690317812269032,0.8142076502732242,0.3143074337048133,989,0.15568862275449102,0.9891304347826086,182,987,1832,2,cluster,n237p78,piglasso,3,237,78,372.60458843037486
