aupr,auroc,f1,f1_opt,mcc,shd,precision,recall,tp,fp,tn,fn,topology,config,method,rep,n,p,wall_seconds
0.916667226584273,0.9951869640385261,0.4607667502687209,0.918429003021148,0.5118139626629742,1505,0.3000466635557629,0.9922839506172839,643,1500,11218,5,random,n513p164,piglasso,30,513,164,2723.594113776926
