aupr,auroc,f1,f1_opt,mcc,shd,precision,recall,tp,fp,tn,fn,topology,config,method,rep,n,p,wall_seconds
0.4614112864658058,0.9855394190871369,0.05256241787122208,0.6296296296296295,0.1041202137982141,721,0.02699055330634278,1.0,20,721,484,0,hub,n100p50,piglasso,19,100,50,76.93094983417541
