aupr,auroc,f1,f1_opt,mcc,shd,precision,recall,tp,fp,tn,fn,topology,config,method,rep,n,p,wall_seconds
0.5927971373998109,0.8907311042220254,0.25360230547550433,0.6097560975609756,0.24997388819403032,518,0.14715719063545152,0.9166666666666666,88,510,619,8,scale-free,n100p50,piglasso,17,100,50,145.26960229082033
