aupr,auroc,f1,f1_opt,mcc,shd,precision,recall,tp,fp,tn,fn,topology,config,method,rep,n,p,wall_seconds
0.6768615674967895,0.9187695195957698,0.6458744571654164,0.6513377926421405,0.6088948189942585,897,0.6365758754863813,0.655448717948718,818,467,11651,430,scale-free,n513p164,piglasso,33,513,164,429.61087921401486
