aupr,auroc,f1,f1_opt,mcc,shd,precision,recall,tp,fp,tn,fn,topology,config,method,rep,n,p,wall_seconds
0.8225537046001672,0.9884118357180334,0.24615384615384614,0.8623188405797102,0.3135908644053867,833,0.14049586776859505,0.9927007299270073,136,832,2034,1,random,n237p78,piglasso,15,237,78,510.38157713320106
