aupr,auroc,f1,f1_opt,mcc,shd,precision,recall,tp,fp,tn,fn,topology,config,method,rep,n,p,wall_seconds
0.9271746942318916,0.9973361409561986,0.4831168831168831,0.9154078549848942,0.5325414808155409,1393,0.3184931506849315,1.0,651,1393,11322,0,random,n513p164,piglasso,42,513,164,2906.73083856469
