aupr,auroc,f1,f1_opt,mcc,shd,precision,recall,tp,fp,tn,fn,topology,config,method,rep,n,p,wall_seconds
0.7178750622133383,0.9626108749278329,0.32799389778794813,0.7438423645320198,0.3603786127719242,881,0.19688644688644688,0.9817351598173516,215,877,1907,4,cluster,n237p78,piglasso,8,237,78,558.1465085386299
