aupr,auroc,f1,f1_opt,mcc,shd,precision,recall,tp,fp,tn,fn,topology,config,method,rep,n,p,wall_seconds
0.35304074651858763,0.9535684647302903,0.058732612055641426,0.5283018867924527,0.11292995759798777,609,0.030303030303030304,0.95,19,608,597,1,hub,n100p50,piglasso,28,100,50,127.98349208012223
