aupr,auroc,f1,f1_opt,mcc,shd,precision,recall,tp,fp,tn,fn,topology,config,method,rep,n,p,wall_seconds
0.7081995146209001,0.9506249203497282,0.5175644028103044,0.7088989441930617,0.5249389692723706,1648,0.36259228876127975,0.9038854805725971,884,1554,10834,94,cluster,n513p164,piglasso,46,513,164,1607.2844357555732
