aupr,auroc,f1,f1_opt,mcc,shd,precision,recall,tp,fp,tn,fn,topology,config,method,rep,n,p,wall_seconds
0.7127281253351581,0.9516101222351754,0.5066737853710624,0.7155090390104663,0.5167089917163143,1848,0.3488970588235294,0.9249512670565302,949,1771,10569,77,cluster,n513p164,piglasso,18,513,164,1934.7358798752539
