aupr,auroc,f1,f1_opt,mcc,shd,precision,recall,tp,fp,tn,fn,topology,config,method,rep,n,p,wall_seconds
0.7188250469365323,0.9448528578444335,0.5147912634780205,0.730979612133267,0.5195259473330525,1755,0.3598763045999227,0.903883495145631,931,1656,10680,99,cluster,n513p164,piglasso,23,513,164,2079.328531119041
