aupr,auroc,f1,f1_opt,mcc,shd,precision,recall,tp,fp,tn,fn,topology,config,method,rep,n,p,wall_seconds
0.6618450282353083,0.9948914431673052,0.11857707509881422,0.7809523809523808,0.220841639438894,669,0.06302521008403361,1.0,45,669,2289,0,hub,n237p78,piglasso,24,237,78,426.3279644297436
