aupr,auroc,f1,f1_opt,mcc,shd,precision,recall,tp,fp,tn,fn,topology,config,method,rep,n,p,wall_seconds
0.6602195839179652,0.945315712187959,0.19181034482758622,0.7243243243243243,0.18463210555094,750,0.10620525059665871,0.9888888888888889,89,749,386,1,cluster,n100p50,piglasso,22,100,50,146.80969842895865
