aupr,auroc,f1,f1_opt,mcc,shd,precision,recall,tp,fp,tn,fn,topology,config,method,rep,n,p,wall_seconds
0.5510136397469593,0.945578231292517,0.16166883963494136,0.65625,0.192832869876697,643,0.08806818181818182,0.9841269841269841,62,642,520,1,random,n100p50,piglasso,36,100,50,153.07244583126158
