aupr,auroc,f1,f1_opt,mcc,shd,precision,recall,tp,fp,tn,fn,topology,config,method,rep,n,p,wall_seconds
0.6863470985121005,0.9359667349400416,0.5466534784042202,0.6826108619830593,0.5398879021466316,1375,0.4039961013645224,0.8450560652395515,829,1223,11162,152,cluster,n513p164,piglasso,47,513,164,1636.807295104023
