aupr,auroc,f1,f1_opt,mcc,shd,precision,recall,tp,fp,tn,fn,topology,config,method,rep,n,p,wall_seconds
0.744687728131482,0.9521052450637914,0.5286680388121141,0.7397540983606556,0.5347915543988212,1603,0.3731838937318389,0.90625,899,1510,10864,93,cluster,n513p164,piglasso,16,513,164,2271.118393040262
