aupr,auroc,f1,f1_opt,mcc,shd,precision,recall,tp,fp,tn,fn,topology,config,method,rep,n,p,wall_seconds
0.7130314138724951,0.9425550874110165,0.4981481481481482,0.6769759450171822,0.4876430069090926,542,0.34311224489795916,0.9087837837837838,269,515,2192,27,scale-free,n237p78,piglasso,48,237,78,1131.790885690134
