aupr,auroc,f1,f1_opt,mcc,shd,precision,recall,tp,fp,tn,fn,topology,config,method,rep,n,p,beta,selected_threshold,n_subsamples,wall_seconds
0.9192176870748301,0.9975933609958506,0.7499999999999999,0.8571428571428571,0.7720381265974063,8,1.0,0.6,12,0,1205,8,hub,n100p50,stars,11,100,50,0.05,0.5,20,0.7474712869152427
