aupr,auroc,f1,f1_opt,mcc,shd,precision,recall,tp,fp,tn,fn,topology,config,method,rep,n,p,beta,selected_threshold,n_subsamples,wall_seconds
0.5181300156833768,0.7937795246530852,0.15384615384615385,0.5555555555555555,0.27804241935804697,88,1.0,0.08333333333333333,8,0,1129,88,scale-free,n100p50,stars,11,100,50,0.05,0.5,20,0.7617693147622049
