aupr,auroc,f1,f1_opt,mcc,shd,precision,recall,tp,fp,tn,fn,topology,config,method,rep,n,p,beta,selected_threshold,n_subsamples,wall_seconds
0.6577134713038797,0.8581524948331857,0.3448275862068966,0.6666666666666667,0.4418072403447272,76,1.0,0.20833333333333334,20,0,1129,76,scale-free,n100p50,stars,16,100,50,0.05,0.5,20,0.7774074440822005
