aupr,auroc,f1,f1_opt,mcc,shd,precision,recall,tp,fp,tn,fn,topology,config,method,rep,n,p,beta,selected_threshold,n_subsamples,wall_seconds
0.9704573935542221,0.9992111787243634,0.9285714285714286,0.9318181818181819,0.9300066025043878,6,1.0,0.8666666666666667,39,0,2958,6,hub,n237p78,stars,14,237,78,0.05,0.5,20,20.569247284904122
