aupr,auroc,f1,f1_opt,mcc,shd,precision,recall,tp,fp,tn,fn,topology,config,method,rep,n,p,wall_seconds
0.7332942364502145,0.9189692780606091,0.4915883766659384,0.6839032527105922,0.48409812529604745,2327,0.3379393211174527,0.9014423076923077,1125,2204,9914,123,scale-free,n513p164,glasso,34,513,164,163.65033641364425
