aupr,auroc,f1,f1_opt,mcc,shd,precision,recall,tp,fp,tn,fn,topology,config,method,rep,n,p,wall_seconds
0.7938411690618709,0.9452824139021841,0.49307595467897614,0.7325483599663583,0.49430381633319603,2416,0.33399658897100626,0.9415064102564102,1175,2343,9775,73,scale-free,n513p164,glasso,38,513,164,147.59225690783933
