aupr,auroc,f1,f1_opt,mcc,shd,precision,recall,tp,fp,tn,fn,topology,config,method,rep,n,p,wall_seconds
0.9167630379534395,0.9899413903308253,0.508611955420466,0.854368932038835,0.5697698133280392,485,0.34289617486338797,0.984313725490196,251,481,12630,4,hub,n513p164,glasso,15,513,164,86.99251326173544
