aupr,auroc,f1,f1_opt,mcc,shd,precision,recall,tp,fp,tn,fn,topology,config,method,rep,n,p,wall_seconds
0.8156580341148001,0.9500617092976451,0.4375748861730171,0.7648663393344245,0.45977590658233275,2347,0.2850452700593194,0.9412371134020618,913,2290,10106,57,cluster,n513p164,glasso,15,513,164,86.6675910600461
