aupr,auroc,f1,f1_opt,mcc,shd,precision,recall,tp,fp,tn,fn,topology,config,method,rep,n,p,wall_seconds
0.9792101995303659,0.9950721895000958,0.43844856661045534,0.9469696969696969,0.4963511145463139,333,0.2813852813852814,0.9923664122137404,130,332,2540,1,random,n237p78,glasso,22,237,78,74.04363473877311
