aupr,auroc,f1,f1_opt,mcc,shd,precision,recall,tp,fp,tn,fn,topology,config,method,rep,n,p,wall_seconds
0.9797016925719108,0.9968847374092307,0.4243777919591576,0.9450038729666925,0.4799400246431336,1804,0.2695581678151601,0.9970014992503748,665,1802,10897,2,random,n513p164,glasso,30,513,164,115.77455505914986
