aupr,auroc,f1,f1_opt,mcc,shd,precision,recall,tp,fp,tn,fn,topology,config,method,rep,n,p,wall_seconds
0.9659580061154168,0.9939963125679202,0.4716981132075472,0.9144736842105264,0.5201480656555088,336,0.30927835051546393,0.9933774834437086,150,335,2517,1,random,n237p78,glasso,5,237,78,47.91276588384062
