aupr,auroc,f1,f1_opt,mcc,shd,precision,recall,tp,fp,tn,fn,topology,config,method,rep,n,p,wall_seconds
0.9865074524834412,0.9997746224926752,0.5263157894736842,0.9361702127659575,0.5893751633419075,81,0.35714285714285715,1.0,45,81,2877,0,hub,n237p78,glasso,44,237,78,142.04966410715133
