aupr,auroc,f1,f1_opt,mcc,shd,precision,recall,tp,fp,tn,fn,topology,config,method,rep,n,p,wall_seconds
0.950019621852415,0.9930216595485052,0.522372528616025,0.9037328094302554,0.5815973066931692,459,0.355021216407355,0.9881889763779528,251,456,12656,3,hub,n513p164,glasso,25,513,164,68.27336822031066
