aupr,auroc,f1,f1_opt,mcc,shd,precision,recall,tp,fp,tn,fn,topology,config,method,rep,n,p,wall_seconds
0.9581709956709958,0.9990456431535271,0.7547169811320755,0.9189189189189189,0.7742881846465105,13,0.6060606060606061,1.0,20,13,1192,0,hub,n100p50,glasso,23,100,50,78.22959015797824
