aupr,auroc,f1,f1_opt,mcc,shd,precision,recall,tp,fp,tn,fn,topology,config,method,rep,n,p,wall_seconds
0.9906413406776127,0.9998497483284501,0.38793103448275856,0.9662921348314608,0.4786330613793956,142,0.24064171122994651,1.0,45,142,2816,0,hub,n237p78,glasso,2,237,78,128.85641568666324
