aupr,auroc,f1,f1_opt,mcc,shd,precision,recall,tp,fp,tn,fn,topology,config,method,rep,n,p,wall_seconds
0.873541255069146,0.9771991970716732,0.43945068664169784,0.8117647058823529,0.48069007371831635,449,0.2834138486312399,0.9777777777777777,176,445,2378,4,cluster,n237p78,glasso,49,237,78,59.643463760148734
