aupr,auroc,f1,f1_opt,mcc,shd,precision,recall,tp,fp,tn,fn,topology,config,method,rep,n,p,wall_seconds
0.5618313644562084,0.8634438662533215,0.4542772861356933,0.6067415730337078,0.4414672891044323,185,0.3168724279835391,0.8020833333333334,77,166,963,19,scale-free,n100p50,glasso,18,100,50,73.00259318575263
