aupr,auroc,f1,f1_opt,mcc,shd,precision,recall,tp,fp,tn,fn,topology,config,method,rep,n,p,wall_seconds
0.954221374094215,0.9923144565599717,0.452991452991453,0.9049180327868853,0.5016524012254334,384,0.2933579335793358,0.99375,159,383,2460,1,random,n237p78,glasso,19,237,78,69.69333351403475
