aupr,auroc,f1,f1_opt,mcc,shd,precision,recall,tp,fp,tn,fn,topology,config,method,rep,n,p,wall_seconds
0.7915166827962778,0.9449499129288492,0.4829138530795989,0.7177225340817963,0.48539162864143126,2527,0.32426490794174223,0.9455128205128205,1180,2459,9659,68,scale-free,n513p164,glasso,8,513,164,149.26789300702512
