aupr,auroc,f1,f1_opt,mcc,shd,precision,recall,tp,fp,tn,fn,topology,config,method,rep,n,p,wall_seconds
0.5763938050889533,0.8079515432225599,0.6567004805125466,0.657051282051282,0.6314647323591479,643,0.6840934371523916,0.6314168377823408,615,284,12108,359,cluster,n513p164,glasso,45,513,164,104.198429080192
