aupr,auroc,f1,f1_opt,mcc,shd,precision,recall,tp,fp,tn,fn,topology,config,method,rep,n,p,wall_seconds
0.9729934567230573,0.9994891443167305,0.4663212435233161,0.9361702127659575,0.5417256142026828,103,0.30405405405405406,1.0,45,103,2855,0,hub,n237p78,glasso,17,237,78,133.25386166619137
