aupr,auroc,f1,f1_opt,mcc,shd,precision,recall,tp,fp,tn,fn,topology,config,method,rep,n,p,wall_seconds
0.914127677260413,0.9957744596987006,0.40476190476190477,0.8888888888888888,0.4704386436940947,150,0.2537313432835821,1.0,51,150,1024,0,random,n100p50,glasso,28,100,50,85.85458892025054
