aupr,auroc,f1,f1_opt,mcc,shd,precision,recall,tp,fp,tn,fn,topology,config,method,rep,n,p,wall_seconds
0.9067195510445543,0.9880263691167871,0.49554013875123887,0.8543307086614174,0.5585199970503072,509,0.33156498673740054,0.9803921568627451,250,504,12607,5,hub,n513p164,glasso,5,513,164,21.162116803228855
