aupr,auroc,f1,f1_opt,mcc,shd,precision,recall,tp,fp,tn,fn,topology,config,method,rep,n,p,wall_seconds
0.5450342101728495,0.8622951727192205,0.5117845117845118,0.5909090909090908,0.4941391975957023,145,0.3781094527363184,0.7916666666666666,76,125,1004,20,scale-free,n100p50,glasso,0,100,50,63.636448852252215
