aupr,auroc,f1,f1_opt,mcc,shd,precision,recall,tp,fp,tn,fn,topology,config,method,rep,n,p,wall_seconds
0.9856300221052638,0.9996243708211254,0.46874999999999994,0.9662921348314608,0.5436602822195624,102,0.30612244897959184,1.0,45,102,2856,0,hub,n237p78,glasso,23,237,78,125.08331555128098
