aupr,auroc,f1,f1_opt,mcc,shd,precision,recall,tp,fp,tn,fn,topology,config,method,rep,n,p,wall_seconds
0.6635249894880959,0.8893521800337464,0.5244536940686785,0.6436781609195402,0.5016488470880286,457,0.37894736842105264,0.8513513513513513,252,413,2294,44,scale-free,n237p78,glasso,47,237,78,107.73581920098513
