aupr,auroc,f1,f1_opt,mcc,shd,precision,recall,tp,fp,tn,fn,topology,config,method,rep,n,p,wall_seconds
0.8035892658098178,0.9490014796639173,0.4273656152820969,0.755807950438823,0.44786888009163583,2578,0.27604017216642757,0.9459193706981318,962,2523,9826,55,cluster,n513p164,glasso,49,513,164,87.70495636994019
