aupr,auroc,f1,f1_opt,mcc,shd,precision,recall,tp,fp,tn,fn,topology,config,method,rep,n,p,wall_seconds
0.713631455822083,0.89266865958075,0.5161290322580645,0.7058823529411764,0.505813030635922,150,0.37383177570093457,0.8333333333333334,80,134,995,16,scale-free,n100p50,glasso,17,100,50,70.82654585316777
