aupr,auroc,f1,f1_opt,mcc,shd,precision,recall,tp,fp,tn,fn,topology,config,method,rep,n,p,wall_seconds
0.7077131369304877,0.88699098350726,0.5135951661631419,0.6927374301675977,0.4975375476379447,161,0.37280701754385964,0.8252427184466019,85,143,979,18,cluster,n100p50,glasso,49,100,50,65.78743112133816
