aupr,auroc,f1,f1_opt,mcc,shd,precision,recall,tp,fp,tn,fn,topology,config,method,rep,n,p,wall_seconds
0.7642667554081117,0.9355899475659281,0.45274725274725264,0.7006651884700665,0.467430052423118,498,0.30029154518950435,0.9196428571428571,206,480,2299,18,cluster,n237p78,glasso,32,237,78,65.74320897599682
