aupr,auroc,f1,f1_opt,mcc,shd,precision,recall,tp,fp,tn,fn,topology,config,method,rep,n,p,wall_seconds
0.768098971037139,0.9315558116211082,0.48844884488448836,0.7225806451612903,0.5029359347815572,155,0.334841628959276,0.9024390243902439,74,147,996,8,cluster,n100p50,glasso,1,100,50,39.31142276385799
