aupr,auroc,f1,f1_opt,mcc,shd,precision,recall,tp,fp,tn,fn,topology,config,method,rep,n,p,wall_seconds
0.5404397936388746,0.8375498228520815,0.4528301886792453,0.5599999999999999,0.43056494591744615,174,0.32432432432432434,0.75,72,150,979,24,scale-free,n100p50,glasso,4,100,50,64.30821326002479
