aupr,auroc,f1,f1_opt,mcc,shd,precision,recall,tp,fp,tn,fn,topology,config,method,rep,n,p,wall_seconds
0.8383548295365675,0.972978250420572,0.5263157894736843,0.7863247863247863,0.5634287104555437,99,0.3618421052631579,0.9649122807017544,55,97,1071,2,random,n100p50,glasso,22,100,50,44.715098201297224
