aupr,auroc,f1,f1_opt,mcc,shd,precision,recall,tp,fp,tn,fn,topology,config,method,rep,n,p,wall_seconds
0.6153881751714663,0.8618573598784681,0.46938775510204084,0.5949367088607594,0.45814841304965,156,0.33495145631067963,0.7840909090909091,69,137,1000,19,cluster,n100p50,glasso,22,100,50,45.086549506057054
