aupr,auroc,f1,f1_opt,mcc,shd,precision,recall,tp,fp,tn,fn,topology,config,method,rep,n,p,wall_seconds
0.945214621678631,0.9990871369294606,0.43956043956043955,0.9,0.5193919382377815,51,0.28169014084507044,1.0,20,51,1154,0,hub,n100p50,glasso,33,100,50,91.90472293505445
