aupr,auroc,f1,f1_opt,mcc,shd,precision,recall,tp,fp,tn,fn,topology,config,method,rep,n,p,wall_seconds
0.5512257191501095,0.8248258341626945,0.4664536741214058,0.5888324873096447,0.43374930603888995,167,0.3459715639810427,0.7156862745098039,73,138,985,29,cluster,n100p50,glasso,48,100,50,66.89852458704263
