aupr,auroc,f1,f1_opt,mcc,shd,precision,recall,tp,fp,tn,fn,topology,config,method,rep,n,p,wall_seconds
0.8132355570054364,0.9442725269227907,0.4117032392894462,0.7727272727272728,0.4346627249672438,563,0.2644295302013423,0.9292452830188679,197,548,2243,15,cluster,n237p78,glasso,36,237,78,62.10010849824175
