aupr,auroc,f1,f1_opt,mcc,shd,precision,recall,tp,fp,tn,fn,topology,config,method,rep,n,p,wall_seconds
0.7498069972804167,0.9267810026385224,0.39901477832512317,0.7283950617283949,0.41936408593158037,244,0.25471698113207547,0.9204545454545454,81,237,900,7,cluster,n100p50,glasso,10,100,50,46.848490396048874
