aupr,auroc,f1,f1_opt,mcc,shd,precision,recall,tp,fp,tn,fn,topology,config,method,rep,n,p,wall_seconds
0.898875624085697,0.9819827984584117,0.5410733844468784,0.8352941176470589,0.5926600766517223,419,0.37537993920972645,0.9686274509803922,247,411,12700,8,hub,n513p164,glasso,24,513,164,83.9163616169244
