aupr,auroc,f1,f1_opt,mcc,shd,precision,recall,tp,fp,tn,fn,topology,config,method,rep,n,p,wall_seconds
0.5046793130716957,0.8065212577502214,0.44827586206896547,0.5786802030456852,0.4143088110174212,160,0.33505154639175255,0.6770833333333334,65,129,1000,31,scale-free,n100p50,glasso,27,100,50,65.8072647168301
