aupr,auroc,f1,f1_opt,mcc,shd,precision,recall,tp,fp,tn,fn,topology,config,method,rep,n,p,wall_seconds
0.9398911641291898,0.9892302833842639,0.47452229299363063,0.887372013651877,0.5211686798846832,330,0.31236897274633124,0.9867549668874173,149,328,2524,2,random,n237p78,glasso,48,237,78,67.56853698287159
