aupr,auroc,f1,f1_opt,mcc,shd,precision,recall,tp,fp,tn,fn,topology,config,method,rep,n,p,wall_seconds
0.8818737534397824,0.9683546626638238,0.44128113879003555,0.8363636363636364,0.47417254399998504,471,0.28659476117103233,0.9587628865979382,186,463,2346,8,cluster,n237p78,glasso,44,237,78,60.84473154786974
