aupr,auroc,f1,f1_opt,mcc,shd,precision,recall,tp,fp,tn,fn,topology,config,method,rep,n,p,wall_seconds
0.6301131340238744,0.8797516238559197,0.5266666666666666,0.6101694915254238,0.5137550749834409,142,0.3872549019607843,0.8229166666666666,79,125,1004,17,scale-free,n100p50,glasso,30,100,50,88.93775566201657
