aupr,auroc,f1,f1_opt,mcc,shd,precision,recall,tp,fp,tn,fn,topology,config,method,rep,n,p,wall_seconds
0.8851405078083847,0.9976763485477178,0.4166666666666667,0.8,0.5009272903836909,56,0.2631578947368421,1.0,20,56,1149,0,hub,n100p50,glasso,37,100,50,91.76644198736176
