aupr,auroc,f1,f1_opt,mcc,shd,precision,recall,tp,fp,tn,fn,topology,config,method,rep,n,p,wall_seconds
0.7641477336011909,0.928944307260655,0.5016487140030775,0.7024474023185918,0.49656959657077065,2267,0.34565283247500755,0.9142628205128205,1141,2160,9958,107,scale-free,n513p164,glasso,29,513,164,167.67100492492318
