aupr,auroc,f1,f1_opt,mcc,shd,precision,recall,tp,fp,tn,fn,topology,config,method,rep,n,p,wall_seconds
0.9746706443791548,0.9979834740721657,0.45203588681849555,0.9303054032889585,0.5055069401723009,1588,0.2920196165849309,1.0,655,1588,11123,0,random,n513p164,glasso,16,513,164,114.33395171305165
