aupr,auroc,f1,f1_opt,mcc,shd,precision,recall,tp,fp,tn,fn,topology,config,method,rep,n,p,wall_seconds
0.8565760019742963,0.9714803177096971,0.6,0.7777777777777778,0.6377782046856245,24,0.43902439024390244,0.9473684210526315,18,23,1183,1,hub,n100p50,glasso,39,100,50,93.19854582799599
