aupr,auroc,f1,f1_opt,mcc,shd,precision,recall,tp,fp,tn,fn,topology,config,method,rep,n,p,wall_seconds
0.7876367866947462,0.9452257266542982,0.45936395759717313,0.7285714285714285,0.4902130691432841,153,0.3051643192488263,0.9285714285714286,65,148,1007,5,random,n100p50,glasso,6,100,50,23.16231762105599
