aupr,auroc,f1,f1_opt,mcc,shd,precision,recall,tp,fp,tn,fn,topology,config,method,rep,n,p,wall_seconds
0.5296070688737889,0.7635271724410816,0.6163636363636363,0.6166439290586629,0.5889808399697348,844,0.7121848739495799,0.5432692307692307,678,274,11844,570,scale-free,n513p164,glasso,17,513,164,33.70629231026396
