aupr,auroc,f1,f1_opt,mcc,shd,precision,recall,tp,fp,tn,fn,topology,config,method,rep,n,p,wall_seconds
0.575997048784598,0.8148665854738708,0.5019305019305019,0.6107784431137725,0.46707349521489355,129,0.3987730061349693,0.6770833333333334,65,98,1031,31,scale-free,n100p50,glasso,22,100,50,71.8161374302581
