aupr,auroc,f1,f1_opt,mcc,shd,precision,recall,tp,fp,tn,fn,topology,config,method,rep,n,p,wall_seconds
0.7749232404961105,0.9164391118122186,0.5403726708074534,0.7469026548672567,0.5231361111557725,444,0.3895522388059702,0.8817567567567568,261,409,2298,35,scale-free,n237p78,glasso,10,237,78,106.66726878937334
