aupr,auroc,f1,f1_opt,mcc,shd,precision,recall,tp,fp,tn,fn,topology,config,method,rep,n,p,wall_seconds
0.8025909865290771,0.9499788121300454,0.43272977309190924,0.7466529351184346,0.45346366570101376,2475,0.280785246876859,0.9430569430569431,944,2418,9947,57,cluster,n513p164,glasso,8,513,164,108.2703050347045
