aupr,auroc,f1,f1_opt,mcc,shd,precision,recall,tp,fp,tn,fn,topology,config,method,rep,n,p,wall_seconds
0.8739423677497168,0.9691056025709334,0.42083618917066484,0.8180318856514569,0.4502383860955923,2535,0.2691408533021625,0.9643979057591623,921,2501,9910,34,cluster,n513p164,glasso,44,513,164,42.5939781810157
