aupr,auroc,f1,f1_opt,mcc,shd,precision,recall,tp,fp,tn,fn,topology,config,method,rep,n,p,wall_seconds
0.642076435038163,0.8831401329324261,0.4444444444444444,0.6514285714285715,0.44311851218402987,185,0.30327868852459017,0.8314606741573034,74,170,966,15,cluster,n100p50,glasso,35,100,50,67.39716562908143
