aupr,auroc,f1,f1_opt,mcc,shd,precision,recall,tp,fp,tn,fn,topology,config,method,rep,n,p,wall_seconds
0.8989190682212688,0.9785257402480481,0.5072463768115941,0.8554216867469879,0.5639976486182732,476,0.34458509142053445,0.9607843137254902,245,466,12645,10,hub,n513p164,glasso,7,513,164,74.43705703131855
