aupr,auroc,f1,f1_opt,mcc,shd,precision,recall,tp,fp,tn,fn,topology,config,method,rep,n,p,wall_seconds
0.7940347264671042,0.9390776025598707,0.48843079511989906,0.7280666931321952,0.48731866535237794,2432,0.3311466058185967,0.9302884615384616,1161,2345,9773,87,scale-free,n513p164,glasso,21,513,164,170.75229244306684
