aupr,auroc,f1,f1_opt,mcc,shd,precision,recall,tp,fp,tn,fn,topology,config,method,rep,n,p,wall_seconds
0.8898101905414925,0.9671465887687819,0.3908256880733945,0.8467153284671532,0.4191780949431977,664,0.24510932105868816,0.9638009049773756,213,656,2126,8,cluster,n237p78,glasso,10,237,78,46.401936773676425
