aupr,auroc,f1,f1_opt,mcc,shd,precision,recall,tp,fp,tn,fn,topology,config,method,rep,n,p,wall_seconds
0.9227712540804519,0.9900734768306636,0.49753208292201373,0.8588957055214724,0.5608639577765515,509,0.332892998678996,0.984375,252,505,12605,4,hub,n513p164,glasso,0,513,164,37.052568273153156
