aupr,auroc,f1,f1_opt,mcc,shd,precision,recall,tp,fp,tn,fn,topology,config,method,rep,n,p,wall_seconds
0.6156712055136144,0.8616400944788899,0.46874999999999994,0.6341463414634146,0.4514088685919507,170,0.33482142857142855,0.78125,75,149,980,21,scale-free,n100p50,glasso,2,100,50,63.9054862880148
