aupr,auroc,f1,f1_opt,mcc,shd,precision,recall,tp,fp,tn,fn,topology,config,method,rep,n,p,wall_seconds
0.9840905246970122,0.9996994966569004,0.5625,0.9555555555555556,0.6180972997689411,70,0.391304347826087,1.0,45,70,2888,0,hub,n237p78,glasso,6,237,78,132.25153480796143
