aupr,auroc,f1,f1_opt,mcc,shd,precision,recall,tp,fp,tn,fn,topology,config,method,rep,n,p,wall_seconds
0.9390648760815471,0.9878033205619414,0.4150943396226416,0.88659793814433,0.49631865748848575,124,0.2634730538922156,0.9777777777777777,44,123,2835,1,hub,n237p78,glasso,9,237,78,142.9909370332025
