aupr,auroc,f1,f1_opt,mcc,shd,precision,recall,tp,fp,tn,fn,topology,config,method,rep,n,p,wall_seconds
0.74832093422183,0.9201927903923386,0.5022401433691756,0.7,0.4937210629574249,2222,0.3485696517412935,0.8982371794871795,1121,2095,10023,127,scale-free,n513p164,glasso,13,513,164,172.71052028564736
