aupr,auroc,f1,f1_opt,mcc,shd,precision,recall,tp,fp,tn,fn,topology,config,method,rep,n,p,wall_seconds
0.9436489800167429,0.9922726873021456,0.4595375722543352,0.882943143812709,0.5073887050562204,374,0.29887218045112784,0.99375,159,373,2470,1,random,n237p78,glasso,45,237,78,67.77977444790304
