aupr,auroc,f1,f1_opt,mcc,shd,precision,recall,tp,fp,tn,fn,topology,config,method,rep,n,p,wall_seconds
0.9567983184335739,0.9921660766111591,0.43712574850299396,0.8991399530883502,0.4900894651634091,1692,0.28040973111395645,0.9909502262443439,657,1686,11017,6,random,n513p164,glasso,0,513,164,118.0919118183665
