aupr,auroc,f1,f1_opt,mcc,shd,precision,recall,tp,fp,tn,fn,topology,config,method,rep,n,p,wall_seconds
0.8352675798035673,0.9590719821993936,0.4167228590694538,0.7787703625853916,0.44302110040820275,2595,0.2665324899367453,0.9546858908341915,927,2551,9844,44,cluster,n513p164,glasso,0,513,164,93.27207289915532
