aupr,auroc,f1,f1_opt,mcc,shd,precision,recall,tp,fp,tn,fn,topology,config,method,rep,n,p,wall_seconds
0.9250544312621383,0.9741908713692946,0.6551724137931034,0.9047619047619048,0.682882954238876,20,0.5,0.95,19,19,1186,1,hub,n100p50,glasso,14,100,50,78.25269351014867
