aupr,auroc,f1,f1_opt,mcc,shd,precision,recall,tp,fp,tn,fn,topology,config,method,rep,n,p,wall_seconds
0.6512750148055152,0.9061934142579304,0.47686832740213514,0.6573426573426574,0.48621057781004423,147,0.33004926108374383,0.8589743589743589,67,136,1011,11,random,n100p50,glasso,32,100,50,89.35080237407237
