aupr,auroc,f1,f1_opt,mcc,shd,precision,recall,tp,fp,tn,fn,topology,config,method,rep,n,p,wall_seconds
0.6478998776826556,0.9174601417183348,0.41217798594847777,0.6540284360189572,0.4245075048179055,251,0.26586102719033233,0.9166666666666666,88,243,886,8,scale-free,n100p50,glasso,24,100,50,65.26901337783784
