aupr,auroc,f1,f1_opt,mcc,shd,precision,recall,tp,fp,tn,fn,topology,config,method,rep,n,p,wall_seconds
0.5966759672347576,0.8319840696556251,0.718816067653277,0.7203389830508474,0.7160562063298698,133,0.7798165137614679,0.6666666666666666,170,48,13063,85,hub,n513p164,glasso,36,513,164,75.02093356475234
