aupr,auroc,f1,f1_opt,mcc,shd,precision,recall,tp,fp,tn,fn,topology,config,method,rep,n,p,wall_seconds
0.6449880059748623,0.8693127736531506,0.47564469914040114,0.6421052631578947,0.45757379865564696,183,0.33739837398373984,0.8058252427184466,83,163,959,20,cluster,n100p50,glasso,11,100,50,47.77265481464565
