aupr,auroc,f1,f1_opt,mcc,shd,precision,recall,tp,fp,tn,fn,topology,config,method,rep,n,p,wall_seconds
0.9781677820445046,0.9969704665908896,0.4370247933884297,0.9403563129357089,0.4912977083698075,1703,0.2798475867908552,0.9969834087481146,661,1701,11002,2,random,n513p164,glasso,28,513,164,110.5587556520477
