aupr,auroc,f1,f1_opt,mcc,shd,precision,recall,tp,fp,tn,fn,topology,config,method,rep,n,p,wall_seconds
0.566480909322271,0.9065821523472101,0.4712328767123288,0.6066350710900474,0.47634484015440526,193,0.31970260223048325,0.8958333333333334,86,183,946,10,scale-free,n100p50,glasso,29,100,50,85.92602527793497
