aupr,auroc,f1,f1_opt,mcc,shd,precision,recall,tp,fp,tn,fn,topology,config,method,rep,n,p,wall_seconds
0.6974787100447846,0.9003451891122012,0.4606060606060606,0.6941176470588235,0.46273464511928913,178,0.3153526970954357,0.8539325842696629,76,165,971,13,cluster,n100p50,glasso,29,100,50,67.52560838591307
