aupr,auroc,f1,f1_opt,mcc,shd,precision,recall,tp,fp,tn,fn,topology,config,method,rep,n,p,wall_seconds
0.8113951765367982,0.9417931739879414,0.41577060931899645,0.7883211678832116,0.45101689268904827,163,0.26976744186046514,0.90625,58,157,1004,6,random,n100p50,glasso,40,100,50,86.19467116426677
