aupr,auroc,f1,f1_opt,mcc,shd,precision,recall,tp,fp,tn,fn,topology,config,method,rep,n,p,wall_seconds
0.7504283210195325,0.9163648548807396,0.48767123287671227,0.7084148727984344,0.4758910229921189,561,0.3341677096370463,0.902027027027027,267,532,2175,29,scale-free,n237p78,glasso,6,237,78,106.58480499079451
