aupr,auroc,f1,f1_opt,mcc,shd,precision,recall,tp,fp,tn,fn,topology,config,method,rep,n,p,wall_seconds
0.7629926908809729,0.919680208468535,0.5338725985844287,0.719022687609075,0.518879480125507,461,0.38095238095238093,0.8918918918918919,264,429,2278,32,scale-free,n237p78,glasso,18,237,78,109.77333170128986
