aupr,auroc,f1,f1_opt,mcc,shd,precision,recall,tp,fp,tn,fn,topology,config,method,rep,n,p,wall_seconds
0.9935236720951008,0.9998873112463377,0.5521472392638037,0.9662921348314608,0.6098725369236633,73,0.3813559322033898,1.0,45,73,2885,0,hub,n237p78,glasso,49,237,78,126.04913836438209
