aupr,auroc,f1,f1_opt,mcc,shd,precision,recall,tp,fp,tn,fn,topology,config,method,rep,n,p,wall_seconds
0.8856937772452359,0.9852753487940826,0.49849849849849853,0.8198019801980198,0.5601078737664538,501,0.3346774193548387,0.9764705882352941,249,495,12616,6,hub,n513p164,glasso,30,513,164,44.348667305428535
