aupr,auroc,f1,f1_opt,mcc,shd,precision,recall,tp,fp,tn,fn,topology,config,method,rep,n,p,wall_seconds
0.9034202223254216,0.981930074478351,0.4270386266094421,0.8421052631578947,0.4645701751123643,534,0.2726027397260274,0.9851485148514851,199,531,2270,3,cluster,n237p78,glasso,37,237,78,61.00177900260314
