aupr,auroc,f1,f1_opt,mcc,shd,precision,recall,tp,fp,tn,fn,topology,config,method,rep,n,p,wall_seconds
0.8306121144702764,0.9503319400049176,0.5155555555555555,0.8130081300813008,0.5419014079408538,109,0.35802469135802467,0.9206349206349206,58,104,1058,5,random,n100p50,glasso,10,100,50,44.69356295699254
