aupr,auroc,f1,f1_opt,mcc,shd,precision,recall,tp,fp,tn,fn,topology,config,method,rep,n,p,wall_seconds
0.9454427578473448,0.9928979846014493,0.5326315789473683,0.883629191321499,0.58973909002225,444,0.3645533141210375,0.98828125,253,441,12669,3,hub,n513p164,glasso,40,513,164,84.61090230895206
