aupr,auroc,f1,f1_opt,mcc,shd,precision,recall,tp,fp,tn,fn,topology,config,method,rep,n,p,wall_seconds
0.9648027654112847,0.9992946058091287,0.5797101449275363,0.9047619047619048,0.6311420196458604,29,0.40816326530612246,1.0,20,29,1176,0,hub,n100p50,glasso,17,100,50,76.34525716817006
