aupr,auroc,f1,f1_opt,mcc,shd,precision,recall,tp,fp,tn,fn,topology,config,method,rep,n,p,wall_seconds
0.8126090180030224,0.9289493449974594,0.48611111111111116,0.8108108108108109,0.49937285978630824,148,0.3349282296650718,0.8860759493670886,70,139,1007,9,cluster,n100p50,glasso,33,100,50,63.45532015617937
