aupr,auroc,f1,f1_opt,mcc,shd,precision,recall,tp,fp,tn,fn,topology,config,method,rep,n,p,wall_seconds
0.9760218536707955,0.996593933371196,0.4403497813866334,0.9409190371991247,0.49158240001847153,1792,0.28256513026052105,0.9971711456859972,705,1790,10869,2,random,n513p164,glasso,15,513,164,40.8977983770892
