aupr,auroc,f1,f1_opt,mcc,shd,precision,recall,tp,fp,tn,fn,topology,config,method,rep,n,p,wall_seconds
0.9216668104439847,0.9978423236514523,0.5405405405405406,0.8372093023255814,0.5999334013548211,34,0.37037037037037035,1.0,20,34,1171,0,hub,n100p50,glasso,21,100,50,76.02982927905396
