aupr,auroc,f1,f1_opt,mcc,shd,precision,recall,tp,fp,tn,fn,topology,config,method,rep,n,p,wall_seconds
0.9517097778343282,0.9948846300533943,0.4752104770813844,0.8924302788844621,0.544526912212994,561,0.3124231242312423,0.9921875,254,559,12551,2,hub,n513p164,glasso,49,513,164,76.20175931788981
