aupr,auroc,f1,f1_opt,mcc,shd,precision,recall,tp,fp,tn,fn,topology,config,method,rep,n,p,wall_seconds
0.6148322728605713,0.8667607764983762,0.42857142857142855,0.6285714285714286,0.41878038450866356,208,0.291044776119403,0.8125,78,190,939,18,scale-free,n100p50,glasso,31,100,50,88.7966613988392
