aupr,auroc,f1,f1_opt,mcc,shd,precision,recall,tp,fp,tn,fn,topology,config,method,rep,n,p,wall_seconds
0.7316733945770433,0.9130719655747362,0.5147347740667977,0.6927374301675978,0.4988724034948371,494,0.3628808864265928,0.8851351351351351,262,460,2247,34,scale-free,n237p78,glasso,48,237,78,108.26930055813864
