aupr,auroc,f1,f1_opt,mcc,shd,precision,recall,tp,fp,tn,fn,topology,config,method,rep,n,p,wall_seconds
0.846982168666498,0.9612519624544877,0.38866396761133604,0.7843137254901961,0.44412023289784586,151,0.24489795918367346,0.9411764705882353,48,148,1026,3,random,n100p50,glasso,23,100,50,48.1796876960434
