aupr,auroc,f1,f1_opt,mcc,shd,precision,recall,tp,fp,tn,fn,topology,config,method,rep,n,p,wall_seconds
0.6987665567768819,0.880229495477469,0.4893617021276596,0.6967741935483871,0.4814408618928061,144,0.3520408163265306,0.8023255813953488,69,127,1012,17,cluster,n100p50,glasso,20,100,50,44.560336497146636
