aupr,auroc,f1,f1_opt,mcc,shd,precision,recall,tp,fp,tn,fn,topology,config,method,rep,n,p,wall_seconds
0.793826270035016,0.9424846860481034,0.44719314938154137,0.7377220480668757,0.46294836941435724,2324,0.294578502036979,0.9279368213228035,940,2251,10102,73,cluster,n513p164,glasso,47,513,164,79.97248346591368
