aupr,auroc,f1,f1_opt,mcc,shd,precision,recall,tp,fp,tn,fn,topology,config,method,rep,n,p,wall_seconds
0.9939148218993182,0.9998948238299151,0.4615384615384615,0.9777777777777777,0.5379134807558783,105,0.3,1.0,45,105,2853,0,hub,n237p78,glasso,10,237,78,124.98244531685486
