aupr,auroc,f1,f1_opt,mcc,shd,precision,recall,tp,fp,tn,fn,topology,config,method,rep,n,p,wall_seconds
0.7516615753035025,0.9299552906110283,0.450381679389313,0.7301587301587302,0.47773913002606205,144,0.3010204081632653,0.8939393939393939,59,137,1022,7,random,n100p50,glasso,26,100,50,84.62987991701812
