aupr,auroc,f1,f1_opt,mcc,shd,precision,recall,tp,fp,tn,fn,topology,config,method,rep,n,p,wall_seconds
0.5647181516800596,0.7905762274598923,0.6467790747946389,0.6472632493483926,0.6158622558110513,817,0.7023474178403756,0.5993589743589743,748,317,11801,500,scale-free,n513p164,glasso,23,513,164,162.30981162609532
