aupr,auroc,f1,f1_opt,mcc,shd,precision,recall,tp,fp,tn,fn,topology,config,method,rep,n,p,wall_seconds
0.888160387190732,0.9688093051729415,0.4121475054229935,0.832116788321168,0.44628168992619865,542,0.26243093922651933,0.9595959595959596,190,534,2271,8,cluster,n237p78,glasso,5,237,78,46.97432418260723
