aupr,auroc,f1,f1_opt,mcc,shd,precision,recall,tp,fp,tn,fn,topology,config,method,rep,n,p,wall_seconds
0.478913859053407,0.7414058235047672,0.5839962564342537,0.5839962564342537,0.5582957752174483,889,0.7019122609673791,0.5,624,265,11853,624,scale-free,n513p164,glasso,39,513,164,55.97469260729849
