aupr,auroc,f1,f1_opt,mcc,shd,precision,recall,tp,fp,tn,fn,topology,config,method,rep,n,p,wall_seconds
0.7800844302218228,0.910168141171994,0.4769230769230769,0.7538461538461538,0.4876114846585281,136,0.3315508021390374,0.8493150684931506,62,125,1027,11,cluster,n100p50,glasso,47,100,50,66.1281550237909
