aupr,auroc,f1,f1_opt,mcc,shd,precision,recall,tp,fp,tn,fn,topology,config,method,rep,n,p,wall_seconds
0.9696580947482728,0.996117056355873,0.42658423493044817,0.9197707736389685,0.4803347022621303,1855,0.27133307117577665,0.9971098265895953,690,1853,10821,2,random,n513p164,glasso,26,513,164,132.2959076561965
