aupr,auroc,f1,f1_opt,mcc,shd,precision,recall,tp,fp,tn,fn,topology,config,method,rep,n,p,wall_seconds
0.9474331020286904,0.9987551867219917,0.4651162790697675,0.9047619047619048,0.5398725231523386,46,0.30303030303030304,1.0,20,46,1159,0,hub,n100p50,glasso,6,100,50,76.72665247507393
