aupr,auroc,f1,f1_opt,mcc,shd,precision,recall,tp,fp,tn,fn,topology,config,method,rep,n,p,wall_seconds
0.9893778099300522,0.9998422357448726,0.5660377358490566,0.967741935483871,0.6209098040244165,69,0.39473684210526316,1.0,45,69,2889,0,hub,n237p78,glasso,11,237,78,123.47860872000456
