aupr,auroc,f1,f1_opt,mcc,shd,precision,recall,tp,fp,tn,fn,topology,config,method,rep,n,p,wall_seconds
0.9837163561076607,0.9997095435684646,0.5555555555555556,0.9302325581395349,0.6118835935681562,32,0.38461538461538464,1.0,20,32,1173,0,hub,n100p50,glasso,25,100,50,75.48184616258368
