aupr,auroc,f1,f1_opt,mcc,shd,precision,recall,tp,fp,tn,fn,topology,config,method,rep,n,p,wall_seconds
0.30001487197745913,0.6339954787537928,0.4051673517322372,0.40540540540540543,0.42898442368206274,1013,0.7582417582417582,0.2764423076923077,345,110,12008,903,scale-free,n513p164,glasso,30,513,164,152.15952203562483
