aupr,auroc,f1,f1_opt,mcc,shd,precision,recall,tp,fp,tn,fn,topology,config,method,rep,n,p,wall_seconds
0.6915080250690229,0.8873357691172129,0.5324232081911262,0.7368421052631579,0.5172874054803269,137,0.39593908629441626,0.8125,78,119,1010,18,cluster,n100p50,glasso,15,100,50,44.27610047860071
