aupr,auroc,f1,f1_opt,mcc,shd,precision,recall,tp,fp,tn,fn,topology,config,method,rep,n,p,wall_seconds
0.7719902869784065,0.9417245329925418,0.45904298459042975,0.693950177935943,0.45967224068782164,667,0.30202774813233724,0.956081081081081,283,654,2053,13,scale-free,n237p78,glasso,25,237,78,109.91000468889251
