aupr,auroc,f1,f1_opt,mcc,shd,precision,recall,tp,fp,tn,fn,topology,config,method,rep,n,p,wall_seconds
0.949686774127217,0.9901647515609423,0.42894736842105263,0.9080996884735203,0.4824436157007196,1736,0.2739495798319328,0.9878787878787879,652,1728,10978,8,random,n513p164,glasso,45,513,164,56.524093117099255
