aupr,auroc,f1,f1_opt,mcc,shd,precision,recall,tp,fp,tn,fn,topology,config,method,rep,n,p,wall_seconds
0.694631901533562,0.9235772807794508,0.5058139534883721,0.641860465116279,0.5107419192726578,170,0.35080645161290325,0.90625,87,161,968,9,scale-free,n100p50,glasso,33,100,50,88.24743755534291
