aupr,auroc,f1,f1_opt,mcc,shd,precision,recall,tp,fp,tn,fn,topology,config,method,rep,n,p,wall_seconds
0.969066091954023,0.9993360995850622,0.5882352941176471,0.9189189189189189,0.6379535920546973,28,0.4166666666666667,1.0,20,28,1177,0,hub,n100p50,glasso,42,100,50,95.82171325897798
