aupr,auroc,f1,f1_opt,mcc,shd,precision,recall,tp,fp,tn,fn,topology,config,method,rep,n,p,wall_seconds
0.8312649573447907,0.9585105690034661,0.42545616377392076,0.7620927936821321,0.45009524946143814,2582,0.2734553775743707,0.9579158316633266,956,2540,9828,42,cluster,n513p164,glasso,29,513,164,89.1293433769606
