aupr,auroc,f1,f1_opt,mcc,shd,precision,recall,tp,fp,tn,fn,topology,config,method,rep,n,p,wall_seconds
0.9630840330793823,0.993974550065627,0.43430152143845085,0.9113924050632911,0.48571449664146454,409,0.2778761061946903,0.9936708860759493,157,408,2437,1,random,n237p78,glasso,23,237,78,69.88521557906643
