aupr,auroc,f1,f1_opt,mcc,shd,precision,recall,tp,fp,tn,fn,topology,config,method,rep,n,p,wall_seconds
0.539629910134491,0.8195063679289651,0.4714285714285715,0.5549738219895287,0.44207587770380374,148,0.3548387096774194,0.7021276595744681,66,120,1011,28,cluster,n100p50,glasso,13,100,50,43.3943952890113
