aupr,auroc,f1,f1_opt,mcc,shd,precision,recall,tp,fp,tn,fn,topology,config,method,rep,n,p,wall_seconds
0.9846730405256514,0.9990422206784826,0.38277812696417346,0.9428571428571428,0.44749229708090893,1964,0.23668869024485037,1.0,609,1964,10793,0,random,n513p164,glasso,21,513,164,113.94821659941226
