aupr,auroc,f1,f1_opt,mcc,shd,precision,recall,tp,fp,tn,fn,topology,config,method,rep,n,p,wall_seconds
0.801372628661357,0.9455124932057385,0.4528301886792453,0.7371134020618557,0.47277963742806994,493,0.2986822840409956,0.9357798165137615,204,479,2306,14,cluster,n237p78,glasso,17,237,78,44.20086990017444
