aupr,auroc,f1,f1_opt,mcc,shd,precision,recall,tp,fp,tn,fn,topology,config,method,rep,n,p,wall_seconds
0.9858697967505492,0.9989169452692163,0.42289874255459964,0.9502762430939227,0.481045191309889,1744,0.26814939152329,1.0,639,1744,10983,0,random,n513p164,glasso,31,513,164,31.566298271063715
