aupr,auroc,f1,f1_opt,mcc,shd,precision,recall,tp,fp,tn,fn,topology,config,method,rep,n,p,wall_seconds
0.8911184871376505,0.9798307363522025,0.49397590361445787,0.836,0.5541408048457538,504,0.3319838056680162,0.9647058823529412,246,495,12616,9,hub,n513p164,glasso,42,513,164,39.90738207194954
