aupr,auroc,f1,f1_opt,mcc,shd,precision,recall,tp,fp,tn,fn,topology,config,method,rep,n,p,wall_seconds
0.9278940324787786,0.9863165743141341,0.49397590361445776,0.8778467908902692,0.5565703202412899,504,0.33064516129032256,0.9761904761904762,246,498,12616,6,hub,n513p164,glasso,45,513,164,99.23749494785443
