aupr,auroc,f1,f1_opt,mcc,shd,precision,recall,tp,fp,tn,fn,topology,config,method,rep,n,p,wall_seconds
0.8051468544564979,0.9495573247276698,0.4121779859484777,0.7512953367875648,0.4332031757750809,2761,0.2634013605442177,0.9471624266144814,968,2707,9637,54,cluster,n513p164,glasso,9,513,164,93.58567366097122
