aupr,auroc,f1,f1_opt,mcc,shd,precision,recall,tp,fp,tn,fn,topology,config,method,rep,n,p,wall_seconds
0.9218604759641797,0.986366561784897,0.513347022587269,0.8646464646464646,0.5719726830614034,474,0.34818941504178275,0.9765625,250,468,12642,6,hub,n513p164,glasso,2,513,164,69.29774767998606
