aupr,auroc,f1,f1_opt,mcc,shd,precision,recall,tp,fp,tn,fn,topology,config,method,rep,n,p,wall_seconds
0.9697001627685419,0.9932022648646072,0.4489795918367347,0.9301634472511143,0.49903037157545366,1674,0.2902127659574468,0.9912790697674418,682,1668,11010,6,random,n513p164,glasso,17,513,164,35.42176215117797
