aupr,auroc,f1,f1_opt,mcc,shd,precision,recall,tp,fp,tn,fn,topology,config,method,rep,n,p,wall_seconds
0.8555134872138658,0.9651724137931035,0.4290429042904291,0.801980198019802,0.4606537943036369,519,0.2762039660056657,0.9605911330049262,195,511,2289,8,cluster,n237p78,glasso,47,237,78,57.59547205315903
