aupr,auroc,f1,f1_opt,mcc,shd,precision,recall,tp,fp,tn,fn,topology,config,method,rep,n,p,wall_seconds
0.8897611449071876,0.9980993163548944,0.42857142857142855,0.8181818181818183,0.5115303373252233,120,0.2727272727272727,1.0,45,120,2838,0,hub,n237p78,glasso,12,237,78,138.01800257805735
