aupr,auroc,f1,f1_opt,mcc,shd,precision,recall,tp,fp,tn,fn,topology,config,method,rep,n,p,wall_seconds
0.8325964100463381,0.9559303608782302,0.3996138996138996,0.7730337078651686,0.4255509586383457,622,0.2530562347188264,0.9495412844036697,207,611,2174,11,cluster,n237p78,glasso,24,237,78,66.25824777409434
