aupr,auroc,f1,f1_opt,mcc,shd,precision,recall,tp,fp,tn,fn,topology,config,method,rep,n,p,wall_seconds
0.7359813501501079,0.922063983488132,0.45103857566765576,0.6892655367231638,0.4650283366871554,185,0.30158730158730157,0.8941176470588236,76,176,964,9,cluster,n100p50,glasso,6,100,50,39.677734341006726
