aupr,auroc,f1,f1_opt,mcc,shd,precision,recall,tp,fp,tn,fn,topology,config,method,rep,n,p,wall_seconds
0.6728101255318724,0.8553706447813367,0.46557377049180326,0.6860465116279071,0.44731459144617414,163,0.33490566037735847,0.7634408602150538,71,141,991,22,cluster,n100p50,glasso,8,100,50,38.54296818887815
