aupr,auroc,f1,f1_opt,mcc,shd,precision,recall,tp,fp,tn,fn,topology,config,method,rep,n,p,wall_seconds
0.9241268926105053,0.9922748597570368,0.5158648925281474,0.8516377649325626,0.5763560524487134,473,0.3490304709141274,0.9882352941176471,252,470,12641,3,hub,n513p164,glasso,41,513,164,79.95772511931136
