aupr,auroc,f1,f1_opt,mcc,shd,precision,recall,tp,fp,tn,fn,topology,config,method,rep,n,p,wall_seconds
0.6232963883983175,0.8747278196043697,0.5365853658536586,0.6372549019607844,0.5193871358357762,133,0.4031413612565445,0.8020833333333334,77,114,1015,19,scale-free,n100p50,glasso,5,100,50,64.68186967913061
