aupr,auroc,f1,f1_opt,mcc,shd,precision,recall,tp,fp,tn,fn,topology,config,method,rep,n,p,wall_seconds
0.6371722656874451,0.8635564084112897,0.5037037037037037,0.6451612903225806,0.48821642419414035,134,0.37362637362637363,0.7727272727272727,68,114,1023,20,cluster,n100p50,glasso,43,100,50,63.723614792805165
