aupr,auroc,f1,f1_opt,mcc,shd,precision,recall,tp,fp,tn,fn,topology,config,method,rep,n,p,wall_seconds
0.7695661253044643,0.928046617449778,0.5012122547939167,0.7188049209138839,0.4954592376160101,2263,0.3456977804803892,0.9110576923076923,1137,2152,9966,111,scale-free,n513p164,glasso,49,513,164,128.68384420406073
