aupr,auroc,f1,f1_opt,mcc,shd,precision,recall,tp,fp,tn,fn,topology,config,method,rep,n,p,wall_seconds
0.8378140168983031,0.9581315974665728,0.4358683314415437,0.8062015503875969,0.46371781193044365,497,0.2831858407079646,0.9458128078817734,192,486,2314,11,cluster,n237p78,glasso,43,237,78,62.04420142294839
