aupr,auroc,f1,f1_opt,mcc,shd,precision,recall,tp,fp,tn,fn,topology,config,method,rep,n,p,wall_seconds
0.543603408279897,0.8549785946265132,0.4658385093167702,0.5911330049261083,0.4486292900899733,172,0.33185840707964603,0.78125,75,151,978,21,scale-free,n100p50,glasso,25,100,50,71.95244152098894
