aupr,auroc,f1,f1_opt,mcc,shd,precision,recall,tp,fp,tn,fn,topology,config,method,rep,n,p,wall_seconds
0.7853247421111281,0.9409779671719195,0.42672119972733463,0.7371631926792069,0.4441700279936525,2523,0.2769094662341492,0.9297029702970298,939,2452,9904,71,cluster,n513p164,glasso,6,513,164,84.62428275169805
