aupr,auroc,f1,f1_opt,mcc,shd,precision,recall,tp,fp,tn,fn,topology,config,method,rep,n,p,wall_seconds
0.47326372493367563,0.7489359783603429,0.6009445100354192,0.6009445100354192,0.5855174811168405,676,0.7313218390804598,0.5100200400801603,509,187,12181,489,cluster,n513p164,glasso,31,513,164,35.294339469634
