aupr,auroc,f1,f1_opt,mcc,shd,precision,recall,tp,fp,tn,fn,topology,config,method,rep,n,p,wall_seconds
0.8269555705744589,0.9584215641143676,0.4093686354378819,0.8,0.43924864910781064,580,0.2603626943005181,0.9571428571428572,201,571,2222,9,cluster,n237p78,glasso,12,237,78,44.31897156732157
