aupr,auroc,f1,f1_opt,mcc,shd,precision,recall,tp,fp,tn,fn,topology,config,method,rep,n,p,wall_seconds
0.8146761557189227,0.9477628374094959,0.4200626959247649,0.759725400457666,0.4428294749600801,555,0.27088948787061995,0.9348837209302325,201,541,2247,14,cluster,n237p78,glasso,20,237,78,67.22627634042874
