aupr,auroc,f1,f1_opt,mcc,shd,precision,recall,tp,fp,tn,fn,topology,config,method,rep,n,p,wall_seconds
0.8349289226251827,0.9525575023698132,0.4216459977452085,0.7813504823151125,0.4437581683100818,2565,0.27148664343786294,0.9434914228052472,935,2509,9866,56,cluster,n513p164,glasso,5,513,164,79.62344535812736
