aupr,auroc,f1,f1_opt,mcc,shd,precision,recall,tp,fp,tn,fn,topology,config,method,rep,n,p,wall_seconds
0.9276865798768199,0.9900487691072158,0.42434488588334746,0.8637316561844863,0.501961403743004,681,0.2704741379310345,0.984313725490196,251,677,12434,4,hub,n513p164,glasso,1,513,164,35.62144917808473
