aupr,auroc,f1,f1_opt,mcc,shd,precision,recall,tp,fp,tn,fn,topology,config,method,rep,n,p,wall_seconds
0.8763322303013761,0.9847060338721102,0.4928909952606635,0.8316831683168316,0.5406507111438436,107,0.3291139240506329,0.9811320754716981,52,106,1066,1,random,n100p50,glasso,38,100,50,86.06371364695951
