aupr,auroc,f1,f1_opt,mcc,shd,precision,recall,tp,fp,tn,fn,topology,config,method,rep,n,p,wall_seconds
0.740577416368663,0.926899979033337,0.5296981499513145,0.7000000000000001,0.5204952623975795,483,0.37209302325581395,0.918918918918919,272,459,2248,24,scale-free,n237p78,glasso,7,237,78,106.78154712310061
