aupr,auroc,f1,f1_opt,mcc,shd,precision,recall,tp,fp,tn,fn,topology,config,method,rep,n,p,wall_seconds
0.868827573415055,0.9640822526377681,0.45474137931034486,0.8064516129032259,0.4791114788248605,506,0.2980225988700565,0.9590909090909091,211,497,2286,9,cluster,n237p78,glasso,29,237,78,66.77849575178698
