aupr,auroc,f1,f1_opt,mcc,shd,precision,recall,tp,fp,tn,fn,topology,config,method,rep,n,p,wall_seconds
0.9589868421052632,0.9990871369294606,0.4255319148936171,0.9,0.5080930756379884,54,0.2702702702702703,1.0,20,54,1151,0,hub,n100p50,glasso,16,100,50,78.4473201232031
