aupr,auroc,f1,f1_opt,mcc,shd,precision,recall,tp,fp,tn,fn,topology,config,method,rep,n,p,wall_seconds
0.8555212299757183,0.9694954670466105,0.47708578143360747,0.7874015748031495,0.5053422905457463,445,0.3161993769470405,0.9712918660287081,203,439,2355,6,cluster,n237p78,glasso,7,237,78,48.68364619696513
