aupr,auroc,f1,f1_opt,mcc,shd,precision,recall,tp,fp,tn,fn,topology,config,method,rep,n,p,wall_seconds
0.9428711334961337,0.9988796680497926,0.5,0.851063829787234,0.5676868207186988,40,0.3333333333333333,1.0,20,40,1165,0,hub,n100p50,glasso,8,100,50,79.34153781225905
