aupr,auroc,f1,f1_opt,mcc,shd,precision,recall,tp,fp,tn,fn,topology,config,method,rep,n,p,wall_seconds
0.9594108914413664,0.9964755547782831,0.4204379562043795,0.9018181818181819,0.4787618760500001,397,0.266173752310536,1.0,144,397,2462,0,random,n237p78,glasso,28,237,78,70.06926604965702
