aupr,auroc,f1,f1_opt,mcc,shd,precision,recall,tp,fp,tn,fn,topology,config,method,rep,n,p,wall_seconds
0.8417765746590893,0.9615224293373537,0.4751655629139073,0.7703180212014135,0.4788401128686743,634,0.31469298245614036,0.9695945945945946,287,625,2082,9,scale-free,n237p78,glasso,33,237,78,107.76048221904784
