aupr,auroc,f1,f1_opt,mcc,shd,precision,recall,tp,fp,tn,fn,topology,config,method,rep,n,p,wall_seconds
0.9553225041815653,0.996907773368628,0.49126213592233015,0.8950495049504951,0.5582714012564052,524,0.32603092783505155,0.9960629921259843,253,523,12589,1,hub,n513p164,glasso,28,513,164,66.15407587587833
