aupr,auroc,f1,f1_opt,mcc,shd,precision,recall,tp,fp,tn,fn,topology,config,method,rep,n,p,wall_seconds
0.8677409289430836,0.9674919945966224,0.4107296137339056,0.8088614116434828,0.4377102872364584,2746,0.26097627488410147,0.9637462235649547,957,2710,9663,36,cluster,n513p164,glasso,43,513,164,84.65079393098131
