aupr,auroc,f1,f1_opt,mcc,shd,precision,recall,tp,fp,tn,fn,topology,config,method,rep,n,p,wall_seconds
0.9915367624418289,0.9998797986627601,0.6164383561643836,0.967741935483871,0.661142672865911,56,0.44554455445544555,1.0,45,56,2902,0,hub,n237p78,glasso,36,237,78,144.87850058311597
