aupr,auroc,f1,f1_opt,mcc,shd,precision,recall,tp,fp,tn,fn,topology,config,method,rep,n,p,wall_seconds
1.0,1.0,0.4663212435233161,1.0,0.5417256142026828,103,0.30405405405405406,1.0,45,103,2855,0,hub,n237p78,glasso,42,237,78,133.06069943401963
