aupr,auroc,f1,f1_opt,mcc,shd,precision,recall,tp,fp,tn,fn,topology,config,method,rep,n,p,wall_seconds
0.8378832875347315,0.9608225405659189,0.4532650448143406,0.7884057971014493,0.485737980663018,427,0.29747899159663865,0.9516129032258065,177,418,2399,9,cluster,n237p78,glasso,46,237,78,62.341247907839715
