aupr,auroc,f1,f1_opt,mcc,shd,precision,recall,tp,fp,tn,fn,topology,config,method,rep,n,p,wall_seconds
0.8340376088134617,0.9628861000697977,0.42786293958521193,0.7861507128309572,0.4542496912874469,2538,0.27507246376811595,0.962474645030426,949,2501,9879,37,cluster,n513p164,glasso,3,513,164,99.7989582051523
