aupr,auroc,f1,f1_opt,mcc,shd,precision,recall,tp,fp,tn,fn,topology,config,method,rep,n,p,wall_seconds
0.8442480532418082,0.9371487953198367,0.48148148148148157,0.8395061728395061,0.5168567035369253,84,0.3305084745762712,0.8863636363636364,39,79,1102,5,random,n100p50,glasso,29,100,50,85.41724864812568
