aupr,auroc,f1,f1_opt,mcc,shd,precision,recall,tp,fp,tn,fn,topology,config,method,rep,n,p,wall_seconds
0.8449638748599742,0.9452762139338494,0.4216459977452086,0.8040712468193385,0.44518039941680837,513,0.2733918128654971,0.9211822660098522,187,497,2303,16,cluster,n237p78,glasso,14,237,78,44.371002164203674
