aupr,auroc,f1,f1_opt,mcc,shd,precision,recall,tp,fp,tn,fn,topology,config,method,rep,n,p,wall_seconds
0.9625827720814517,0.999253112033195,0.6349206349206349,0.9,0.6754543218923406,23,0.46511627906976744,1.0,20,23,1182,0,hub,n100p50,glasso,34,100,50,94.38139549503103
