aupr,auroc,f1,f1_opt,mcc,shd,precision,recall,tp,fp,tn,fn,topology,config,method,rep,n,p,wall_seconds
0.9852443524105428,0.9989701604556834,0.42627173213135866,0.9422632794457275,0.4825687976498693,1782,0.27086743044189854,1.0,662,1782,10922,0,random,n513p164,glasso,36,513,164,109.75061719072983
