aupr,auroc,f1,f1_opt,mcc,shd,precision,recall,tp,fp,tn,fn,topology,config,method,rep,n,p,wall_seconds
0.8560138007910558,0.9634692417739628,0.38644067796610165,0.7964601769911505,0.4369783906191612,181,0.2425531914893617,0.95,57,178,987,3,random,n100p50,glasso,17,100,50,45.33925480302423
