aupr,auroc,f1,f1_opt,mcc,shd,precision,recall,tp,fp,tn,fn,topology,config,method,rep,n,p,wall_seconds
0.7910733048584764,0.9330339759781947,0.48837209302325574,0.7254901960784315,0.48100640558384905,572,0.33211678832116787,0.9222972972972973,273,549,2158,23,scale-free,n237p78,glasso,28,237,78,107.70398458186537
