aupr,auroc,f1,f1_opt,mcc,shd,precision,recall,tp,fp,tn,fn,topology,config,method,rep,n,p,wall_seconds
0.7954345121440944,0.9467770647923625,0.4768611670020121,0.7208988764044943,0.48043244243414474,2600,0.3183772165502418,0.9495192307692307,1185,2537,9581,63,scale-free,n513p164,glasso,0,513,164,152.70837640576065
