aupr,auroc,f1,f1_opt,mcc,shd,precision,recall,tp,fp,tn,fn,topology,config,method,rep,n,p,wall_seconds
0.690341438556187,0.9031768662718432,0.44854881266490765,0.6888888888888889,0.45006618088058126,209,0.30141843971631205,0.8762886597938144,85,197,931,12,cluster,n100p50,glasso,28,100,50,66.19437057711184
