aupr,auroc,f1,f1_opt,mcc,shd,precision,recall,tp,fp,tn,fn,topology,config,method,rep,n,p,wall_seconds
0.7586387027252316,0.95002331002331,0.46788990825688076,0.7166666666666666,0.5069960955471156,116,0.3128834355828221,0.9272727272727272,51,112,1058,4,random,n100p50,glasso,1,100,50,24.517562499735504
