aupr,auroc,f1,f1_opt,mcc,shd,precision,recall,tp,fp,tn,fn,topology,config,method,rep,n,p,wall_seconds
0.9842828009244856,0.9988253876443238,0.4103896103896104,0.940809968847352,0.46580214605648024,454,0.2581699346405229,1.0,158,454,2391,0,random,n237p78,glasso,47,237,78,68.74104771995917
