aupr,auroc,f1,f1_opt,mcc,shd,precision,recall,tp,fp,tn,fn,topology,config,method,rep,n,p,wall_seconds
0.8146769301648396,0.9351780668736709,0.5335968379446642,0.7569331158238174,0.5228244410309232,472,0.3770949720670391,0.9121621621621622,270,446,2261,26,scale-free,n237p78,glasso,11,237,78,109.16169866593555
