aupr,auroc,f1,f1_opt,mcc,shd,precision,recall,tp,fp,tn,fn,topology,config,method,rep,n,p,wall_seconds
0.8447833468850459,0.9501953732624846,0.4078947368421053,0.7956989247311828,0.42560408571562336,630,0.2608173076923077,0.9353448275862069,217,615,2156,15,cluster,n237p78,glasso,39,237,78,59.81187459407374
