aupr,auroc,f1,f1_opt,mcc,shd,precision,recall,tp,fp,tn,fn,topology,config,method,rep,n,p,wall_seconds
0.9585283477988995,0.9960412736523181,0.41350210970464135,0.9032258064516128,0.47178693935417654,417,0.26063829787234044,1.0,147,417,2439,0,random,n237p78,glasso,31,237,78,68.25457579409704
