aupr,auroc,f1,f1_opt,mcc,shd,precision,recall,tp,fp,tn,fn,topology,config,method,rep,n,p,wall_seconds
0.9955337690631809,0.9999248741642249,0.5142857142857142,0.9772727272727273,0.5798335076138013,85,0.34615384615384615,1.0,45,85,2873,0,hub,n237p78,glasso,32,237,78,146.15594281069934
