aupr,auroc,f1,f1_opt,mcc,shd,precision,recall,tp,fp,tn,fn,topology,config,method,rep,n,p,wall_seconds
0.903592998728445,0.987861711689481,0.508130081300813,0.8582995951417004,0.5686026503867839,484,0.3429355281207133,0.9803921568627451,250,479,12632,5,hub,n513p164,glasso,11,513,164,22.323413338977844
