aupr,auroc,f1,f1_opt,mcc,shd,precision,recall,tp,fp,tn,fn,topology,config,method,rep,n,p,wall_seconds
0.8459654173042496,0.9703496755587598,0.4602510460251046,0.7796610169491526,0.5070441511087646,129,0.3021978021978022,0.9649122807017544,55,127,1041,2,random,n100p50,glasso,47,100,50,86.29131682310253
