aupr,auroc,f1,f1_opt,mcc,shd,precision,recall,tp,fp,tn,fn,topology,config,method,rep,n,p,wall_seconds
0.9942054162190841,0.9999023364134927,0.5389221556886228,0.9662921348314608,0.599375360685917,77,0.36885245901639346,1.0,45,77,2881,0,hub,n237p78,glasso,37,237,78,145.61476535117254
