aupr,auroc,f1,f1_opt,mcc,shd,precision,recall,tp,fp,tn,fn,topology,config,method,rep,n,p,wall_seconds
0.9810680547522654,0.9996265560165976,0.5128205128205129,0.9268292682926829,0.5778869744790681,38,0.3448275862068966,1.0,20,38,1167,0,hub,n100p50,glasso,27,100,50,76.57442412525415
