aupr,auroc,f1,f1_opt,mcc,shd,precision,recall,tp,fp,tn,fn,topology,config,method,rep,n,p,wall_seconds
0.6586582509093057,0.8843002657218779,0.4507042253521127,0.654320987654321,0.4441300628085639,195,0.3088803088803089,0.8333333333333334,80,179,950,16,scale-free,n100p50,glasso,39,100,50,85.30374622764066
