aupr,auroc,f1,f1_opt,mcc,shd,precision,recall,tp,fp,tn,fn,topology,config,method,rep,n,p,wall_seconds
0.7994883630911802,0.9421946214785379,0.4983929719305764,0.737220447284345,0.4972833665979082,2341,0.3401579409183972,0.9318910256410257,1163,2256,9862,85,scale-free,n513p164,glasso,47,513,164,55.120423635002226
