aupr,auroc,f1,f1_opt,mcc,shd,precision,recall,tp,fp,tn,fn,topology,config,method,rep,n,p,wall_seconds
0.7881092439577249,0.9183657151994882,0.42541436464088395,0.7590361445783131,0.4348409353938807,208,0.28102189781021897,0.875,77,197,940,11,cluster,n100p50,glasso,32,100,50,64.89683090616018
