aupr,auroc,f1,f1_opt,mcc,shd,precision,recall,tp,fp,tn,fn,topology,config,method,rep,n,p,wall_seconds
0.9709054807347659,0.9982201112045794,0.43870967741935485,0.9230769230769231,0.4968748451329663,348,0.2809917355371901,1.0,136,348,2519,0,random,n237p78,glasso,46,237,78,69.70050253905356
