aupr,auroc,f1,f1_opt,mcc,shd,precision,recall,tp,fp,tn,fn,topology,config,method,rep,n,p,wall_seconds
0.8420202338092463,0.9512522361359571,0.4229934924078091,0.8009478672985784,0.4483935978687377,532,0.27310924369747897,0.9375,195,519,2276,13,cluster,n237p78,glasso,3,237,78,12.449419122654945
