aupr,auroc,f1,f1_opt,mcc,shd,precision,recall,tp,fp,tn,fn,topology,config,method,rep,n,p,wall_seconds
0.9698108061612097,0.9938822454801308,0.4331129996852377,0.9243445692883896,0.4851093129645321,1801,0.27697262479871176,0.9927849927849928,688,1796,10877,5,random,n513p164,glasso,3,513,164,109.84421825688332
