aupr,auroc,f1,f1_opt,mcc,shd,precision,recall,tp,fp,tn,fn,topology,config,method,rep,n,p,wall_seconds
0.7983713058982453,0.936246334217776,0.4434968017057569,0.7468671679197995,0.4571188164375123,522,0.29254571026722925,0.9162995594713657,208,503,2273,19,cluster,n237p78,glasso,40,237,78,60.96965285623446
