aupr,auroc,f1,f1_opt,mcc,shd,precision,recall,tp,fp,tn,fn,topology,config,method,rep,n,p,wall_seconds
0.7105174023906904,0.903573998560806,0.5136986301369864,0.6931818181818182,0.5120708573731391,142,0.36764705882352944,0.8522727272727273,75,129,1008,13,cluster,n100p50,glasso,44,100,50,65.64268661709502
