aupr,auroc,f1,f1_opt,mcc,shd,precision,recall,tp,fp,tn,fn,topology,config,method,rep,n,p,wall_seconds
0.6692105939047259,0.9046261440803071,0.5878136200716846,0.6736842105263158,0.5765251142493957,115,0.44808743169398907,0.8541666666666666,82,101,1028,14,scale-free,n100p50,glasso,20,100,50,63.24680047715083
