aupr,auroc,f1,f1_opt,mcc,shd,precision,recall,tp,fp,tn,fn,topology,config,method,rep,n,p,wall_seconds
0.8528353089979092,0.9575798546560758,0.4710743801652893,0.7964601769911505,0.5074908194052449,128,0.3149171270718232,0.9344262295081968,57,124,1040,4,random,n100p50,glasso,45,100,50,84.55392603389919
