aupr,auroc,f1,f1_opt,mcc,shd,precision,recall,tp,fp,tn,fn,topology,config,method,rep,n,p,wall_seconds
0.9220346084911015,0.9767260160769289,0.6231884057971014,0.9069767441860465,0.6582973320674635,52,0.46236559139784944,0.9555555555555556,43,50,2908,2,hub,n237p78,glasso,35,237,78,147.29710262082517
