aupr,auroc,f1,f1_opt,mcc,shd,precision,recall,tp,fp,tn,fn,topology,config,method,rep,n,p,wall_seconds
0.9420129076681043,0.9926748008870296,0.5165289256198347,0.8762677484787019,0.5769570478286457,468,0.34965034965034963,0.9881422924901185,250,465,12648,3,hub,n513p164,glasso,27,513,164,84.81743376934901
