aupr,auroc,f1,f1_opt,mcc,shd,precision,recall,tp,fp,tn,fn,topology,config,method,rep,n,p,wall_seconds
0.8057764100109583,0.9382644095887538,0.525911708253359,0.7504424778761062,0.5182933576783898,494,0.3672922252010724,0.9256756756756757,274,472,2235,22,scale-free,n237p78,glasso,35,237,78,109.9124667881988
