aupr,auroc,f1,f1_opt,mcc,shd,precision,recall,tp,fp,tn,fn,topology,config,method,rep,n,p,wall_seconds
0.7281844954865327,0.9145261293179804,0.45454545454545453,0.7150259067357513,0.4584252648919954,204,0.3057553956834532,0.8854166666666666,85,193,936,11,scale-free,n100p50,glasso,6,100,50,64.45982515905052
