aupr,auroc,f1,f1_opt,mcc,shd,precision,recall,tp,fp,tn,fn,topology,config,method,rep,n,p,wall_seconds
0.9419068295567964,0.9966160731311976,0.5698324022346368,0.8757637474541752,0.6210776857697746,385,0.39906103286384975,0.99609375,255,384,12726,1,hub,n513p164,glasso,19,513,164,83.61209717486054
