aupr,auroc,f1,f1_opt,mcc,shd,precision,recall,tp,fp,tn,fn,topology,config,method,rep,n,p,wall_seconds
0.9306451411609648,0.974232365145228,0.6333333333333334,0.9230769230769231,0.6649699320964017,22,0.475,0.95,19,21,1184,1,hub,n100p50,glasso,32,100,50,95.26093316730112
