aupr,auroc,f1,f1_opt,mcc,shd,precision,recall,tp,fp,tn,fn,topology,config,method,rep,n,p,wall_seconds
0.6963277890335781,0.9046307573073517,0.4839650145772595,0.6818181818181818,0.48182358074339804,177,0.3360323886639676,0.8645833333333334,83,164,965,13,scale-free,n100p50,glasso,48,100,50,64.73619469814003
