aupr,auroc,f1,f1_opt,mcc,shd,precision,recall,tp,fp,tn,fn,topology,config,method,rep,n,p,wall_seconds
0.6349697823905416,0.876743799822852,0.49681528662420377,0.6666666666666666,0.48377265355478183,158,0.3577981651376147,0.8125,78,140,989,18,scale-free,n100p50,glasso,15,100,50,66.75294985529035
