aupr,auroc,f1,f1_opt,mcc,shd,precision,recall,tp,fp,tn,fn,topology,config,method,rep,n,p,wall_seconds
0.9562637672762165,0.9898807444738287,0.43879173290937995,0.909090909090909,0.49284073693633945,353,0.2822085889570552,0.9857142857142858,138,351,2512,2,random,n237p78,glasso,25,237,78,68.23983585182577
