aupr,auroc,f1,f1_opt,mcc,shd,precision,recall,tp,fp,tn,fn,topology,config,method,rep,n,p,wall_seconds
0.9317394965386302,0.9877377799455722,0.42756680731364277,0.8686868686868687,0.47944015173604254,407,0.27289048473967686,0.987012987012987,152,405,2444,2,random,n237p78,glasso,16,237,78,45.703476631082594
