aupr,auroc,f1,f1_opt,mcc,shd,precision,recall,tp,fp,tn,fn,topology,config,method,rep,n,p,wall_seconds
0.8237723017311963,0.9534476017231149,0.41421408327883147,0.7781818181818182,0.43687345897338953,2687,0.2649930264993027,0.9481037924151696,950,2635,9729,52,cluster,n513p164,glasso,40,513,164,44.27597792772576
