aupr,auroc,f1,f1_opt,mcc,shd,precision,recall,tp,fp,tn,fn,topology,config,method,rep,n,p,wall_seconds
0.598367962388877,0.8029944887628672,0.6402753872633392,0.6489563567362429,0.6018975538497949,209,0.6526315789473685,0.6283783783783784,186,99,2608,110,scale-free,n237p78,glasso,36,237,78,107.5714235669002
