aupr,auroc,f1,f1_opt,mcc,shd,precision,recall,tp,fp,tn,fn,topology,config,method,rep,n,p,wall_seconds
0.9664320461410627,0.9944408419118641,0.45321637426900596,0.9084967320261438,0.5028612324256174,374,0.2935606060606061,0.9935897435897436,155,373,2474,1,random,n237p78,glasso,2,237,78,50.86649544397369
