aupr,auroc,f1,f1_opt,mcc,shd,precision,recall,tp,fp,tn,fn,topology,config,method,rep,n,p,wall_seconds
0.8312254325922916,0.9574706419196964,0.4189217103904152,0.7736585365853658,0.4387337638555244,2813,0.26825396825396824,0.9557021677662583,1014,2766,9539,47,cluster,n513p164,glasso,20,513,164,37.24313598591834
