aupr,auroc,f1,f1_opt,mcc,shd,precision,recall,tp,fp,tn,fn,topology,config,method,rep,n,p,wall_seconds
0.7642669586473664,0.9153148361551872,0.43103448275862066,0.761904761904762,0.45982031077005275,132,0.28735632183908044,0.8620689655172413,50,124,1043,8,random,n100p50,glasso,9,100,50,50.41968156490475
