aupr,auroc,f1,f1_opt,mcc,shd,precision,recall,tp,fp,tn,fn,topology,config,method,rep,n,p,wall_seconds
0.7430265526353051,0.9235339672705575,0.50355871886121,0.7012578616352202,0.49686283536972964,2232,0.3485221674876847,0.907051282051282,1132,2116,10002,116,scale-free,n513p164,glasso,7,513,164,39.24049956491217
