aupr,auroc,f1,f1_opt,mcc,shd,precision,recall,tp,fp,tn,fn,topology,config,method,rep,n,p,wall_seconds
0.9654618748989865,0.9952281774408849,0.5173116089613035,0.9146341463414634,0.5782573443184266,474,0.349862258953168,0.9921875,254,472,12638,2,hub,n513p164,glasso,14,513,164,82.3789492980577
