aupr,auroc,f1,f1_opt,mcc,shd,precision,recall,tp,fp,tn,fn,topology,config,method,rep,n,p,wall_seconds
0.8070524135948401,0.9475279178078567,0.41807393884071203,0.7520615722924684,0.4403556884605306,2550,0.2689371697005285,0.9385245901639344,916,2490,9900,60,cluster,n513p164,glasso,36,513,164,89.66612319927663
