aupr,auroc,f1,f1_opt,mcc,shd,precision,recall,tp,fp,tn,fn,topology,config,method,rep,n,p,wall_seconds
0.8002967902845705,0.9371483563336592,0.49902534113060426,0.7321888412017167,0.49595587763071347,2313,0.3419412288512912,0.9230769230769231,1152,2217,9901,96,scale-free,n513p164,glasso,11,513,164,157.83796223299578
