aupr,auroc,f1,f1_opt,mcc,shd,precision,recall,tp,fp,tn,fn,topology,config,method,rep,n,p,wall_seconds
0.5754491099344884,0.8475673029858052,0.47222222222222215,0.5988700564971752,0.45433026523267117,152,0.3434343434343434,0.7555555555555555,68,130,1005,22,cluster,n100p50,glasso,2,100,50,26.73916486511007
