aupr,auroc,f1,f1_opt,mcc,shd,precision,recall,tp,fp,tn,fn,topology,config,method,rep,n,p,wall_seconds
0.8435956366188893,0.9604540679534016,0.4467005076142132,0.7901785714285714,0.4680878805845369,545,0.2913907284768212,0.9565217391304348,220,535,2238,10,cluster,n237p78,glasso,16,237,78,49.30075367214158
