aupr,auroc,f1,f1_opt,mcc,shd,precision,recall,tp,fp,tn,fn,topology,config,method,rep,n,p,wall_seconds
0.9586468558153555,0.9991811283900534,0.5113636363636364,0.8941176470588236,0.5775156292784758,86,0.3435114503816794,1.0,45,86,2872,0,hub,n237p78,glasso,41,237,78,127.26259511709213
