aupr,auroc,f1,f1_opt,mcc,shd,precision,recall,tp,fp,tn,fn,topology,config,method,rep,n,p,wall_seconds
0.9602782731694288,0.9942963979741561,0.42857142857142855,0.9134948096885813,0.48334302383580974,392,0.2732342007434944,0.9932432432432432,147,391,2464,1,random,n237p78,glasso,39,237,78,71.23269194597378
