aupr,auroc,f1,f1_opt,mcc,shd,precision,recall,tp,fp,tn,fn,topology,config,method,rep,n,p,wall_seconds
0.9796086863967715,0.9967769771618075,0.4269190325972661,0.9402859545836837,0.48560325667906507,1635,0.27163247100802856,0.9967266775777414,609,1633,11122,2,random,n513p164,glasso,4,513,164,111.4277061028406
