aupr,auroc,f1,f1_opt,mcc,shd,precision,recall,tp,fp,tn,fn,topology,config,method,rep,n,p,wall_seconds
0.791263332183005,0.940087470535461,0.48988195615514335,0.7336601307189542,0.48889927595884636,2420,0.33237986270022885,0.9310897435897436,1162,2334,9784,86,scale-free,n513p164,glasso,22,513,164,171.978492540773
