aupr,auroc,f1,f1_opt,mcc,shd,precision,recall,tp,fp,tn,fn,topology,config,method,rep,n,p,wall_seconds
0.9690334180234416,0.9994666065659981,0.3643724696356275,0.9438202247191012,0.45929111255273547,157,0.22277227722772278,1.0,45,157,2801,0,hub,n237p78,glasso,21,237,78,142.36372473509982
