aupr,auroc,f1,f1_opt,mcc,shd,precision,recall,tp,fp,tn,fn,topology,config,method,rep,n,p,wall_seconds
0.9731634282581503,0.9957279277685545,0.40455341506129605,0.9281524926686217,0.4601138581422538,2040,0.25384615384615383,0.9956896551724138,693,2037,10633,3,random,n513p164,glasso,42,513,164,117.21773206721991
