aupr,auroc,f1,f1_opt,mcc,shd,precision,recall,tp,fp,tn,fn,topology,config,method,rep,n,p,wall_seconds
0.5190156496902337,0.8012437260112194,0.4883720930232558,0.5529411764705882,0.45106186400729054,132,0.3888888888888889,0.65625,63,99,1030,33,scale-free,n100p50,glasso,1,100,50,65.97453160677105
