aupr,auroc,f1,f1_opt,mcc,shd,precision,recall,tp,fp,tn,fn,topology,config,method,rep,n,p,wall_seconds
0.7982252243316817,0.9428415717665183,0.4957627118644068,0.7374631268436579,0.49599613106652063,2380,0.3369815668202765,0.9375,1170,2302,9816,78,scale-free,n513p164,glasso,46,513,164,41.85862915497273
