aupr,auroc,f1,f1_opt,mcc,shd,precision,recall,tp,fp,tn,fn,topology,config,method,rep,n,p,wall_seconds
0.6441176328121322,0.8723704605845881,0.5135135135135135,0.6739130434782609,0.49577533924780104,144,0.38,0.7916666666666666,76,124,1005,20,scale-free,n100p50,glasso,11,100,50,63.90176807669923
