aupr,auroc,f1,f1_opt,mcc,shd,precision,recall,tp,fp,tn,fn,topology,config,method,rep,n,p,wall_seconds
0.9143668540241123,0.9976348547717842,0.5555555555555556,0.85,0.6118835935681562,32,0.38461538461538464,1.0,20,32,1173,0,hub,n100p50,glasso,9,100,50,76.88855805480853
