aupr,auroc,f1,f1_opt,mcc,shd,precision,recall,tp,fp,tn,fn,topology,config,method,rep,n,p,wall_seconds
0.9891909373270238,0.9997926203570002,0.5365853658536585,0.9662921348314608,0.5977031626417667,76,0.36666666666666664,1.0,44,76,2883,0,hub,n237p78,glasso,22,237,78,129.3755469280295
