aupr,auroc,f1,f1_opt,mcc,shd,precision,recall,tp,fp,tn,fn,topology,config,method,rep,n,p,wall_seconds
0.9446105322317286,0.9920553588591426,0.4125452352231604,0.8795180722891567,0.46230802574765273,487,0.2602739726027397,0.9941860465116279,171,486,2345,1,random,n237p78,glasso,36,237,78,71.83933898294345
