aupr,auroc,f1,f1_opt,mcc,shd,precision,recall,tp,fp,tn,fn,topology,config,method,rep,n,p,wall_seconds
0.9915465179294868,0.9998572609120276,0.4918032786885246,0.9545454545454545,0.5619917523362568,93,0.32608695652173914,1.0,45,93,2865,0,hub,n237p78,glasso,24,237,78,146.23455782979727
