aupr,auroc,f1,f1_opt,mcc,shd,precision,recall,tp,fp,tn,fn,topology,config,method,rep,n,p,wall_seconds
0.6188316534365466,0.8573036610569827,0.4868421052631579,0.6390532544378699,0.46680349422914924,156,0.3557692307692308,0.7708333333333334,74,134,995,22,scale-free,n100p50,glasso,14,100,50,70.7804373218678
