aupr,auroc,f1,f1_opt,mcc,shd,precision,recall,tp,fp,tn,fn,topology,config,method,rep,n,p,wall_seconds
0.8999634155594354,0.9879153556445461,0.4678471575023299,0.8367729831144466,0.5362685384899449,571,0.3072215422276622,0.98046875,251,566,12544,5,hub,n513p164,glasso,47,513,164,35.37422041594982
