aupr,auroc,f1,f1_opt,mcc,shd,precision,recall,tp,fp,tn,fn,topology,config,method,rep,n,p,wall_seconds
0.9696016077558189,0.9954476972685237,0.4362438220757826,0.9123076923076924,0.4901703113059018,1711,0.27932489451476794,0.9954887218045113,662,1708,10993,3,random,n513p164,glasso,27,513,164,137.1804272700101
