aupr,auroc,f1,f1_opt,mcc,shd,precision,recall,tp,fp,tn,fn,topology,config,method,rep,n,p,wall_seconds
0.82453736417872,0.9507956148626295,0.42138794084186576,0.7776639344262296,0.44319800715677804,2543,0.2715542521994135,0.9401015228426396,926,2484,9897,59,cluster,n513p164,glasso,27,513,164,88.83713997201994
