aupr,auroc,f1,f1_opt,mcc,shd,precision,recall,tp,fp,tn,fn,topology,config,method,rep,n,p,wall_seconds
0.9792113274913968,0.9963864901781996,0.4105417276720352,0.9291338582677166,0.46496402334844983,2013,0.2585761711545555,0.9957386363636364,701,2010,10652,3,random,n513p164,glasso,44,513,164,45.59083794988692
