aupr,auroc,f1,f1_opt,mcc,shd,precision,recall,tp,fp,tn,fn,topology,config,method,rep,n,p,wall_seconds
0.8700215940202202,0.9680400564154952,0.4276315789473685,0.8138297872340426,0.46070287423791956,522,0.2746478873239437,0.9653465346534653,195,515,2286,7,cluster,n237p78,glasso,15,237,78,48.830736556090415
