aupr,auroc,f1,f1_opt,mcc,shd,precision,recall,tp,fp,tn,fn,topology,config,method,rep,n,p,wall_seconds
0.8322195134403969,0.9906723404255319,0.4219409282700422,0.735042735042735,0.4860085866957686,137,0.26737967914438504,1.0,50,137,1038,0,random,n100p50,glasso,37,100,50,86.85147420410067
