aupr,auroc,f1,f1_opt,mcc,shd,precision,recall,tp,fp,tn,fn,topology,config,method,rep,n,p,wall_seconds
0.8807288516787671,0.9797335073239396,0.5257510729613734,0.8127659574468086,0.5796197168241519,442,0.3613569321533923,0.9645669291338582,245,433,12679,9,hub,n513p164,glasso,3,513,164,81.39574465015903
