aupr,auroc,f1,f1_opt,mcc,shd,precision,recall,tp,fp,tn,fn,topology,config,method,rep,n,p,wall_seconds
0.7910917505609987,0.9444283324023174,0.491762252346194,0.7263427109974424,0.49375798575303537,2437,0.3323935720327037,0.9447115384615384,1179,2368,9750,69,scale-free,n513p164,glasso,1,513,164,151.8488888158463
