aupr,auroc,f1,f1_opt,mcc,shd,precision,recall,tp,fp,tn,fn,topology,config,method,rep,n,p,wall_seconds
0.7950445470251795,0.9372934534090797,0.5280464216634428,0.7398119122257053,0.5196252108312172,488,0.3699186991869919,0.9222972972972973,273,465,2242,23,scale-free,n237p78,glasso,32,237,78,110.07058308226988
