aupr,auroc,f1,f1_opt,mcc,shd,precision,recall,tp,fp,tn,fn,topology,config,method,rep,n,p,wall_seconds
0.7992070592182083,0.9388491796479914,0.5334878331402086,0.739279588336192,0.5287553526201849,2013,0.3752852950766221,0.9222756410256411,1151,1916,10202,97,scale-free,n513p164,glasso,44,513,164,182.08860260387883
