aupr,auroc,f1,f1_opt,mcc,shd,precision,recall,tp,fp,tn,fn,topology,config,method,rep,n,p,wall_seconds
0.9601284432703162,0.9865039169702111,0.44408427876823336,0.9275362318840579,0.4959110503307565,343,0.28721174004192873,0.9785714285714285,137,340,2523,3,random,n237p78,glasso,1,237,78,44.87062528496608
