aupr,auroc,f1,f1_opt,mcc,shd,precision,recall,tp,fp,tn,fn,topology,config,method,rep,n,p,wall_seconds
0.9813994541133041,0.9980288173780402,0.4500823723228995,0.9356032568467801,0.5017980590709697,1669,0.2905146746065504,0.9985380116959064,683,1668,11014,1,random,n513p164,glasso,40,513,164,44.17437516199425
