aupr,auroc,f1,f1_opt,mcc,shd,precision,recall,tp,fp,tn,fn,topology,config,method,rep,n,p,wall_seconds
0.8696117802149006,0.9750714898967707,0.4011571841851495,0.8082191780821917,0.43615645477653975,621,0.25212121212121213,0.9811320754716981,208,617,2174,4,cluster,n237p78,glasso,22,237,78,67.4870151989162
