aupr,auroc,f1,f1_opt,mcc,shd,precision,recall,tp,fp,tn,fn,topology,config,method,rep,n,p,wall_seconds
0.7407579943928753,0.9212904039762846,0.5124004550625711,0.6924315619967792,0.5043515083818796,2143,0.3578010803940261,0.9022435897435898,1126,2021,10097,122,scale-free,n513p164,glasso,15,513,164,38.20531174726784
