aupr,auroc,f1,f1_opt,mcc,shd,precision,recall,tp,fp,tn,fn,topology,config,method,rep,n,p,wall_seconds
0.6880640829767583,0.9016788306592519,0.5004812319538017,0.6455223880597014,0.48351467865931014,519,0.34993270524899056,0.8783783783783784,260,483,2224,36,scale-free,n237p78,glasso,1,237,78,107.65402594208717
