aupr,auroc,f1,f1_opt,mcc,shd,precision,recall,tp,fp,tn,fn,topology,config,method,rep,n,p,wall_seconds
0.6175588625323867,0.8629687038677296,0.5319148936170212,0.5904761904761905,0.5114419886336609,132,0.4032258064516129,0.78125,75,111,1018,21,scale-free,n100p50,glasso,10,100,50,64.78277345374227
