aupr,auroc,f1,f1_opt,mcc,shd,precision,recall,tp,fp,tn,fn,topology,config,method,rep,n,p,wall_seconds
0.6599182236476417,0.8616830700164032,0.48627450980392156,0.6621621621621622,0.4751714387674848,131,0.3563218390804598,0.7654320987654321,62,112,1032,19,cluster,n100p50,glasso,34,100,50,65.7030100398697
