aupr,auroc,f1,f1_opt,mcc,shd,precision,recall,tp,fp,tn,fn,topology,config,method,rep,n,p,wall_seconds
0.7597540582378751,0.9264082608652244,0.503731343283582,0.7169179229480737,0.4938333160289168,532,0.3479381443298969,0.9121621621621622,270,506,2201,26,scale-free,n237p78,glasso,9,237,78,109.41859692474827
