aupr,auroc,f1,f1_opt,mcc,shd,precision,recall,tp,fp,tn,fn,topology,config,method,rep,n,p,wall_seconds
0.9187648664673129,0.9704044207540712,0.48484848484848486,0.8848920863309352,0.5244454100888063,289,0.3253588516746411,0.951048951048951,136,282,2578,7,random,n237p78,glasso,49,237,78,68.92029648507014
