aupr,auroc,f1,f1_opt,mcc,shd,precision,recall,tp,fp,tn,fn,topology,config,method,rep,n,p,wall_seconds
0.951056804393722,0.9904043895273482,0.44536652835408014,0.8888888888888888,0.49283573676758274,401,0.2875,0.9877300613496932,161,399,2441,2,random,n237p78,glasso,43,237,78,71.2435994069092
