aupr,auroc,f1,f1_opt,mcc,shd,precision,recall,tp,fp,tn,fn,topology,config,method,rep,n,p,wall_seconds
0.6737200650313346,0.8974110569825804,0.5046153846153846,0.6428571428571429,0.49905856796295206,161,0.35807860262008734,0.8541666666666666,82,147,982,14,scale-free,n100p50,glasso,19,100,50,70.43654829170555
