aupr,auroc,f1,f1_opt,mcc,shd,precision,recall,tp,fp,tn,fn,topology,config,method,rep,n,p,wall_seconds
0.9957433960324802,0.9999323867478026,0.5769230769230769,0.967741935483871,0.629571162532486,66,0.40540540540540543,1.0,45,66,2892,0,hub,n237p78,glasso,34,237,78,127.41506735002622
