aupr,auroc,f1,f1_opt,mcc,shd,precision,recall,tp,fp,tn,fn,topology,config,method,rep,n,p,wall_seconds
0.9014119842158288,0.9945780155246098,0.49789029535864976,0.8547008547008546,0.5455569218011314,119,0.33146067415730335,1.0,59,119,1047,0,random,n100p50,glasso,4,100,50,23.35695175593719
