aupr,auroc,f1,f1_opt,mcc,shd,precision,recall,tp,fp,tn,fn,topology,config,method,rep,n,p,wall_seconds
0.8522515238059858,0.9767457451372997,0.4593837535014005,0.7827868852459017,0.5255647676191814,579,0.301840490797546,0.9609375,246,569,12541,10,hub,n513p164,glasso,9,513,164,89.73052720865235
