aupr,auroc,f1,f1_opt,mcc,shd,precision,recall,tp,fp,tn,fn,topology,config,method,rep,n,p,wall_seconds
0.9850247950115383,0.9996544211554353,0.5769230769230769,0.9772727272727273,0.629571162532486,66,0.40540540540540543,1.0,45,66,2892,0,hub,n237p78,glasso,13,237,78,124.35535083711147
