aupr,auroc,f1,f1_opt,mcc,shd,precision,recall,tp,fp,tn,fn,topology,config,method,rep,n,p,wall_seconds
0.9680333449685491,0.9940278253215316,0.4610389610389611,0.9259259259259259,0.512855281721336,332,0.30021141649048627,0.993006993006993,142,331,2529,1,random,n237p78,glasso,40,237,78,71.4818781837821
