aupr,auroc,f1,f1_opt,mcc,shd,precision,recall,tp,fp,tn,fn,topology,config,method,rep,n,p,wall_seconds
0.8013148915688507,0.9211521260492639,0.43675417661097854,0.7792207792207791,0.44891393258863765,472,0.2904761904761905,0.8798076923076923,183,447,2348,25,cluster,n237p78,glasso,33,237,78,65.64104178361595
