aupr,auroc,f1,f1_opt,mcc,shd,precision,recall,tp,fp,tn,fn,topology,config,method,rep,n,p,wall_seconds
0.787565290408265,0.9350328738558026,0.4876295199830831,0.7304138208115709,0.48512696439222425,2423,0.33122665900603276,0.9238782051282052,1153,2328,9790,95,scale-free,n513p164,glasso,16,513,164,160.6343702771701
