aupr,auroc,f1,f1_opt,mcc,shd,precision,recall,tp,fp,tn,fn,topology,config,method,rep,n,p,wall_seconds
0.8679472353406675,0.9600470809792844,0.3999999999999999,0.8444444444444444,0.4568327171356839,126,0.2545454545454545,0.9333333333333333,42,123,1057,3,random,n100p50,glasso,49,100,50,86.10680788336322
