aupr,auroc,f1,f1_opt,mcc,shd,precision,recall,tp,fp,tn,fn,topology,config,method,rep,n,p,wall_seconds
0.39613531850088435,0.7036057791110187,0.5342639593908629,0.5347798340778558,0.5311683963741224,734,0.7411971830985915,0.4176587301587302,421,147,12211,587,cluster,n513p164,glasso,2,513,164,107.9445243505761
