aupr,auroc,f1,f1_opt,mcc,shd,precision,recall,tp,fp,tn,fn,topology,config,method,rep,n,p,wall_seconds
0.9502861130957108,0.999253112033195,0.45454545454545453,0.9268292682926829,0.5314148637208517,48,0.29411764705882354,1.0,20,48,1157,0,hub,n100p50,glasso,47,100,50,75.48823546012864
