aupr,auroc,f1,f1_opt,mcc,shd,precision,recall,tp,fp,tn,fn,topology,config,method,rep,n,p,wall_seconds
0.9508306714407564,0.9957422528660679,0.41418439716312055,0.8975265017667845,0.4726786696526609,413,0.26118067978533094,1.0,146,413,2444,0,random,n237p78,glasso,3,237,78,48.155698497314006
