aupr,auroc,f1,f1_opt,mcc,shd,precision,recall,tp,fp,tn,fn,topology,config,method,rep,n,p,wall_seconds
0.9009643056808834,0.9820964584445632,0.5172774869109947,0.8320312500000001,0.5735900314907989,461,0.35285714285714287,0.9686274509803922,247,453,12658,8,hub,n513p164,glasso,8,513,164,75.10685122013092
