aupr,auroc,f1,f1_opt,mcc,shd,precision,recall,tp,fp,tn,fn,topology,config,method,rep,n,p,wall_seconds
0.8443374372120188,0.9580547221807807,0.4225352112676056,0.787136294027565,0.446277410030671,2583,0.27155172413793105,0.9516616314199395,945,2535,9838,48,cluster,n513p164,glasso,38,513,164,90.80567776970565
