aupr,auroc,f1,f1_opt,mcc,shd,precision,recall,tp,fp,tn,fn,topology,config,method,rep,n,p,wall_seconds
0.7837221578373179,0.9315064048163421,0.5200764818355642,0.734622144112478,0.5111889190794584,502,0.3626666666666667,0.918918918918919,272,478,2229,24,scale-free,n237p78,glasso,0,237,78,108.3785113398917
