aupr,auroc,f1,f1_opt,mcc,shd,precision,recall,tp,fp,tn,fn,topology,config,method,rep,n,p,wall_seconds
0.8906054986529032,0.9766309164516092,0.4211457642114577,0.8343949044585987,0.4524141062574549,2617,0.26832018038331457,0.9784172661870504,952,2596,9797,21,cluster,n513p164,glasso,39,513,164,25.60777596011758
