aupr,auroc,f1,f1_opt,mcc,shd,precision,recall,tp,fp,tn,fn,topology,config,method,rep,n,p,wall_seconds
0.8965575855637136,0.9973029045643154,0.4651162790697675,0.8421052631578948,0.5398725231523386,46,0.30303030303030304,1.0,20,46,1159,0,hub,n100p50,glasso,49,100,50,73.81165917078033
