aupr,auroc,f1,f1_opt,mcc,shd,precision,recall,tp,fp,tn,fn,topology,config,method,rep,n,p,wall_seconds
0.7774832761136238,0.9537310518221983,0.4161490683229814,0.7692307692307692,0.4539957120483069,188,0.26693227091633465,0.9436619718309859,67,184,970,4,random,n100p50,glasso,15,100,50,45.03739660093561
