aupr,auroc,f1,f1_opt,mcc,shd,precision,recall,tp,fp,tn,fn,topology,config,method,rep,n,p,wall_seconds
0.6351659151555569,0.8751522364924712,0.45533141210374634,0.6292134831460675,0.4464882317286091,189,0.3147410358565737,0.8229166666666666,79,172,957,17,scale-free,n100p50,glasso,7,100,50,62.229094283189625
