aupr,auroc,f1,f1_opt,mcc,shd,precision,recall,tp,fp,tn,fn,topology,config,method,rep,n,p,wall_seconds
0.7005250367349475,0.9025778712725124,0.5324675324675325,0.681081081081081,0.525008616936207,144,0.3867924528301887,0.8541666666666666,82,130,999,14,scale-free,n100p50,glasso,3,100,50,64.21875836001709
