aupr,auroc,f1,f1_opt,mcc,shd,precision,recall,tp,fp,tn,fn,topology,config,method,rep,n,p,wall_seconds
0.8437898901500569,0.9590033262519397,0.41025641025641024,0.7868020304568528,0.4412235344564217,552,0.2615803814713896,0.9504950495049505,192,542,2259,10,cluster,n237p78,glasso,9,237,78,46.33417037175968
