aupr,auroc,f1,f1_opt,mcc,shd,precision,recall,tp,fp,tn,fn,topology,config,method,rep,n,p,wall_seconds
0.8225621629557579,0.9567930938819685,0.46153846153846156,0.7634660421545666,0.48591050852857337,462,0.3050847457627119,0.9473684210526315,198,451,2343,11,cluster,n237p78,glasso,34,237,78,65.90700573287904
