aupr,auroc,f1,f1_opt,mcc,shd,precision,recall,tp,fp,tn,fn,topology,config,method,rep,n,p,wall_seconds
0.9955337690631809,0.9999248741642249,0.4712041884816754,0.9772727272727273,0.5456144509332712,101,0.3082191780821918,1.0,45,101,2857,0,hub,n237p78,glasso,25,237,78,148.12075992906466
