aupr,auroc,f1,f1_opt,mcc,shd,precision,recall,tp,fp,tn,fn,topology,config,method,rep,n,p,wall_seconds
0.7278477970923833,0.9143777292576418,0.4201183431952662,0.6853146853146853,0.4388053426039734,196,0.2751937984496124,0.8875,71,187,958,9,cluster,n100p50,glasso,37,100,50,64.32146032620221
