aupr,auroc,f1,f1_opt,mcc,shd,precision,recall,tp,fp,tn,fn,topology,config,method,rep,n,p,wall_seconds
0.9795284783702101,0.9995314756213709,0.48888888888888893,0.9545454545454546,0.5598842465728641,92,0.3235294117647059,1.0,44,92,2867,0,hub,n237p78,glasso,45,237,78,125.24573208997026
