aupr,auroc,f1,f1_opt,mcc,shd,precision,recall,tp,fp,tn,fn,topology,config,method,rep,n,p,wall_seconds
0.9857408636536926,0.9987669858725838,0.4402332361516035,0.9591836734693878,0.494207577198034,384,0.2822429906542056,1.0,151,384,2468,0,random,n237p78,glasso,37,237,78,67.94864324806258
