aupr,auroc,f1,f1_opt,mcc,shd,precision,recall,tp,fp,tn,fn,topology,config,method,rep,n,p,wall_seconds
0.7990447580216955,0.9396896434668877,0.48463564530289727,0.7473309608540925,0.4795930514157495,587,0.3274021352313167,0.9324324324324325,276,567,2140,20,scale-free,n237p78,glasso,13,237,78,106.59105513896793
