aupr,auroc,f1,f1_opt,mcc,shd,precision,recall,tp,fp,tn,fn,topology,config,method,rep,n,p,wall_seconds
0.8705293491504534,0.9754241685996343,0.5046535677352637,0.8232931726907631,0.5611419112178554,479,0.34269662921348315,0.9568627450980393,244,468,12643,11,hub,n513p164,glasso,35,513,164,32.93927967408672
