aupr,auroc,f1,f1_opt,mcc,shd,precision,recall,tp,fp,tn,fn,topology,config,method,rep,n,p,wall_seconds
0.9683204806026919,0.9960252679974446,0.44138834315651604,0.9164750957854406,0.4943450032444486,1706,0.2834314550042052,0.9970414201183432,674,1704,10986,2,random,n513p164,glasso,37,513,164,35.07035287702456
