aupr,auroc,f1,f1_opt,mcc,shd,precision,recall,tp,fp,tn,fn,topology,config,method,rep,n,p,wall_seconds
0.7518529208838025,0.9580193836243832,0.31884057971014496,0.7479674796747967,0.3758066916926551,235,0.1916376306620209,0.9482758620689655,55,232,935,3,random,n100p50,glasso,2,100,50,22.053589758928865
