aupr,auroc,f1,f1_opt,mcc,shd,precision,recall,tp,fp,tn,fn,topology,config,method,rep,n,p,wall_seconds
0.8972852489827389,0.9670047659782476,0.4140625000000001,0.84,0.4637652721916115,150,0.265,0.9464285714285714,53,147,1022,3,random,n100p50,glasso,5,100,50,22.360152391251177
