aupr,auroc,f1,f1_opt,mcc,shd,precision,recall,tp,fp,tn,fn,topology,config,method,rep,n,p,wall_seconds
0.7728698903602033,0.9394874649307601,0.5230479774223895,0.7127659574468086,0.5184878213753635,507,0.3624511082138201,0.9391891891891891,278,489,2218,18,scale-free,n237p78,glasso,41,237,78,108.83521774318069
