aupr,auroc,f1,f1_opt,mcc,shd,precision,recall,tp,fp,tn,fn,topology,config,method,rep,n,p,wall_seconds
0.9836315632196031,0.9997145218240553,0.5487804878048781,0.9318181818181819,0.6071993799259517,74,0.37815126050420167,1.0,45,74,2884,0,hub,n237p78,glasso,31,237,78,144.92753110313788
