aupr,auroc,f1,f1_opt,mcc,shd,precision,recall,tp,fp,tn,fn,topology,config,method,rep,n,p,wall_seconds
0.6742038022704618,0.8880517477211235,0.4837476099426386,0.6407766990291263,0.46215374491481476,540,0.3373333333333333,0.8547297297297297,253,497,2210,43,scale-free,n237p78,glasso,24,237,78,108.53467154316604
