aupr,auroc,f1,f1_opt,mcc,shd,precision,recall,tp,fp,tn,fn,topology,config,method,rep,n,p,wall_seconds
0.9899958555304469,0.9998272105777176,0.42857142857142855,0.9555555555555556,0.5115303373252233,120,0.2727272727272727,1.0,45,120,2838,0,hub,n237p78,glasso,29,237,78,144.8126365551725
