aupr,auroc,f1,f1_opt,mcc,shd,precision,recall,tp,fp,tn,fn,topology,config,method,rep,n,p,wall_seconds
0.7564797450144722,0.9254011122315519,0.5264187866927593,0.6987577639751552,0.515168972590633,484,0.37052341597796146,0.9087837837837838,269,457,2250,27,scale-free,n237p78,glasso,44,237,78,107.74996912712231
