aupr,auroc,f1,f1_opt,mcc,shd,precision,recall,tp,fp,tn,fn,topology,config,method,rep,n,p,wall_seconds
0.9738989376600241,0.9882292850778825,0.48044692737430167,0.9662921348314608,0.5486768684259513,93,0.31851851851851853,0.9772727272727273,43,92,2867,1,hub,n237p78,glasso,8,237,78,141.8786558173597
