aupr,auroc,f1,f1_opt,mcc,shd,precision,recall,tp,fp,tn,fn,topology,config,method,rep,n,p,wall_seconds
0.9342698878725417,0.9876869875036022,0.4080996884735203,0.8685258964143426,0.4678843729509844,380,0.25736738703339884,0.9849624060150376,131,378,2492,2,random,n237p78,glasso,24,237,78,70.54444947093725
