aupr,auroc,f1,f1_opt,mcc,shd,precision,recall,tp,fp,tn,fn,topology,config,method,rep,n,p,wall_seconds
0.9897022712778568,0.9998497483284501,0.5263157894736842,0.9574468085106383,0.5893751633419075,81,0.35714285714285715,1.0,45,81,2877,0,hub,n237p78,glasso,27,237,78,145.9900411698036
