aupr,auroc,f1,f1_opt,mcc,shd,precision,recall,tp,fp,tn,fn,topology,config,method,rep,n,p,wall_seconds
0.7606255063492281,0.9328162227413342,0.5040437158469946,0.7042720862712567,0.5009583786112579,2269,0.3465584610760445,0.9238782051282052,1153,2174,9944,95,scale-free,n513p164,glasso,25,513,164,149.55594171909615
