aupr,auroc,f1,f1_opt,mcc,shd,precision,recall,tp,fp,tn,fn,topology,config,method,rep,n,p,wall_seconds
0.7923951507268878,0.9386300781757005,0.4825783972125436,0.7330960854092526,0.4783299918941432,594,0.32511737089201875,0.9358108108108109,277,575,2132,19,scale-free,n237p78,glasso,40,237,78,110.07847522292286
