aupr,auroc,f1,f1_opt,mcc,shd,precision,recall,tp,fp,tn,fn,topology,config,method,rep,n,p,wall_seconds
0.9733729516527505,0.9995435684647304,0.4651162790697675,0.9230769230769231,0.5398725231523386,46,0.30303030303030304,1.0,20,46,1159,0,hub,n100p50,glasso,2,100,50,79.64809328969568
