aupr,auroc,f1,f1_opt,mcc,shd,precision,recall,tp,fp,tn,fn,topology,config,method,rep,n,p,wall_seconds
0.7937314102875773,0.9483392793435604,0.4560975609756098,0.7473684210526317,0.4807886354492126,446,0.3016129032258065,0.935,187,433,2370,13,cluster,n237p78,glasso,42,237,78,60.272150196135044
