aupr,auroc,f1,f1_opt,mcc,shd,precision,recall,tp,fp,tn,fn,topology,config,method,rep,n,p,wall_seconds
0.8551198897537777,0.9543050405985463,0.44713656387665196,0.7990314769975786,0.46896321318485984,502,0.29335260115606937,0.9398148148148148,203,489,2298,13,cluster,n237p78,glasso,41,237,78,62.440273134969175
