aupr,auroc,f1,f1_opt,mcc,shd,precision,recall,tp,fp,tn,fn,topology,config,method,rep,n,p,wall_seconds
0.7921895221813311,0.9401015547966364,0.5190156599552573,0.743142144638404,0.516516584958719,2150,0.3600248292985723,0.9294871794871795,1160,2062,10056,88,scale-free,n513p164,glasso,43,513,164,162.22577421087772
