aupr,auroc,f1,f1_opt,mcc,shd,precision,recall,tp,fp,tn,fn,topology,config,method,rep,n,p,wall_seconds
0.9736139115200019,0.9956041806762912,0.42737789203084836,0.9353612167300379,0.4822004419170127,1782,0.2720949263502455,0.9955089820359282,665,1779,10919,3,random,n513p164,glasso,13,513,164,31.521777214948088
