aupr,auroc,f1,f1_opt,mcc,shd,precision,recall,tp,fp,tn,fn,topology,config,method,rep,n,p,wall_seconds
0.9784349317686653,0.9960398814649015,0.4223478550049883,0.943426294820717,0.4796182049057626,1737,0.2680455888560574,0.9952978056426333,635,1734,10994,3,random,n513p164,glasso,5,513,164,131.67027086112648
