aupr,auroc,f1,f1_opt,mcc,shd,precision,recall,tp,fp,tn,fn,topology,config,method,rep,n,p,wall_seconds
0.6505041464902895,0.8818786312324651,0.42483660130718953,0.6410256410256411,0.43076935129703603,176,0.28634361233480177,0.8227848101265823,65,162,984,14,cluster,n100p50,glasso,45,100,50,65.82075143931434
