aupr,auroc,f1,f1_opt,mcc,shd,precision,recall,tp,fp,tn,fn,topology,config,method,rep,n,p,wall_seconds
0.7885567125544458,0.9601412967231184,0.4752475247524752,0.7722772277227723,0.5185643422423266,106,0.31788079470198677,0.9411764705882353,48,103,1071,3,random,n100p50,glasso,3,100,50,24.695316046942025
