aupr,auroc,f1,f1_opt,mcc,shd,precision,recall,tp,fp,tn,fn,topology,config,method,rep,n,p,wall_seconds
0.7417468606220572,0.9535058948674763,0.3873239436619718,0.703125,0.438984741459194,174,0.24336283185840707,0.9482758620689655,55,171,996,3,random,n100p50,glasso,48,100,50,85.81074066879228
