aupr,auroc,f1,f1_opt,mcc,shd,precision,recall,tp,fp,tn,fn,topology,config,method,rep,n,p,wall_seconds
0.8706611735603333,0.9483817427385891,0.5806451612903225,0.8648648648648648,0.6129359998483837,26,0.42857142857142855,0.9,18,24,1181,2,hub,n100p50,glasso,3,100,50,76.92791746603325
