aupr,auroc,f1,f1_opt,mcc,shd,precision,recall,tp,fp,tn,fn,topology,config,method,rep,n,p,wall_seconds
0.6177324044136352,0.883073147328019,0.45,0.6309523809523809,0.4455398151734906,198,0.3068181818181818,0.84375,81,183,946,15,scale-free,n100p50,glasso,37,100,50,87.31658630864695
