aupr,auroc,f1,f1_opt,mcc,shd,precision,recall,tp,fp,tn,fn,topology,config,method,rep,n,p,wall_seconds
0.5144876932508238,0.8279094950416049,0.5057471264367817,0.5901639344262295,0.47705002605713825,129,0.39285714285714285,0.7096774193548387,66,102,1030,27,cluster,n100p50,glasso,4,100,50,39.15069661801681
