aupr,auroc,f1,f1_opt,mcc,shd,precision,recall,tp,fp,tn,fn,topology,config,method,rep,n,p,wall_seconds
0.8117167088117138,0.9484440393935883,0.4348026771290099,0.7659126775381379,0.4544264508558927,2449,0.2828828828828829,0.9391824526420738,942,2388,9975,61,cluster,n513p164,glasso,33,513,164,101.38947697682306
