aupr,auroc,f1,f1_opt,mcc,shd,precision,recall,tp,fp,tn,fn,topology,config,method,rep,n,p,wall_seconds
0.6757873000109071,0.9000129170357247,0.4939759036144578,0.6775956284153006,0.48911318224130274,168,0.3474576271186441,0.8541666666666666,82,154,975,14,scale-free,n100p50,glasso,49,100,50,64.67643599119037
