aupr,auroc,f1,f1_opt,mcc,shd,precision,recall,tp,fp,tn,fn,topology,config,method,rep,n,p,wall_seconds
0.7987899271775305,0.9361927036012739,0.5219885277246653,0.7461139896373057,0.5137697177197028,500,0.364,0.9222972972972973,273,477,2230,23,scale-free,n237p78,glasso,17,237,78,105.73081209510565
