aupr,auroc,f1,f1_opt,mcc,shd,precision,recall,tp,fp,tn,fn,topology,config,method,rep,n,p,wall_seconds
0.9491696618229417,0.988690457342495,0.406885758998435,0.8979591836734695,0.4670881033555621,379,0.2564102564102564,0.9848484848484849,130,377,2494,2,random,n237p78,glasso,4,237,78,47.16618639789522
