aupr,auroc,f1,f1_opt,mcc,shd,precision,recall,tp,fp,tn,fn,topology,config,method,rep,n,p,wall_seconds
0.9131253143055119,0.9882554764969489,0.554083885209713,0.8438818565400844,0.6053806339723848,404,0.3861538461538462,0.98046875,251,399,12711,5,hub,n513p164,glasso,23,513,164,80.52102632587776
