aupr,auroc,f1,f1_opt,mcc,shd,precision,recall,tp,fp,tn,fn,topology,config,method,rep,n,p,wall_seconds
0.8760809688780972,0.9706735334940464,0.41824249165739713,0.8375634517766498,0.45388408823204984,523,0.26704545454545453,0.9641025641025641,188,516,2292,7,cluster,n237p78,glasso,11,237,78,47.541511713992804
