aupr,auroc,f1,f1_opt,mcc,shd,precision,recall,tp,fp,tn,fn,topology,config,method,rep,n,p,wall_seconds
0.742288658646205,0.9287183378428299,0.5170454545454546,0.685064935064935,0.5089822302126573,510,0.3592105263157895,0.9222972972972973,273,487,2220,23,scale-free,n237p78,glasso,29,237,78,108.00941303232685
