aupr,auroc,f1,f1_opt,mcc,shd,precision,recall,tp,fp,tn,fn,topology,config,method,rep,n,p,wall_seconds
0.8532725838127864,0.9716881258941346,0.41428571428571426,0.7777777777777778,0.4653400199496348,164,0.2636363636363636,0.9666666666666667,58,162,1003,2,random,n100p50,glasso,31,100,50,84.22519372403622
