aupr,auroc,f1,f1_opt,mcc,shd,precision,recall,tp,fp,tn,fn,topology,config,method,rep,n,p,wall_seconds
0.629019633258222,0.8749667540560052,0.44508670520231214,0.6097560975609756,0.4399979365932915,192,0.30434782608695654,0.8279569892473119,77,176,956,16,cluster,n100p50,glasso,14,100,50,43.253897338639945
