aupr,auroc,f1,f1_opt,mcc,shd,precision,recall,tp,fp,tn,fn,topology,config,method,rep,n,p,wall_seconds
0.8743617629132828,0.9835592325558095,0.5150571131879542,0.8181818181818182,0.5725895433918106,467,0.3502824858757062,0.9725490196078431,248,460,12651,7,hub,n513p164,glasso,29,513,164,40.33421103656292
