aupr,auroc,f1,f1_opt,mcc,shd,precision,recall,tp,fp,tn,fn,topology,config,method,rep,n,p,wall_seconds
0.559573163432043,0.8696947888987305,0.5167785234899329,0.5915492957746479,0.5006993541405598,144,0.3811881188118812,0.8020833333333334,77,125,1004,19,scale-free,n100p50,glasso,8,100,50,64.86445028102025
