aupr,auroc,f1,f1_opt,mcc,shd,precision,recall,tp,fp,tn,fn,topology,config,method,rep,n,p,wall_seconds
0.7857956332743532,0.941167294002536,0.5228136882129277,0.7495854063018242,0.5160353129852744,502,0.3637566137566138,0.9290540540540541,275,481,2226,21,scale-free,n237p78,glasso,14,237,78,110.11287856288254
