aupr,auroc,f1,f1_opt,mcc,shd,precision,recall,tp,fp,tn,fn,topology,config,method,rep,n,p,wall_seconds
0.7871652567721326,0.941749264918842,0.4360254083484573,0.7296315516346654,0.4523252163874667,2486,0.28448786264061576,0.933009708737864,961,2417,9919,69,cluster,n513p164,glasso,37,513,164,84.27982798684388
