aupr,auroc,f1,f1_opt,mcc,shd,precision,recall,tp,fp,tn,fn,topology,config,method,rep,n,p,wall_seconds
0.9458732003255873,0.9985743659711847,0.5110663983903421,0.889795918367347,0.5749094146481134,486,0.34324324324324323,1.0,254,486,12626,0,hub,n513p164,glasso,22,513,164,66.95552035607398
