aupr,auroc,f1,f1_opt,mcc,shd,precision,recall,tp,fp,tn,fn,topology,config,method,rep,n,p,wall_seconds
0.9844827586206897,0.9996265560165976,0.4347826086956522,0.9743589743589743,0.5155489180984795,52,0.2777777777777778,1.0,20,52,1153,0,hub,n100p50,glasso,30,100,50,95.18168698996305
