aupr,auroc,f1,f1_opt,mcc,shd,precision,recall,tp,fp,tn,fn,topology,config,method,rep,n,p,wall_seconds
0.9766149846338343,0.999586807903238,0.4736842105263158,0.9156626506024096,0.547588454989995,100,0.3103448275862069,1.0,45,100,2858,0,hub,n237p78,glasso,18,237,78,141.29313510470092
