aupr,auroc,f1,f1_opt,mcc,shd,precision,recall,tp,fp,tn,fn,topology,config,method,rep,n,p,wall_seconds
0.8292707346175097,0.9956846473029045,0.3508771929824561,0.7804878048780488,0.4468778717493222,74,0.2127659574468085,1.0,20,74,1131,0,hub,n100p50,glasso,38,100,50,93.9385560490191
