aupr,auroc,f1,f1_opt,mcc,shd,precision,recall,tp,fp,tn,fn,topology,config,method,rep,n,p,wall_seconds
0.9672456000867377,0.9966639838564814,0.4283076923076923,0.9079409697821503,0.4818612750670194,1858,0.27262044653349,0.9985652797704447,696,1857,10812,1,random,n513p164,glasso,23,513,164,137.13852309482172
