aupr,auroc,f1,f1_opt,mcc,shd,precision,recall,tp,fp,tn,fn,topology,config,method,rep,n,p,wall_seconds
0.9205024439840038,0.9898884474401042,0.5387931034482758,0.8701030927835052,0.5939564461902846,428,0.37091988130563797,0.984251968503937,250,424,12688,4,hub,n513p164,glasso,16,513,164,69.0958131691441
