aupr,auroc,f1,f1_opt,mcc,shd,precision,recall,tp,fp,tn,fn,topology,config,method,rep,n,p,wall_seconds
0.7495556343325498,0.9239587572920905,0.39336492890995267,0.6913580246913581,0.40947174277022697,256,0.25075528700906347,0.9120879120879121,83,248,886,8,cluster,n100p50,glasso,31,100,50,68.18511135363951
