aupr,auroc,f1,f1_opt,mcc,shd,precision,recall,tp,fp,tn,fn,topology,config,method,rep,n,p,wall_seconds
0.9233369059398243,0.9769949896126117,0.4285714285714285,0.8785046728971961,0.48017271502815956,144,0.2755102040816326,0.9642857142857143,54,142,1027,2,random,n100p50,glasso,39,100,50,87.63897330313921
