aupr,auroc,f1,f1_opt,mcc,shd,precision,recall,tp,fp,tn,fn,topology,config,method,rep,n,p,wall_seconds
0.8068809356335884,0.9475424088344949,0.5008517887563884,0.746987951807229,0.5019602635975093,2344,0.34106728538283065,0.9423076923076923,1176,2272,9846,72,scale-free,n513p164,glasso,4,513,164,35.83196822786704
