aupr,auroc,f1,f1_opt,mcc,shd,precision,recall,tp,fp,tn,fn,topology,config,method,rep,n,p,wall_seconds
0.9312907030315779,0.9792716615453206,0.4297520661157025,0.878688524590164,0.475504200700443,414,0.2761061946902655,0.968944099378882,156,409,2433,5,random,n237p78,glasso,0,237,78,46.22713426593691
