aupr,auroc,f1,f1_opt,mcc,shd,precision,recall,tp,fp,tn,fn,topology,config,method,rep,n,p,wall_seconds
0.9725442802850418,0.9995642701525054,0.6293706293706294,0.924731182795699,0.6715327576274982,53,0.45918367346938777,1.0,45,53,2905,0,hub,n237p78,glasso,20,237,78,126.1397370849736
