aupr,auroc,f1,f1_opt,mcc,shd,precision,recall,tp,fp,tn,fn,topology,config,method,rep,n,p,wall_seconds
0.730349937475122,0.9205719778899305,0.4219409282700422,0.7027027027027027,0.45565040955356834,137,0.2777777777777778,0.8771929824561403,50,130,1038,7,random,n100p50,glasso,25,100,50,84.55908130807802
