aupr,auroc,f1,f1_opt,mcc,shd,precision,recall,tp,fp,tn,fn,topology,config,method,rep,n,p,wall_seconds
0.9296807056155798,0.9735892116182573,0.42696629213483145,0.9,0.4993820936936974,51,0.2753623188405797,0.95,19,50,1155,1,hub,n100p50,glasso,46,100,50,74.39341155299917
