aupr,auroc,f1,f1_opt,mcc,shd,precision,recall,tp,fp,tn,fn,topology,config,method,rep,n,p,wall_seconds
0.7588225008924789,0.9257305883645005,0.4931506849315069,0.7120418848167538,0.4834751818079909,555,0.3379224030037547,0.9121621621621622,270,529,2178,26,scale-free,n237p78,glasso,16,237,78,107.42507950589061
