aupr,auroc,f1,f1_opt,mcc,shd,precision,recall,tp,fp,tn,fn,topology,config,method,rep,n,p,wall_seconds
0.8113152594603131,0.9495989767008596,0.42745638200183655,0.7484472049689441,0.44922685962471015,2494,0.2764251781472684,0.9423076923076923,931,2437,9941,57,cluster,n513p164,glasso,13,513,164,93.11226632725447
