aupr,auroc,f1,f1_opt,mcc,shd,precision,recall,tp,fp,tn,fn,topology,config,method,rep,n,p,wall_seconds
0.8469493292815745,0.9568080631163774,0.40376614845631703,0.7941495124593716,0.4294929848668273,2723,0.25639599555061177,0.9495365602471678,922,2674,9721,49,cluster,n513p164,glasso,22,513,164,102.80170145630836
