aupr,auroc,f1,f1_opt,mcc,shd,precision,recall,tp,fp,tn,fn,topology,config,method,rep,n,p,wall_seconds
0.6448979591836737,0.8468879668049792,0.5714285714285714,0.7096774193548387,0.5731250598366131,21,0.4827586206896552,0.7,14,15,1190,6,hub,n100p50,glasso,22,100,50,77.19473654218018
