aupr,auroc,f1,f1_opt,mcc,shd,precision,recall,tp,fp,tn,fn,topology,config,method,rep,n,p,wall_seconds
0.8924056122166449,0.972916864704844,0.38397017707362535,0.8469387755102041,0.4188495864309195,661,0.23897911832946636,0.976303317535545,206,656,2136,5,cluster,n237p78,glasso,28,237,78,69.47167058195919
