aupr,auroc,f1,f1_opt,mcc,shd,precision,recall,tp,fp,tn,fn,topology,config,method,rep,n,p,wall_seconds
0.6199990484799252,0.8439541058588678,0.43450479233226835,0.6540880503144654,0.41625687220853513,177,0.3063063063063063,0.7472527472527473,68,154,980,23,cluster,n100p50,glasso,30,100,50,64.38099652295932
