aupr,auroc,f1,f1_opt,mcc,shd,precision,recall,tp,fp,tn,fn,topology,config,method,rep,n,p,wall_seconds
0.7621448697017903,0.9274977785321339,0.4954296160877514,0.7173144876325089,0.48644665126984205,552,0.33959899749373434,0.9155405405405406,271,527,2180,25,scale-free,n237p78,glasso,30,237,78,108.45194312511012
