aupr,auroc,f1,f1_opt,mcc,shd,precision,recall,tp,fp,tn,fn,topology,config,method,rep,n,p,wall_seconds
0.9047873109584093,0.9878530376379062,0.5399568034557235,0.8406374501992031,0.5940838724864329,426,0.37257824143070045,0.9803921568627451,250,421,12690,5,hub,n513p164,glasso,46,513,164,83.0887568788603
