aupr,auroc,f1,f1_opt,mcc,shd,precision,recall,tp,fp,tn,fn,topology,config,method,rep,n,p,wall_seconds
0.8468743224012604,0.9649819825831636,0.4038834951456311,0.7961165048543689,0.4346743604695008,614,0.2552147239263804,0.9674418604651163,208,607,2181,7,cluster,n237p78,glasso,13,237,78,44.590905473101884
