aupr,auroc,f1,f1_opt,mcc,shd,precision,recall,tp,fp,tn,fn,topology,config,method,rep,n,p,wall_seconds
0.9651448027543748,0.9937288995619148,0.4207317073170732,0.929368029739777,0.4788897030169967,380,0.26692456479690524,0.9928057553956835,138,379,2485,1,random,n237p78,glasso,34,237,78,68.16403913497925
