aupr,auroc,f1,f1_opt,mcc,shd,precision,recall,tp,fp,tn,fn,topology,config,method,rep,n,p,wall_seconds
0.798260071124214,0.9402566800394412,0.4822871348663766,0.7268553940321346,0.4819025349700587,2499,0.32523051131601005,0.9326923076923077,1164,2415,9703,84,scale-free,n513p164,glasso,24,513,164,149.3141449112445
