aupr,auroc,f1,f1_opt,mcc,shd,precision,recall,tp,fp,tn,fn,topology,config,method,rep,n,p,wall_seconds
0.9805575140562282,0.9989184782608695,0.43910806174957123,0.9322709163346613,0.4993212784675161,327,0.2813186813186813,1.0,128,327,2548,0,random,n237p78,glasso,7,237,78,49.24639319488779
