aupr,auroc,f1,f1_opt,mcc,shd,precision,recall,tp,fp,tn,fn,topology,config,method,rep,n,p,wall_seconds
0.6640527593249501,0.9067595232872705,0.4686648501362399,0.6413043478260869,0.47128302867413874,195,0.31851851851851853,0.8865979381443299,86,184,944,11,cluster,n100p50,glasso,25,100,50,43.24051220715046
