aupr,auroc,f1,f1_opt,mcc,shd,precision,recall,tp,fp,tn,fn,topology,config,method,rep,n,p,wall_seconds
0.8984216866869926,0.9800448768453973,0.5303030303030304,0.8496993987975952,0.5832679035506398,434,0.3656716417910448,0.9645669291338582,245,425,12687,9,hub,n513p164,glasso,21,513,164,68.63752889074385
