aupr,auroc,f1,f1_opt,mcc,shd,precision,recall,tp,fp,tn,fn,topology,config,method,rep,n,p,wall_seconds
0.8417658887138302,0.9541001758619272,0.4193258426966292,0.7971014492753622,0.44166914752884373,2584,0.2695752672637966,0.9433771486349848,933,2528,9849,56,cluster,n513p164,glasso,19,513,164,32.203926706686616
