aupr,auroc,f1,f1_opt,mcc,shd,precision,recall,tp,fp,tn,fn,topology,config,method,rep,n,p,wall_seconds
0.903595221391014,0.9840283791039107,0.5155925155925156,0.8530612244897959,0.5730183278933395,466,0.3507779349363508,0.9725490196078431,248,459,12652,7,hub,n513p164,glasso,32,513,164,32.20162871014327
