aupr,auroc,f1,f1_opt,mcc,shd,precision,recall,tp,fp,tn,fn,topology,config,method,rep,n,p,wall_seconds
0.9715502478256459,0.9994777105287412,0.676923076923077,0.9318181818181818,0.7101872066003284,42,0.5116279069767442,1.0,44,42,2917,0,hub,n237p78,glasso,7,237,78,130.94983581872657
