aupr,auroc,f1,f1_opt,mcc,shd,precision,recall,tp,fp,tn,fn,topology,config,method,rep,n,p,wall_seconds
0.9768657755499863,0.9995435684647302,0.6153846153846153,0.9268292682926829,0.6597147909120173,25,0.4444444444444444,1.0,20,25,1180,0,hub,n100p50,glasso,18,100,50,77.16341937100515
