aupr,auroc,f1,f1_opt,mcc,shd,precision,recall,tp,fp,tn,fn,topology,config,method,rep,n,p,wall_seconds
0.7883806098348682,0.9300075380145569,0.5018587360594795,0.7186311787072244,0.49200391598162874,536,0.34615384615384615,0.9121621621621622,270,510,2197,26,scale-free,n237p78,glasso,8,237,78,106.37195766484365
