aupr,auroc,f1,f1_opt,mcc,shd,precision,recall,tp,fp,tn,fn,topology,config,method,rep,n,p,wall_seconds
0.823998856815038,0.9534246372993255,0.4208425720620843,0.7670103092783505,0.44299566509851074,2612,0.27052451539338657,0.9471057884231537,949,2559,9805,53,cluster,n513p164,glasso,12,513,164,90.6016213959083
