aupr,auroc,f1,f1_opt,mcc,shd,precision,recall,tp,fp,tn,fn,topology,config,method,rep,n,p,wall_seconds
0.791131675610635,0.9414560984289999,0.4509090909090909,0.75,0.4805382864790638,151,0.2995169082125604,0.9117647058823529,62,145,1012,6,random,n100p50,glasso,24,100,50,87.68501682206988
