aupr,auroc,f1,f1_opt,mcc,shd,precision,recall,tp,fp,tn,fn,topology,config,method,rep,n,p,wall_seconds
0.9675234327595886,0.9963716945745741,0.4304267161410018,0.9173913043478261,0.48373712001317853,1842,0.27433977138352383,0.9985652797704447,696,1841,10828,1,random,n513p164,glasso,8,513,164,113.69034891808406
