aupr,auroc,f1,f1_opt,mcc,shd,precision,recall,tp,fp,tn,fn,topology,config,method,rep,n,p,wall_seconds
0.9870370370370372,0.9997095435684646,0.6557377049180327,0.9743589743589743,0.6923176396705255,21,0.4878048780487805,1.0,20,21,1184,0,hub,n100p50,glasso,45,100,50,93.90782826719806
