aupr,auroc,f1,f1_opt,mcc,shd,precision,recall,tp,fp,tn,fn,topology,config,method,rep,n,p,wall_seconds
0.7351549694100984,0.9013415264245644,0.44931506849315067,0.6831683168316831,0.4469948198244932,201,0.3048327137546468,0.8541666666666666,82,187,942,14,cluster,n100p50,glasso,36,100,50,65.44611992826685
