aupr,auroc,f1,f1_opt,mcc,shd,precision,recall,tp,fp,tn,fn,topology,config,method,rep,n,p,wall_seconds
0.9976190476190478,0.9999585062240663,0.6349206349206349,0.975609756097561,0.6754543218923406,23,0.46511627906976744,1.0,20,23,1182,0,hub,n100p50,glasso,35,100,50,92.83347531966865
