aupr,auroc,f1,f1_opt,mcc,shd,precision,recall,tp,fp,tn,fn,topology,config,method,rep,n,p,wall_seconds
0.9424847928837894,0.9889333450580373,0.4619883040935672,0.8789808917197451,0.5081801682290282,368,0.3015267175572519,0.9875,158,366,2477,2,random,n237p78,glasso,26,237,78,71.92625082936138
