aupr,auroc,f1,f1_opt,mcc,shd,precision,recall,tp,fp,tn,fn,topology,config,method,rep,n,p,wall_seconds
0.8317922493605976,0.9611215482472586,0.43923730760395124,0.7628004179728317,0.4639717799220614,2441,0.28469326980345444,0.9608040201005025,956,2402,9969,39,cluster,n513p164,glasso,21,513,164,23.27218195889145
