aupr,auroc,f1,f1_opt,mcc,shd,precision,recall,tp,fp,tn,fn,topology,config,method,rep,n,p,wall_seconds
0.8443463412043889,0.9640347540892905,0.40596379126730564,0.7797468354430379,0.4339857334179565,2789,0.2570118662351672,0.9655521783181358,953,2755,9624,34,cluster,n513p164,glasso,25,513,164,45.80617937166244
