aupr,auroc,f1,f1_opt,mcc,shd,precision,recall,tp,fp,tn,fn,topology,config,method,rep,n,p,wall_seconds
0.9170301180116356,0.992355727820844,0.47232472324723246,0.8461538461538461,0.52067004580641,143,0.30917874396135264,1.0,64,143,1018,0,random,n100p50,glasso,46,100,50,86.2431020680815
