aupr,auroc,f1,f1_opt,mcc,shd,precision,recall,tp,fp,tn,fn,topology,config,method,rep,n,p,wall_seconds
0.7677080169065192,0.9307447309450763,0.4331993379049421,0.7167868177136972,0.44724394683023594,2397,0.28394296342219466,0.9132602193419741,916,2310,10053,87,cluster,n513p164,glasso,42,513,164,27.923010711092502
