aupr,auroc,f1,f1_opt,mcc,shd,precision,recall,tp,fp,tn,fn,topology,config,method,rep,n,p,wall_seconds
0.652128576435814,0.902341178019828,0.4474393530997305,0.6078431372549019,0.45268386223754503,205,0.2996389891696751,0.8829787234042553,83,194,937,11,cluster,n100p50,glasso,41,100,50,65.98117493698373
