aupr,auroc,f1,f1_opt,mcc,shd,precision,recall,tp,fp,tn,fn,topology,config,method,rep,n,p,wall_seconds
0.9177991747467036,0.9986721991701245,0.4878048780487805,0.8717948717948718,0.55797595861487,42,0.3225806451612903,1.0,20,42,1163,0,hub,n100p50,glasso,19,100,50,78.84999042702839
