aupr,auroc,f1,f1_opt,mcc,shd,precision,recall,tp,fp,tn,fn,topology,config,method,rep,n,p,wall_seconds
0.8288897643332135,0.9491229235265304,0.42282633116153673,0.7759674134419552,0.44227674439055514,2569,0.2730702263493906,0.936318407960199,941,2505,9856,64,cluster,n513p164,glasso,10,513,164,93.98706417391077
