aupr,auroc,f1,f1_opt,mcc,shd,precision,recall,tp,fp,tn,fn,topology,config,method,rep,n,p,wall_seconds
0.9632625810577181,0.9972177231811037,0.5759637188208617,0.8987854251012146,0.6260304423080005,374,0.405103668261563,0.996078431372549,254,373,12738,1,hub,n513p164,glasso,13,513,164,17.677225000225008
