aupr,auroc,f1,f1_opt,mcc,shd,precision,recall,tp,fp,tn,fn,topology,config,method,rep,n,p,wall_seconds
0.9777132606636736,0.9996243708211254,0.45000000000000007,0.924731182795699,0.5287024409061184,110,0.2903225806451613,1.0,45,110,2848,0,hub,n237p78,glasso,14,237,78,134.47227512905374
