aupr,auroc,f1,f1_opt,mcc,shd,precision,recall,tp,fp,tn,fn,topology,config,method,rep,n,p,wall_seconds
0.8727801345687598,0.9691553002332384,0.41837732160312796,0.8345323741007193,0.44673962350108715,595,0.26683291770573564,0.9683257918552036,214,588,2194,7,cluster,n237p78,glasso,27,237,78,65.78830851288512
