aupr,auroc,f1,f1_opt,mcc,shd,precision,recall,tp,fp,tn,fn,topology,config,method,rep,n,p,wall_seconds
0.8030224041582648,0.9392640371813916,0.512888888888889,0.7400394477317555,0.5096160508898654,2192,0.3548585485854859,0.9246794871794872,1154,2098,10020,94,scale-free,n513p164,glasso,36,513,164,174.37483232887462
