aupr,auroc,f1,f1_opt,mcc,shd,precision,recall,tp,fp,tn,fn,topology,config,method,rep,n,p,wall_seconds
0.8492946838309671,0.9655295566502464,0.42391304347826086,0.7989949748743719,0.4558915145578581,530,0.2719665271966527,0.9605911330049262,195,522,2278,8,cluster,n237p78,glasso,23,237,78,71.68158463016152
