aupr,auroc,f1,f1_opt,mcc,shd,precision,recall,tp,fp,tn,fn,topology,config,method,rep,n,p,wall_seconds
0.9077982851987629,0.9879669967292843,0.5050505050505051,0.842323651452282,0.5661369229069508,490,0.3401360544217687,0.9803921568627451,250,485,12626,5,hub,n513p164,glasso,18,513,164,43.44230172224343
