aupr,auroc,f1,f1_opt,mcc,shd,precision,recall,tp,fp,tn,fn,topology,config,method,rep,n,p,wall_seconds
0.6702109334903987,0.8699775771165384,0.4615384615384615,0.6835443037974683,0.4531825679745021,161,0.32547169811320753,0.7931034482758621,69,143,995,18,cluster,n100p50,glasso,46,100,50,66.12283582892269
