aupr,auroc,f1,f1_opt,mcc,shd,precision,recall,tp,fp,tn,fn,topology,config,method,rep,n,p,wall_seconds
0.9643891159634117,0.9944322828029276,0.43705035971223016,0.9144460028050492,0.4864914190193741,1878,0.28006146753745675,0.9945429740791268,729,1874,10759,4,random,n513p164,glasso,48,513,164,45.799208441283554
