aupr,auroc,f1,f1_opt,mcc,shd,precision,recall,tp,fp,tn,fn,topology,config,method,rep,n,p,wall_seconds
0.9492315504647519,0.992093519169891,0.42570281124497994,0.8933333333333334,0.47754464162895716,429,0.2708688245315162,0.99375,159,428,2415,1,random,n237p78,glasso,35,237,78,71.16225302498788
