aupr,auroc,f1,f1_opt,mcc,shd,precision,recall,tp,fp,tn,fn,topology,config,method,rep,n,p,wall_seconds
0.8912902399593312,0.9733402489626555,0.5671641791044776,0.8372093023255814,0.6114428365584029,29,0.40425531914893614,0.95,19,28,1177,1,hub,n100p50,glasso,11,100,50,75.23215252486989
