aupr,auroc,f1,f1_opt,mcc,shd,precision,recall,tp,fp,tn,fn,topology,config,method,rep,n,p,wall_seconds
0.800246106336169,0.9423317611859452,0.49978568366909565,0.7446457990115322,0.4991544021186763,2334,0.3411351667641896,0.9342948717948718,1166,2252,9866,82,scale-free,n513p164,glasso,14,513,164,171.3599832127802
