aupr,auroc,f1,f1_opt,mcc,shd,precision,recall,tp,fp,tn,fn,topology,config,method,rep,n,p,wall_seconds
0.7982852672178318,0.9367967457289643,0.511101243339254,0.7279596977329975,0.5073827889409951,2202,0.3535012285012285,0.9222756410256411,1151,2105,10013,97,scale-free,n513p164,glasso,26,513,164,168.7173807960935
