aupr,auroc,f1,f1_opt,mcc,shd,precision,recall,tp,fp,tn,fn,topology,config,method,rep,n,p,wall_seconds
0.9432257566929342,0.992818647781704,0.4595879556259905,0.8758620689655173,0.5108767776065896,341,0.29896907216494845,0.9931506849315068,145,340,2517,1,random,n237p78,glasso,15,237,78,48.878557172138244
