aupr,auroc,f1,f1_opt,mcc,shd,precision,recall,tp,fp,tn,fn,topology,config,method,rep,n,p,wall_seconds
0.9803214242484232,0.9953027188968266,0.44712990936555885,0.9395973154362416,0.4993184399283735,366,0.2884990253411306,0.9932885906040269,148,365,2489,1,random,n237p78,glasso,32,237,78,71.65804766630754
