aupr,auroc,f1,f1_opt,mcc,shd,precision,recall,tp,fp,tn,fn,topology,config,method,rep,n,p,wall_seconds
0.6789075414645652,0.8958223928435616,0.47457627118644063,0.6774193548387097,0.47009941535082456,186,0.328125,0.8571428571428571,84,172,955,14,cluster,n100p50,glasso,18,100,50,46.65982518903911
