aupr,auroc,f1,f1_opt,mcc,shd,precision,recall,tp,fp,tn,fn,topology,config,method,rep,n,p,wall_seconds
0.851438308861724,0.9566644791088227,0.44078947368421056,0.8149882903981265,0.4648025556574461,510,0.2875536480686695,0.9436619718309859,201,498,2292,12,cluster,n237p78,glasso,6,237,78,47.22087237611413
