aupr,auroc,f1,f1_opt,mcc,shd,precision,recall,tp,fp,tn,fn,topology,config,method,rep,n,p,wall_seconds
0.9984833164812942,0.9999764299182904,0.5548387096774194,0.988235294117647,0.6123551952381356,69,0.38392857142857145,1.0,43,69,2891,0,hub,n237p78,glasso,48,237,78,122.97848989721388
