aupr,auroc,f1,f1_opt,mcc,shd,precision,recall,tp,fp,tn,fn,topology,config,method,rep,n,p,wall_seconds
0.6343188777431337,0.8557797762667251,0.46012269938650313,0.6256410256410256,0.44096905262075453,176,0.32751091703056767,0.7731958762886598,75,154,974,22,cluster,n100p50,glasso,0,100,50,40.00605745892972
