aupr,auroc,f1,f1_opt,mcc,shd,precision,recall,tp,fp,tn,fn,topology,config,method,rep,n,p,wall_seconds
0.7409857996300282,0.923861060913148,0.5317460317460317,0.7090301003344481,0.5196153086207034,472,0.37640449438202245,0.9054054054054054,268,444,2263,28,scale-free,n237p78,glasso,21,237,78,107.66259577963501
