aupr,auroc,f1,f1_opt,mcc,shd,precision,recall,tp,fp,tn,fn,topology,config,method,rep,n,p,wall_seconds
0.6561052019337136,0.8841354745953933,0.5323275862068966,0.6501650165016502,0.5061970322658713,434,0.39082278481012656,0.8344594594594594,247,385,2322,49,scale-free,n237p78,glasso,34,237,78,108.31771079963073
