aupr,auroc,f1,f1_opt,mcc,shd,precision,recall,tp,fp,tn,fn,topology,config,method,rep,n,p,wall_seconds
0.6864693094376022,0.9016488122962274,0.5225806451612903,0.6948356807511737,0.5161135679511022,148,0.3767441860465116,0.8526315789473684,81,134,996,14,cluster,n100p50,glasso,19,100,50,44.6833885977976
