aupr,auroc,f1,f1_opt,mcc,shd,precision,recall,tp,fp,tn,fn,topology,config,method,rep,n,p,wall_seconds
0.9456513254528636,0.9985892116182572,0.5555555555555556,0.9230769230769231,0.6118835935681562,32,0.38461538461538464,1.0,20,32,1173,0,hub,n100p50,glasso,28,100,50,78.5528623899445
