aupr,auroc,f1,f1_opt,mcc,shd,precision,recall,tp,fp,tn,fn,topology,config,method,rep,n,p,wall_seconds
0.9560678887541774,0.9929891858213902,0.5285412262156449,0.9028571428571428,0.5865658042749458,446,0.36075036075036077,0.9881422924901185,250,443,12670,3,hub,n513p164,glasso,17,513,164,88.57117684511468
