aupr,auroc,f1,f1_opt,mcc,shd,precision,recall,tp,fp,tn,fn,topology,config,method,rep,n,p,wall_seconds
0.6992088207587883,0.9003299334649412,0.4285714285714286,0.7159090909090909,0.42875404315265225,224,0.2847457627118644,0.865979381443299,84,211,917,13,cluster,n100p50,glasso,17,100,50,47.51983633171767
