aupr,auroc,f1,f1_opt,mcc,shd,precision,recall,tp,fp,tn,fn,topology,config,method,rep,n,p,wall_seconds
0.9133685864545741,0.9862573112533856,0.48967551622418876,0.8492063492063491,0.5530379326249123,519,0.32677165354330706,0.9764705882352941,249,513,12598,6,hub,n513p164,glasso,4,513,164,81.61871476890519
