aupr,auroc,f1,f1_opt,mcc,shd,precision,recall,tp,fp,tn,fn,topology,config,method,rep,n,p,wall_seconds
0.9697694546876311,0.9947422228713304,0.4565826330532213,0.9254658385093167,0.5037935544920581,388,0.2963636363636364,0.9939024390243902,163,387,2452,1,random,n237p78,glasso,9,237,78,48.373734238091856
