aupr,auroc,f1,f1_opt,mcc,shd,precision,recall,tp,fp,tn,fn,topology,config,method,rep,n,p,wall_seconds
0.7882872987157743,0.9482397987200352,0.5123513266239708,0.744954128440367,0.5096614538821068,533,0.35131744040150564,0.9459459459459459,280,517,2190,16,scale-free,n237p78,glasso,20,237,78,108.51136065274477
