aupr,auroc,f1,f1_opt,mcc,shd,precision,recall,tp,fp,tn,fn,topology,config,method,rep,n,p,wall_seconds
0.965196342585005,0.9994393068911488,0.46073298429319376,0.9069767441860465,0.5374948282427275,103,0.29931972789115646,1.0,44,103,2856,0,hub,n237p78,glasso,16,237,78,127.18797264294699
