aupr,auroc,f1,f1_opt,mcc,shd,precision,recall,tp,fp,tn,fn,topology,config,method,rep,n,p,wall_seconds
0.9885663713355854,0.999136117893839,0.41375076734192756,0.9548872180451127,0.4707261505751374,1910,0.2608359133126935,1.0,674,1910,10782,0,random,n513p164,glasso,19,513,164,30.715554075315595
