aupr,auroc,f1,f1_opt,mcc,shd,precision,recall,tp,fp,tn,fn,topology,config,method,rep,n,p,wall_seconds
0.7539112806698259,0.9123737008157031,0.5204386839481555,0.7101200686106347,0.5037472824050979,481,0.36916548797736914,0.8817567567567568,261,446,2261,35,scale-free,n237p78,glasso,46,237,78,106.15891496324912
