aupr,auroc,f1,f1_opt,mcc,shd,precision,recall,tp,fp,tn,fn,topology,config,method,rep,n,p,wall_seconds
0.6925408666150477,0.8955796058458814,0.5078369905956113,0.6885245901639345,0.5000409874263924,157,0.3632286995515695,0.84375,81,142,987,15,scale-free,n100p50,glasso,47,100,50,64.05799416732043
