aupr,auroc,f1,f1_opt,mcc,shd,precision,recall,tp,fp,tn,fn,topology,config,method,rep,n,p,wall_seconds
0.9821503117110201,0.9978313120070619,0.41973726369753284,0.9381933438985737,0.4768605061454709,1811,0.2657200811359026,0.9984756097560976,655,1810,10900,1,random,n513p164,glasso,33,513,164,108.7966646249406
