aupr,auroc,f1,f1_opt,mcc,shd,precision,recall,tp,fp,tn,fn,topology,config,method,rep,n,p,wall_seconds
0.49950214221029254,0.7547693407983884,0.6076887447892543,0.608816705336427,0.5825553478997185,847,0.7200878155872668,0.5256410256410257,656,255,11863,592,scale-free,n513p164,glasso,20,513,164,163.08584931632504
