aupr,auroc,f1,f1_opt,mcc,shd,precision,recall,tp,fp,tn,fn,topology,config,method,rep,n,p,wall_seconds
0.6733606112722866,0.9078554030115145,0.45454545454545453,0.6413043478260869,0.4584252648919954,204,0.3057553956834532,0.8854166666666666,85,193,936,11,scale-free,n100p50,glasso,42,100,50,85.63355340622365
