aupr,auroc,f1,f1_opt,mcc,shd,precision,recall,tp,fp,tn,fn,topology,config,method,rep,n,p,wall_seconds
0.8372731376981274,0.9607836282465392,0.41205385766189356,0.7866323907455013,0.4376447590591092,2751,0.2622415669205658,0.9611166500498505,964,2712,9651,39,cluster,n513p164,glasso,32,513,164,96.3832883099094
