aupr,auroc,f1,f1_opt,mcc,shd,precision,recall,tp,fp,tn,fn,topology,config,method,rep,n,p,wall_seconds
0.7479968869106035,0.9260238720434509,0.4922515952597994,0.7263339070567986,0.48259247870712396,557,0.33707865168539325,0.9121621621621622,270,531,2176,26,scale-free,n237p78,glasso,49,237,78,109.73648790596053
