aupr,auroc,f1,f1_opt,mcc,shd,precision,recall,tp,fp,tn,fn,topology,config,method,rep,n,p,wall_seconds
0.973090132098269,0.9957905700297827,0.41544447770128706,0.9294964028776979,0.4698031181768498,1953,0.26248108925869895,0.9956958393113343,694,1950,10719,3,random,n513p164,glasso,12,513,164,34.85770667018369
