aupr,auroc,f1,f1_opt,mcc,shd,precision,recall,tp,fp,tn,fn,topology,config,method,rep,n,p,wall_seconds
0.9625931333870982,0.990225192414464,0.44189852700491,0.924812030075188,0.4962643315424712,341,0.2848101265822785,0.9854014598540146,135,339,2527,2,random,n237p78,glasso,20,237,78,73.17600346775725
