aupr,auroc,f1,f1_opt,mcc,shd,precision,recall,tp,fp,tn,fn,topology,config,method,rep,n,p,wall_seconds
0.8140522760277581,0.9491489403345732,0.49320225894164405,0.7546545304095986,0.49514525204937543,2423,0.33371072742711577,0.9447115384615384,1179,2354,9764,69,scale-free,n513p164,glasso,9,513,164,149.711673701182
