aupr,auroc,f1,f1_opt,mcc,shd,precision,recall,tp,fp,tn,fn,topology,config,method,rep,n,p,wall_seconds
0.46320422136156,0.7270628880114769,0.5818728092138207,0.5818728092138207,0.5713941885176524,835,0.7757009345794392,0.4655448717948718,581,168,11950,667,scale-free,n513p164,glasso,12,513,164,145.22163774073124
