aupr,auroc,f1,f1_opt,mcc,shd,precision,recall,tp,fp,tn,fn,topology,config,method,rep,n,p,wall_seconds
0.7297691687979021,0.9121238267053626,0.441860465116279,0.7226890756302522,0.46400704115256314,144,0.296875,0.8636363636363636,57,135,1024,9,random,n100p50,glasso,36,100,50,86.56323429429904
