aupr,auroc,f1,f1_opt,mcc,shd,precision,recall,tp,fp,tn,fn,topology,config,method,rep,n,p,wall_seconds
0.8218155918737325,0.955544634852868,0.40452261306532666,0.7570675610924773,0.4282088422161316,2844,0.25664187035069075,0.9545454545454546,966,2798,9556,46,cluster,n513p164,glasso,18,513,164,96.38405759027228
