aupr,auroc,f1,f1_opt,mcc,shd,precision,recall,tp,fp,tn,fn,topology,config,method,rep,n,p,wall_seconds
0.9728724106306019,0.9965805537706642,0.45416078984485186,0.9181102362204724,0.5072041730651276,1548,0.29406392694063926,0.9969040247678018,644,1546,11174,2,random,n513p164,glasso,11,513,164,132.6988386809826
