aupr,auroc,f1,f1_opt,mcc,shd,precision,recall,tp,fp,tn,fn,topology,config,method,rep,n,p,wall_seconds
0.7480053995642189,0.9475037574923493,0.4234234234234233,0.7017543859649124,0.44327488258459197,256,0.27167630057803466,0.9591836734693877,94,252,875,4,cluster,n100p50,glasso,12,100,50,44.89233785215765
