aupr,auroc,f1,f1_opt,mcc,shd,precision,recall,tp,fp,tn,fn,topology,config,method,rep,n,p,wall_seconds
0.9654436919875313,0.9928036292250422,0.44527131782945734,0.9206576125804145,0.4937067692781205,1789,0.28708516593362654,0.9917127071823204,718,1783,10859,6,random,n513p164,glasso,39,513,164,119.71710122283548
