aupr,auroc,f1,f1_opt,mcc,shd,precision,recall,tp,fp,tn,fn,topology,config,method,rep,n,p,wall_seconds
0.9547871786814114,0.9913074447770722,0.4642126789366053,0.9020194465220643,0.5120029283155515,1572,0.30320569902048083,0.9898255813953488,681,1565,11113,7,random,n513p164,glasso,10,513,164,128.7091957447119
