aupr,auroc,f1,f1_opt,mcc,shd,precision,recall,tp,fp,tn,fn,topology,config,method,rep,n,p,wall_seconds
0.8485012540664145,0.9591870456047588,0.5019607843137255,0.7968749999999999,0.5315192238186329,127,0.3422459893048128,0.9411764705882353,64,123,1034,4,random,n100p50,glasso,7,100,50,25.199637440033257
