aupr,auroc,f1,f1_opt,mcc,shd,precision,recall,tp,fp,tn,fn,topology,config,method,rep,n,p,wall_seconds
0.96986705240401,0.9967861598371273,0.4230043997485859,0.9234303215926493,0.4786104272084782,1836,0.26834130781499205,0.9985163204747775,673,1835,10857,1,random,n513p164,glasso,43,513,164,119.55641942285001
