aupr,auroc,f1,f1_opt,mcc,shd,precision,recall,tp,fp,tn,fn,topology,config,method,rep,n,p,wall_seconds
0.9364513204791788,0.9957439324657051,0.42272126816380445,0.9032258064516129,0.47624695005887985,437,0.26800670016750416,1.0,160,437,2406,0,random,n237p78,glasso,11,237,78,48.598801070824265
