aupr,auroc,f1,f1_opt,mcc,shd,precision,recall,tp,fp,tn,fn,topology,config,method,rep,n,p,wall_seconds
0.7426975749814095,0.9686721991701245,0.4871794871794871,0.6829268292682926,0.5475565741475832,40,0.3275862068965517,0.95,19,39,1166,1,hub,n100p50,glasso,10,100,50,77.0037528546527
