aupr,auroc,f1,f1_opt,mcc,shd,precision,recall,tp,fp,tn,fn,topology,config,method,rep,n,p,wall_seconds
0.8666256139731617,0.9682487764279573,0.4367567567567568,0.8059701492537312,0.46730900417623883,521,0.28212290502793297,0.9665071770334929,202,514,2280,7,cluster,n237p78,glasso,25,237,78,69.15573424333706
