aupr,auroc,f1,f1_opt,mcc,shd,precision,recall,tp,fp,tn,fn,topology,config,method,rep,n,p,wall_seconds
0.5468965020995273,0.8561319013876587,0.4418604651162791,0.5812807881773399,0.427589849459821,192,0.3064516129032258,0.7916666666666666,76,172,957,20,scale-free,n100p50,glasso,12,100,50,70.57934098877013
