aupr,auroc,f1,f1_opt,mcc,shd,precision,recall,tp,fp,tn,fn,topology,config,method,rep,n,p,wall_seconds
0.9535242725176621,0.989823854537941,0.4818840579710145,0.9090909090909092,0.5309908479132166,286,0.31894484412470026,0.9851851851851852,133,284,2584,2,random,n237p78,glasso,17,237,78,48.13509076833725
