aupr,auroc,f1,f1_opt,mcc,shd,precision,recall,tp,fp,tn,fn,topology,config,method,rep,n,p,wall_seconds
0.8949222699872347,0.9821108458802001,0.44916540212443096,0.8424657534246576,0.4977437121529464,363,0.29133858267716534,0.9801324503311258,148,360,2492,3,random,n237p78,glasso,21,237,78,70.67669649189338
