aupr,auroc,f1,f1_opt,mcc,shd,precision,recall,tp,fp,tn,fn,topology,config,method,rep,n,p,wall_seconds
0.9120942715259689,0.9861849277885206,0.5551839464882943,0.8489795918367348,0.6055183746954403,399,0.3878504672897196,0.9764705882352941,249,393,12718,6,hub,n513p164,glasso,34,513,164,104.31667152512819
