aupr,auroc,f1,f1_opt,mcc,shd,precision,recall,tp,fp,tn,fn,topology,config,method,rep,n,p,wall_seconds
0.8764670352358385,0.9777172588202394,0.5408388520971302,0.8162393162393163,0.5909316457971336,416,0.3763440860215054,0.9607843137254902,245,406,12705,10,hub,n513p164,glasso,12,513,164,66.99254546267912
