aupr,auroc,f1,f1_opt,mcc,shd,precision,recall,tp,fp,tn,fn,topology,config,method,rep,n,p,wall_seconds
0.9606479142947466,0.999436556231688,0.44334975369458135,0.9347826086956522,0.5233831828538048,113,0.2848101265822785,1.0,45,113,2845,0,hub,n237p78,glasso,26,237,78,142.34008660912514
