aupr,auroc,f1,f1_opt,mcc,shd,precision,recall,tp,fp,tn,fn,topology,config,method,rep,n,p,wall_seconds
0.8812405450448222,0.969536085110736,0.40845070422535207,0.8289156626506022,0.44050207451035667,588,0.25892857142857145,0.9666666666666667,203,581,2212,7,cluster,n237p78,glasso,18,237,78,48.770103730261326
