aupr,auroc,f1,f1_opt,mcc,shd,precision,recall,tp,fp,tn,fn,topology,config,method,rep,n,p,wall_seconds
0.9792912814840072,0.9996243708211254,0.4411764705882353,0.9302325581395349,0.5216430264569528,114,0.2830188679245283,1.0,45,114,2844,0,hub,n237p78,glasso,4,237,78,130.6604740070179
