aupr,auroc,f1,f1_opt,mcc,shd,precision,recall,tp,fp,tn,fn,topology,config,method,rep,n,p,wall_seconds
0.8037712165654995,0.945175194984363,0.4857496902106568,0.7366167023554604,0.48741203392253224,2490,0.327212020033389,0.9423076923076923,1176,2418,9700,72,scale-free,n513p164,glasso,18,513,164,31.25801792414859
