aupr,auroc,f1,f1_opt,mcc,shd,precision,recall,tp,fp,tn,fn,topology,config,method,rep,n,p,wall_seconds
0.9556704625697515,0.9953053939067925,0.41935483870967744,0.9179104477611941,0.47809144373375745,396,0.2653061224489796,1.0,143,396,2464,0,random,n237p78,glasso,18,237,78,71.52686391491443
