aupr,auroc,f1,f1_opt,mcc,shd,precision,recall,tp,fp,tn,fn,topology,config,method,rep,n,p,wall_seconds
0.8054397635188429,0.9465865966500352,0.4981995339970345,0.7374798061389337,0.49941317682222536,2369,0.3386121508782033,0.9423076923076923,1176,2297,9821,72,scale-free,n513p164,glasso,28,513,164,136.17203355394304
