aupr,auroc,f1,f1_opt,mcc,shd,precision,recall,tp,fp,tn,fn,topology,config,method,rep,n,p,wall_seconds
0.9765024368672897,0.9959782445796412,0.4142901911626449,0.9356814701378254,0.4708836084846686,1869,0.26157499010684604,0.9954819277108434,661,1866,10836,3,random,n513p164,glasso,9,513,164,112.77640095027164
