aupr,auroc,f1,f1_opt,mcc,shd,precision,recall,tp,fp,tn,fn,topology,config,method,rep,n,p,wall_seconds
0.7876473403006318,0.9293985063748639,0.5217391304347827,0.7347670250896058,0.5113517047229452,495,0.36535859269282817,0.9121621621621622,270,469,2238,26,scale-free,n237p78,glasso,5,237,78,107.89198247995228
