aupr,auroc,f1,f1_opt,mcc,shd,precision,recall,tp,fp,tn,fn,topology,config,method,rep,n,p,wall_seconds
0.8524398972819618,0.9612567643217018,0.41596638655462187,0.7893462469733656,0.44630601449663015,556,0.2657718120805369,0.9565217391304348,198,547,2249,9,cluster,n237p78,glasso,26,237,78,65.16587994713336
