aupr,auroc,f1,f1_opt,mcc,shd,precision,recall,tp,fp,tn,fn,topology,config,method,rep,n,p,wall_seconds
0.7867645143205052,0.9403045202411332,0.5076252723311547,0.7284294234592446,0.5065008743134458,2260,0.3485936564931179,0.9334935897435898,1165,2177,9941,83,scale-free,n513p164,glasso,37,513,164,148.98783732159063
