aupr,auroc,f1,f1_opt,mcc,shd,precision,recall,tp,fp,tn,fn,topology,config,method,rep,n,p,wall_seconds
0.6375297049407103,0.8987982832618027,0.5128205128205128,0.639344262295082,0.5240642659850896,95,0.37037037037037035,0.8333333333333334,50,85,1080,10,random,n100p50,glasso,16,100,50,49.85520862787962
