aupr,auroc,f1,f1_opt,mcc,shd,precision,recall,tp,fp,tn,fn,topology,config,method,rep,n,p,wall_seconds
0.8259472549958206,0.9505984620780276,0.5049250535331906,0.7651006711409397,0.5064023722784831,2312,0.3445353594389246,0.9447115384615384,1179,2243,9875,69,scale-free,n513p164,glasso,19,513,164,32.68186502670869
