aupr,auroc,f1,f1_opt,mcc,shd,precision,recall,tp,fp,tn,fn,topology,config,method,rep,n,p,wall_seconds
0.8552182539682542,0.9952697095435684,0.38095238095238093,0.787878787878788,0.47180706208372114,65,0.23529411764705882,1.0,20,65,1140,0,hub,n100p50,glasso,29,100,50,73.95550878392532
