aupr,auroc,f1,f1_opt,mcc,shd,precision,recall,tp,fp,tn,fn,topology,config,method,rep,n,p,wall_seconds
0.7845775668598816,0.9365814482905278,0.4931914893617022,0.7207281754240795,0.4915633702599899,2382,0.335747392815759,0.9286858974358975,1159,2293,9825,89,scale-free,n513p164,glasso,31,513,164,158.07123782811686
