aupr,auroc,f1,f1_opt,mcc,shd,precision,recall,tp,fp,tn,fn,topology,config,method,rep,n,p,wall_seconds
0.8459514883504804,0.9614121515994474,0.40176137555042984,0.789769820971867,0.42781782024619125,2853,0.25404402015380534,0.9599198396793587,958,2813,9555,40,cluster,n513p164,glasso,16,513,164,44.02236682828516
