aupr,auroc,f1,f1_opt,mcc,shd,precision,recall,tp,fp,tn,fn,topology,config,method,rep,n,p,wall_seconds
0.9783770787975691,0.9960221898155448,0.4317602040816327,0.9408239700374532,0.485329404582481,1782,0.2756514657980456,0.9955882352941177,677,1779,10907,3,random,n513p164,glasso,35,513,164,30.583345958031714
