aupr,auroc,f1,f1_opt,mcc,shd,precision,recall,tp,fp,tn,fn,topology,config,method,rep,n,p,wall_seconds
0.9039449771652868,0.9841699059207932,0.4301075268817205,0.84375,0.48219924901522127,159,0.27522935779816515,0.9836065573770492,60,158,1006,1,random,n100p50,glasso,33,100,50,85.80490211211145
