aupr,auroc,f1,f1_opt,mcc,shd,precision,recall,tp,fp,tn,fn,topology,config,method,rep,n,p,wall_seconds
0.8932769369545536,0.9693308071043745,0.44444444444444453,0.8571428571428572,0.4846794864090691,160,0.2895927601809955,0.9552238805970149,64,157,1001,3,random,n100p50,glasso,44,100,50,87.90449013980106
