aupr,auroc,f1,f1_opt,mcc,shd,precision,recall,tp,fp,tn,fn,topology,config,method,rep,n,p,wall_seconds
0.7095899785761871,0.902353966870096,0.49253731343283585,0.6811594202898551,0.49781194306109133,136,0.3473684210526316,0.8461538461538461,66,124,1023,12,random,n100p50,glasso,34,100,50,86.45460187690333
