aupr,auroc,f1,f1_opt,mcc,shd,precision,recall,tp,fp,tn,fn,topology,config,method,rep,n,p,wall_seconds
0.7667119414363565,0.9297132550221962,0.5002186270222999,0.7145773785218458,0.49571131409875935,2286,0.343956704750451,0.9166666666666666,1144,2182,9936,104,scale-free,n513p164,glasso,42,513,164,148.6179917678237
