aupr,auroc,f1,f1_opt,mcc,shd,precision,recall,tp,fp,tn,fn,topology,config,method,rep,n,p,wall_seconds
0.9313002106908984,0.9895244738983838,0.44336175395858707,0.8693181818181819,0.4870598341023404,457,0.2852664576802508,0.994535519125683,182,456,2364,1,random,n237p78,glasso,12,237,78,47.67591434484348
