aupr,auroc,f1,f1_opt,mcc,shd,precision,recall,tp,fp,tn,fn,topology,config,method,rep,n,p,wall_seconds
0.9486864900540342,0.9948113319984745,0.5126135216952573,0.8838095238095238,0.5744980395685173,483,0.345578231292517,0.9921875,254,481,12629,2,hub,n513p164,glasso,37,513,164,107.9020658172667
