aupr,auroc,f1,f1_opt,mcc,shd,precision,recall,tp,fp,tn,fn,topology,config,method,rep,n,p,wall_seconds
0.5684344717313378,0.8410189695896073,0.45714285714285713,0.5816326530612245,0.43472088470855214,171,0.3287671232876712,0.75,72,147,982,24,scale-free,n100p50,glasso,35,100,50,87.63834583433345
