aupr,auroc,f1,f1_opt,mcc,shd,precision,recall,tp,fp,tn,fn,topology,config,method,rep,n,p,wall_seconds
0.7998078187510568,0.9452069341644767,0.5001066780456582,0.7469487388120424,0.5005301334316883,2343,0.34079674323931375,0.9391025641025641,1172,2267,9851,76,scale-free,n513p164,glasso,41,513,164,164.0999059039168
