aupr,auroc,f1,f1_opt,mcc,shd,precision,recall,tp,fp,tn,fn,topology,config,method,rep,n,p,wall_seconds
0.8237063259469362,0.9512234926412408,0.4263959390862944,0.7499999999999999,0.4497625599449495,226,0.2754098360655738,0.9438202247191011,84,221,915,5,cluster,n100p50,glasso,9,100,50,30.89857397507876
