aupr,auroc,f1,f1_opt,mcc,shd,precision,recall,tp,fp,tn,fn,topology,config,method,rep,n,p,wall_seconds
0.39669243931811937,0.6877109994244628,0.5116772823779193,0.5116772823779193,0.5104835521351592,920,0.7578616352201258,0.38621794871794873,482,154,11964,766,scale-free,n513p164,glasso,45,513,164,36.43378791632131
