aupr,auroc,f1,f1_opt,mcc,shd,precision,recall,tp,fp,tn,fn,topology,config,method,rep,n,p,wall_seconds
0.7209260240372863,0.8973451327433629,0.4512534818941504,0.7015706806282722,0.4492801052582953,197,0.3068181818181818,0.8526315789473684,81,183,947,14,cluster,n100p50,glasso,5,100,50,28.71738121798262
