aupr,auroc,f1,f1_opt,mcc,shd,precision,recall,tp,fp,tn,fn,topology,config,method,rep,n,p,wall_seconds
0.8570373872515908,0.9638882586463721,0.40769718756608164,0.7953629032258064,0.43315635907499483,2801,0.2587919463087248,0.9601593625498008,964,2761,9601,40,cluster,n513p164,glasso,46,513,164,81.50747863575816
