aupr,auroc,f1,f1_opt,mcc,shd,precision,recall,tp,fp,tn,fn,topology,config,method,rep,n,p,wall_seconds
0.9551319047042117,0.9965139818913928,0.4520743919885551,0.887459807073955,0.5027276821718336,383,0.2920517560073937,1.0,158,383,2462,0,random,n237p78,glasso,14,237,78,47.47851135395467
