aupr,auroc,f1,f1_opt,mcc,shd,precision,recall,tp,fp,tn,fn,topology,config,method,rep,n,p,wall_seconds
0.9980881899475796,0.99996994966569,0.4663212435233161,0.9782608695652174,0.5417256142026828,103,0.30405405405405406,1.0,45,103,2855,0,hub,n237p78,glasso,5,237,78,133.43617430888116
