aupr,auroc,f1,f1_opt,mcc,shd,precision,recall,tp,fp,tn,fn,topology,config,method,rep,n,p,wall_seconds
0.9805592088004034,0.9996619337390129,0.46874999999999994,0.9302325581395349,0.5436602822195624,102,0.30612244897959184,1.0,45,102,2856,0,hub,n237p78,glasso,38,237,78,145.6109516187571
