aupr,auroc,f1,f1_opt,mcc,shd,precision,recall,tp,fp,tn,fn,topology,config,method,rep,n,p,wall_seconds
0.8312462760941003,0.9545611195620726,0.4275379229871645,0.7740203972088031,0.4516016380690832,2453,0.276153150437142,0.9462809917355371,916,2401,9997,52,cluster,n513p164,glasso,34,513,164,83.74350717943162
