aupr,auroc,f1,f1_opt,mcc,shd,precision,recall,tp,fp,tn,fn,topology,config,method,rep,n,p,wall_seconds
0.8089956273061815,0.9479783596980123,0.4859967051070841,0.7482716551443677,0.48837411870592623,2496,0.3270509977827051,0.9455128205128205,1180,2428,9690,68,scale-free,n513p164,glasso,48,513,164,133.59111551009119
