aupr,auroc,f1,f1_opt,mcc,shd,precision,recall,tp,fp,tn,fn,topology,config,method,rep,n,p,wall_seconds
0.6621479918416732,0.8717276492267945,0.4053333333333333,0.65,0.39967981219697685,223,0.2695035460992908,0.8172043010752689,76,206,926,17,cluster,n100p50,glasso,26,100,50,65.5013421298936
