aupr,auroc,f1,f1_opt,mcc,shd,precision,recall,tp,fp,tn,fn,topology,config,method,rep,n,p,wall_seconds
0.9128001661252519,0.9882796548692548,0.5407166123778502,0.8417132216014898,0.5947186708230369,423,0.3733133433283358,0.9803149606299213,249,418,12694,5,hub,n513p164,glasso,33,513,164,68.66223636642098
