aupr,auroc,f1,f1_opt,mcc,shd,precision,recall,tp,fp,tn,fn,topology,config,method,rep,n,p,wall_seconds
0.6481853428986004,0.8734822483023325,0.5150501672240803,0.6347305389221557,0.4990686793952723,145,0.3793103448275862,0.8020833333333334,77,126,1003,19,scale-free,n100p50,glasso,34,100,50,86.95759686687961
