aupr,auroc,f1,f1_opt,mcc,shd,precision,recall,tp,fp,tn,fn,topology,config,method,rep,n,p,wall_seconds
0.6865229997071549,0.879546943231441,0.44673539518900346,0.6717557251908397,0.448199307986462,161,0.3080568720379147,0.8125,65,146,999,15,cluster,n100p50,glasso,27,100,50,68.72019053995609
