aupr,auroc,f1,f1_opt,mcc,shd,precision,recall,tp,fp,tn,fn,topology,config,method,rep,n,p,wall_seconds
0.9838873996190591,0.9979157604646532,0.44489935175707945,0.9489164086687306,0.49909114110762753,1627,0.286215978928885,0.998468606431853,652,1626,11087,1,random,n513p164,glasso,1,513,164,111.15649374527857
