aupr,auroc,f1,f1_opt,mcc,shd,precision,recall,tp,fp,tn,fn,topology,config,method,rep,n,p,wall_seconds
0.959307051042977,0.9903044581370061,0.4409221902017291,0.9261744966442954,0.49095074608091693,388,0.28385899814471244,0.9870967741935484,153,386,2462,2,random,n237p78,glasso,33,237,78,68.86456044670194
