aupr,auroc,f1,f1_opt,mcc,shd,precision,recall,tp,fp,tn,fn,topology,config,method,rep,n,p,wall_seconds
0.7731719612136314,0.9370658014037181,0.4909090909090909,0.7094307561597282,0.4897140553148071,2408,0.3334290637564618,0.9302884615384616,1161,2321,9797,87,scale-free,n513p164,glasso,3,513,164,164.21749683609232
