aupr,auroc,f1,f1_opt,mcc,shd,precision,recall,tp,fp,tn,fn,topology,config,method,rep,n,p,wall_seconds
0.8318916623855585,0.9561871655290622,0.4216043755697357,0.7798066595059076,0.44632406329704777,2538,0.27094317516110134,0.9496919917864476,925,2489,9903,49,cluster,n513p164,glasso,35,513,164,88.52797421813011
