aupr,auroc,f1,f1_opt,mcc,shd,precision,recall,tp,fp,tn,fn,topology,config,method,rep,n,p,wall_seconds
0.9327262833784575,0.9977593360995851,0.45977011494252873,0.8947368421052632,0.5355972675636181,47,0.29850746268656714,1.0,20,47,1158,0,hub,n100p50,glasso,7,100,50,76.1591917341575
