aupr,auroc,f1,f1_opt,mcc,shd,precision,recall,tp,fp,tn,fn,topology,config,method,rep,n,p,wall_seconds
0.8598360203719656,0.9665441383584022,0.4793388429752066,0.8205128205128205,0.5180664225246553,126,0.32044198895027626,0.9508196721311475,58,123,1041,3,random,n100p50,glasso,27,100,50,85.26430622022599
