aupr,auroc,f1,f1_opt,mcc,shd,precision,recall,tp,fp,tn,fn,topology,config,method,rep,n,p,wall_seconds
0.8304116424619084,0.9713278008298756,0.43181818181818177,0.7692307692307692,0.5032824865359751,50,0.27941176470588236,0.95,19,49,1156,1,hub,n100p50,glasso,31,100,50,95.16550541622564
