aupr,auroc,f1,f1_opt,mcc,shd,precision,recall,tp,fp,tn,fn,topology,config,method,rep,n,p,wall_seconds
0.9759122636121175,0.9966632138332854,0.421181512090603,0.924357034795764,0.47566862928724885,1891,0.26697710516103995,0.9971014492753624,688,1889,10787,2,random,n513p164,glasso,25,513,164,134.71622929209843
