aupr,auroc,f1,f1_opt,mcc,shd,precision,recall,tp,fp,tn,fn,topology,config,method,rep,n,p,wall_seconds
0.7183454055251395,0.8935012080791543,0.6797202797202797,0.713310580204778,0.6503062218219489,229,0.5799522673031027,0.8209459459459459,243,176,2531,53,scale-free,n237p78,glasso,19,237,78,107.11115005705506
