aupr,auroc,f1,f1_opt,mcc,shd,precision,recall,tp,fp,tn,fn,topology,config,method,rep,n,p,wall_seconds
0.9552502531779402,0.9993388926451806,0.4615384615384615,0.9176470588235294,0.5379134807558783,105,0.3,1.0,45,105,2853,0,hub,n237p78,glasso,1,237,78,128.42056301422417
