aupr,auroc,f1,f1_opt,mcc,shd,precision,recall,tp,fp,tn,fn,topology,config,method,rep,n,p,wall_seconds
0.7796861669074849,0.93572941661271,0.5036002618372245,0.7287716405605937,0.5007070122709649,2275,0.3460269865067466,0.9246794871794872,1154,2181,9937,94,scale-free,n513p164,glasso,10,513,164,167.74864936200902
