aupr,auroc,f1,f1_opt,mcc,shd,precision,recall,tp,fp,tn,fn,topology,config,method,rep,n,p,wall_seconds
0.9035676459056521,0.9840176156481051,0.5156576200417536,0.8533333333333333,0.5730936487739395,464,0.3508522727272727,0.9724409448818898,247,457,12655,7,hub,n513p164,glasso,26,513,164,35.96132016880438
