aupr,auroc,f1,f1_opt,mcc,shd,precision,recall,tp,fp,tn,fn,topology,config,method,rep,n,p,wall_seconds
0.914477602334181,0.9883413269205173,0.5488474204171241,0.8477064220183487,0.6012074170781418,411,0.38109756097560976,0.9803921568627451,250,406,12705,5,hub,n513p164,glasso,48,513,164,71.87880339100957
