aupr,auroc,f1,f1_opt,mcc,shd,precision,recall,tp,fp,tn,fn,topology,config,method,rep,n,p,wall_seconds
0.7920570695733332,0.9377830738126374,0.5038201266099106,0.733277591973244,0.5009182846495102,2273,0.34623462346234624,0.9246794871794872,1154,2179,9939,94,scale-free,n513p164,glasso,33,513,164,150.08632074436173
