aupr,auroc,f1,f1_opt,mcc,shd,precision,recall,tp,fp,tn,fn,topology,config,method,rep,n,p,wall_seconds
0.8108550713564423,0.9501245131571402,0.4219066937119676,0.7563206024744485,0.44394631630608916,2565,0.27169811320754716,0.9435483870967742,936,2509,9865,56,cluster,n513p164,glasso,26,513,164,93.97941787680611
