aupr,auroc,f1,f1_opt,mcc,shd,precision,recall,tp,fp,tn,fn,topology,config,method,rep,n,p,wall_seconds
0.9869990036130252,0.9997520847419427,0.5056179775280898,0.9565217391304347,0.5729573565106139,88,0.3383458646616541,1.0,45,88,2870,0,hub,n237p78,glasso,43,237,78,126.88477552123368
