aupr,auroc,f1,f1_opt,mcc,shd,precision,recall,tp,fp,tn,fn,topology,config,method,rep,n,p,wall_seconds
0.6396608611213086,0.8842218408621199,0.4922118380062306,0.6631578947368422,0.481392799796346,163,0.3511111111111111,0.8229166666666666,79,146,983,17,scale-free,n100p50,glasso,38,100,50,87.35678835771978
