aupr,auroc,f1,f1_opt,mcc,shd,precision,recall,tp,fp,tn,fn,topology,config,method,rep,n,p,wall_seconds
0.7730431830890815,0.9315173629184811,0.4942900237017884,0.715210355987055,0.49051474960920566,2347,0.3380489242558208,0.9190705128205128,1147,2246,9872,101,scale-free,n513p164,glasso,40,513,164,37.71953612565994
