aupr,auroc,f1,f1_opt,mcc,shd,precision,recall,tp,fp,tn,fn,topology,config,method,rep,n,p,wall_seconds
0.9743487077909829,0.9994190871369295,0.5063291139240507,0.9500000000000001,0.5727231575350136,39,0.3389830508474576,1.0,20,39,1166,0,hub,n100p50,glasso,36,100,50,93.47403174219653
