aupr,auroc,f1,f1_opt,mcc,shd,precision,recall,tp,fp,tn,fn,topology,config,method,rep,n,p,wall_seconds
0.9755226024020386,0.9943899382424832,0.42995653627549313,0.9322834645669291,0.48501972914019564,1705,0.27443448570209134,0.9922839506172839,643,1700,11018,5,random,n513p164,glasso,14,513,164,111.46693342132494
