aupr,auroc,f1,f1_opt,mcc,shd,precision,recall,tp,fp,tn,fn,topology,config,method,rep,n,p,wall_seconds
0.790714309560534,0.9462560451874675,0.42508250825082505,0.7325819672131147,0.44433509828897305,2613,0.27443181818181817,0.9424390243902439,966,2554,9787,59,cluster,n513p164,glasso,14,513,164,46.466473915148526
