aupr,auroc,f1,f1_opt,mcc,shd,precision,recall,tp,fp,tn,fn,topology,config,method,rep,n,p,wall_seconds
0.7519827343093961,0.9299537401773631,0.47590361445783136,0.7074829931972789,0.489429298179925,174,0.3224489795918367,0.9080459770114943,79,166,972,8,cluster,n100p50,glasso,16,100,50,44.96753876609728
