aupr,auroc,f1,f1_opt,mcc,shd,precision,recall,tp,fp,tn,fn,topology,config,method,rep,n,p,wall_seconds
0.8335738397531441,0.9572374812612996,0.42707637497216666,0.78199291856348,0.45002518415302156,2573,0.27517934002869443,0.9532803180914513,959,2526,9834,47,cluster,n513p164,glasso,24,513,164,93.10222408175468
