aupr,auroc,f1,f1_opt,mcc,shd,precision,recall,tp,fp,tn,fn,topology,config,method,rep,n,p,wall_seconds
0.9863055687144962,0.9983466782445166,0.4200064123116383,0.9487375669472073,0.4770980007732522,1809,0.26593585058871294,0.9984756097560976,655,1808,10902,1,random,n513p164,glasso,22,513,164,119.35795178124681
