aupr,auroc,f1,f1_opt,mcc,shd,precision,recall,tp,fp,tn,fn,topology,config,method,rep,n,p,wall_seconds
0.7452766518162277,0.9195588415006721,0.411764705882353,0.7234042553191489,0.44703128277385,140,0.2692307692307692,0.875,49,133,1036,7,random,n100p50,glasso,12,100,50,44.566692502237856
