aupr,auroc,f1,f1_opt,mcc,shd,precision,recall,tp,fp,tn,fn,topology,config,method,rep,n,p,wall_seconds
0.8532011556732653,0.9959336099585063,0.4255319148936171,0.7894736842105262,0.5080930756379884,54,0.2702702702702703,1.0,20,54,1151,0,hub,n100p50,glasso,0,100,50,75.45279084984213
