aupr,auroc,f1,f1_opt,mcc,shd,precision,recall,tp,fp,tn,fn,topology,config,method,rep,n,p,wall_seconds
0.9721443312343245,0.9970324844133336,0.43784665579119086,0.9141104294478527,0.4918003172758244,1723,0.28040117007939824,0.9985119047619048,671,1722,10972,1,random,n513p164,glasso,38,513,164,117.18703900370747
