aupr,auroc,f1,f1_opt,mcc,shd,precision,recall,tp,fp,tn,fn,topology,config,method,rep,n,p,wall_seconds
0.9685435810501554,0.9960502290426234,0.4351519111401503,0.9151234567901234,0.48935627932641046,1729,0.2783117425825324,0.9970059880239521,666,1727,10971,2,random,n513p164,glasso,24,513,164,110.2700018081814
