aupr,auroc,f1,f1_opt,mcc,shd,precision,recall,tp,fp,tn,fn,topology,config,method,rep,n,p,wall_seconds
0.6505265705028087,0.892165515809148,0.4168618266978923,0.6517857142857142,0.4118852247635957,249,0.27469135802469136,0.8640776699029126,89,235,887,14,cluster,n100p50,glasso,42,100,50,64.88129435386509
