aupr,auroc,f1,f1_opt,mcc,shd,precision,recall,tp,fp,tn,fn,topology,config,method,rep,n,p,wall_seconds
0.9806972906224714,0.9969394130859041,0.4398289554062309,0.94109396914446,0.49021852144340616,1834,0.28213166144200624,0.997229916897507,720,1832,10812,2,random,n513p164,glasso,20,513,164,115.68969230586663
