aupr,auroc,f1,f1_opt,mcc,shd,precision,recall,tp,fp,tn,fn,topology,config,method,rep,n,p,wall_seconds
0.757863194786999,0.938257565251158,0.4384615384615384,0.7387387387387386,0.47526328167636245,146,0.2878787878787879,0.9193548387096774,57,141,1022,5,random,n100p50,glasso,41,100,50,86.41640183888376
