aupr,auroc,f1,f1_opt,mcc,shd,precision,recall,tp,fp,tn,fn,topology,config,method,rep,n,p,wall_seconds
0.9105825453055558,0.9879372357592263,0.5246589716684156,0.8588709677419355,0.581834506418541,453,0.35816618911174786,0.9803921568627451,250,448,12663,5,hub,n513p164,glasso,20,513,164,40.81131325894967
