aupr,auroc,f1,f1_opt,mcc,shd,precision,recall,tp,fp,tn,fn,topology,config,method,rep,n,p,wall_seconds
0.7269914390818142,0.9155591084550746,0.439766081871345,0.7055837563451777,0.45194543781875895,479,0.29237947122861585,0.8867924528301887,188,455,2336,24,cluster,n237p78,glasso,45,237,78,63.77145814104006
