aupr,auroc,f1,f1_opt,mcc,shd,precision,recall,tp,fp,tn,fn,topology,config,method,rep,n,p,wall_seconds
0.6749814362871287,0.8566304575724598,0.6626506024096386,0.6793760831889081,0.6259274110308201,224,0.5978260869565217,0.7432432432432432,220,148,2559,76,scale-free,n237p78,glasso,22,237,78,110.357226844877
