aupr,auroc,f1,f1_opt,mcc,shd,precision,recall,tp,fp,tn,fn,topology,config,method,rep,n,p,wall_seconds
0.9770638881251092,0.995227190759213,0.4221776887107549,0.9351265822784811,0.4792558648873356,1730,0.2680237489397795,0.9937106918238994,632,1726,11004,4,random,n513p164,glasso,18,513,164,40.10593866277486
