aupr,auroc,f1,f1_opt,mcc,shd,precision,recall,tp,fp,tn,fn,topology,config,method,rep,n,p,wall_seconds
0.8033852932197657,0.9441580945345288,0.42365172189733596,0.7530120481927711,0.43976860901268205,2661,0.27387286474376926,0.9349904397705545,978,2593,9727,68,cluster,n513p164,glasso,28,513,164,101.78761102398857
