aupr,auroc,f1,f1_opt,mcc,shd,precision,recall,tp,fp,tn,fn,topology,config,method,rep,n,p,wall_seconds
0.815627263361655,0.951018870089166,0.43625644804716285,0.7521465369204351,0.46049078370414737,2295,0.28388746803069054,0.9416755037115588,888,2240,10183,55,cluster,n513p164,glasso,30,513,164,86.09727630298585
