aupr,auroc,f1,f1_opt,mcc,shd,precision,recall,tp,fp,tn,fn,topology,config,method,rep,n,p,wall_seconds
0.7290130121556402,0.9082827054982577,0.5216515609264853,0.6956521739130436,0.5035627687401404,475,0.3715925394548063,0.875,259,438,2269,37,scale-free,n237p78,glasso,42,237,78,108.55137661285698
