aupr,auroc,f1,f1_opt,mcc,shd,precision,recall,tp,fp,tn,fn,topology,config,method,rep,n,p,wall_seconds
0.6771561937009788,0.9048912229555008,0.5272727272727272,0.6584615384615384,0.5104060493810644,468,0.3760806916426513,0.8817567567567568,261,433,2274,35,scale-free,n237p78,glasso,45,237,78,106.45016909902915
