aupr,auroc,f1,f1_opt,mcc,shd,precision,recall,tp,fp,tn,fn,topology,config,method,rep,n,p,wall_seconds
0.8524325301138341,0.9632451075529678,0.41972076788830703,0.7902542372881356,0.44540895980232775,2660,0.26841517857142855,0.962,962,2622,9744,38,cluster,n513p164,glasso,17,513,164,93.81477119633928
