aupr,auroc,f1,f1_opt,mcc,shd,precision,recall,tp,fp,tn,fn,topology,config,method,rep,n,p,wall_seconds
0.6868084249214222,0.9274062592264539,0.5028571428571429,0.6428571428571429,0.5101998185117776,174,0.3464566929133858,0.9166666666666666,88,166,963,8,scale-free,n100p50,glasso,43,100,50,87.15282120602205
