aupr,auroc,f1,f1_opt,mcc,shd,precision,recall,tp,fp,tn,fn,topology,config,method,rep,n,p,wall_seconds
0.8018914441526896,0.9487864295769726,0.5137111517367459,0.7235621521335808,0.511737278839952,532,0.35213032581453635,0.9493243243243243,281,517,2190,15,scale-free,n237p78,glasso,2,237,78,107.22364956885576
