aupr,auroc,f1,f1_opt,mcc,shd,precision,recall,tp,fp,tn,fn,topology,config,method,rep,n,p,wall_seconds
0.8300562371890654,0.9662708719851577,0.44078947368421045,0.778523489932886,0.47978597531799255,170,0.2863247863247863,0.9571428571428572,67,167,988,3,random,n100p50,glasso,0,100,50,23.2079816670157
