aupr,auroc,f1,f1_opt,mcc,shd,precision,recall,tp,fp,tn,fn,topology,config,method,rep,n,p,wall_seconds
0.8815340521051941,0.9657997083130774,0.4359861591695502,0.8218527315914489,0.46723090485798346,489,0.2825112107623318,0.9545454545454546,189,480,2325,9,cluster,n237p78,glasso,8,237,78,50.327377582900226
