aupr,auroc,f1,f1_opt,mcc,shd,precision,recall,tp,fp,tn,fn,topology,config,method,rep,n,p,wall_seconds
0.9937709294647596,0.9999023364134926,0.6382978723404256,0.967032967032967,0.678725352000554,51,0.46875,1.0,45,51,2907,0,hub,n237p78,glasso,39,237,78,142.18186230631545
