aupr,auroc,f1,f1_opt,mcc,shd,precision,recall,tp,fp,tn,fn,topology,config,method,rep,n,p,wall_seconds
0.9990543735224587,0.9999849748328451,0.625,0.9887640449438202,0.6680175630198975,54,0.45454545454545453,1.0,45,54,2904,0,hub,n237p78,glasso,40,237,78,126.35965222865343
