aupr,auroc,f1,f1_opt,mcc,shd,precision,recall,tp,fp,tn,fn,topology,config,method,rep,n,p,wall_seconds
0.9279551378126233,0.9747452699627542,0.4700162074554295,0.9096989966555183,0.511632978305135,327,0.3111587982832618,0.9602649006622517,145,321,2531,6,random,n237p78,glasso,44,237,78,71.24811978591606
