aupr,auroc,f1,f1_opt,mcc,shd,precision,recall,tp,fp,tn,fn,topology,config,method,rep,n,p,wall_seconds
0.8019409654743707,0.9461508427149085,0.45401629802095456,0.7832898172323759,0.4758857510773288,469,0.3,0.9330143540669856,195,455,2339,14,cluster,n237p78,glasso,48,237,78,61.688022742047906
