aupr,auroc,f1,f1_opt,mcc,shd,precision,recall,tp,fp,tn,fn,topology,config,method,rep,n,p,wall_seconds
0.9976122334455669,0.9999624370821125,0.46874999999999994,0.9777777777777777,0.5436602822195624,102,0.30612244897959184,1.0,45,102,2856,0,hub,n237p78,glasso,47,237,78,125.31879984261468
