aupr,auroc,f1,f1_opt,mcc,shd,precision,recall,tp,fp,tn,fn,topology,config,method,rep,n,p,wall_seconds
0.9935124487505441,0.9998948238299151,0.46874999999999994,0.9555555555555556,0.5436602822195624,102,0.30612244897959184,1.0,45,102,2856,0,hub,n237p78,glasso,46,237,78,126.03133587911725
