aupr,auroc,f1,f1_opt,mcc,shd,precision,recall,tp,fp,tn,fn,topology,config,method,rep,n,p,wall_seconds
0.8169920293547415,0.9513915144221606,0.42857142857142866,0.7665330661322644,0.45030733773636056,2520,0.2770448548812665,0.9459459459459459,945,2466,9901,54,cluster,n513p164,glasso,7,513,164,88.1906453659758
