aupr,auroc,f1,f1_opt,mcc,shd,precision,recall,tp,fp,tn,fn,topology,config,method,rep,n,p,wall_seconds
0.9781456789254777,0.9996680497925311,0.47619047619047616,0.9523809523809523,0.5487159662505341,44,0.3125,1.0,20,44,1161,0,hub,n100p50,glasso,1,100,50,77.96211367798969
