aupr,auroc,f1,f1_opt,mcc,shd,precision,recall,tp,fp,tn,fn,topology,config,method,rep,n,p,wall_seconds
0.9855162509943665,0.998134763035904,0.4320195539260618,0.9490084985835694,0.48446525492450276,1859,0.27563352826510723,0.998587570621469,707,1858,10800,1,random,n513p164,glasso,2,513,164,110.98590259999037
