aupr,auroc,f1,f1_opt,mcc,shd,precision,recall,tp,fp,tn,fn,topology,config,method,rep,n,p,wall_seconds
0.8669263248433254,0.9590060923967981,0.4645669291338583,0.8305084745762712,0.5010131097843792,136,0.3089005235602094,0.9365079365079365,59,132,1030,4,random,n100p50,glasso,42,100,50,88.90678427228704
