aupr,auroc,f1,f1_opt,mcc,shd,precision,recall,tp,fp,tn,fn,topology,config,method,rep,n,p,wall_seconds
0.9945148374651704,0.9999173615806476,0.4072398190045249,0.9782608695652174,0.4943263287240291,131,0.2556818181818182,1.0,45,131,2827,0,hub,n237p78,glasso,0,237,78,131.30164915602654
