aupr,auroc,f1,f1_opt,mcc,shd,precision,recall,tp,fp,tn,fn,topology,config,method,rep,n,p,wall_seconds
0.991077640810442,0.999427273157571,0.5156794425087108,0.9556313993174061,0.5599899219282938,278,0.3474178403755869,1.0,148,278,2577,0,random,n237p78,glasso,27,237,78,70.28068835986778
