aupr,auroc,f1,f1_opt,mcc,shd,precision,recall,tp,fp,tn,fn,topology,config,method,rep,n,p,wall_seconds
0.6869267629067599,0.9035927812223207,0.4853801169590643,0.6804123711340205,0.48314945765994327,176,0.33739837398373984,0.8645833333333334,83,163,966,13,scale-free,n100p50,glasso,44,100,50,63.29405192611739
