aupr,auroc,f1,f1_opt,mcc,shd,precision,recall,tp,fp,tn,fn,topology,config,method,rep,n,p,wall_seconds
0.9611298942739642,0.9936144945996868,0.3969849246231155,0.9023569023569024,0.45205441703862886,480,0.24803767660910517,0.9937106918238994,158,479,2365,1,random,n237p78,glasso,29,237,78,69.15297744609416
