aupr,auroc,f1,f1_opt,mcc,shd,precision,recall,tp,fp,tn,fn,topology,config,method,rep,n,p,wall_seconds
0.9876146332549804,0.999121376387982,0.4342148220698661,0.9489164086687307,0.4893628492828871,1733,0.2773144286905755,1.0,665,1733,10968,0,random,n513p164,glasso,7,513,164,113.22828676179051
