aupr,auroc,f1,f1_opt,mcc,shd,precision,recall,tp,fp,tn,fn,topology,config,method,rep,n,p,wall_seconds
0.8608746214406661,0.9569942955222374,0.4345945945945946,0.7990314769975787,0.45903210680897527,523,0.28230337078651685,0.9436619718309859,201,511,2279,12,cluster,n237p78,glasso,38,237,78,59.036454536020756
