aupr,auroc,f1,f1_opt,mcc,shd,precision,recall,tp,fp,tn,fn,topology,config,method,rep,n,p,wall_seconds
0.6984602548254322,0.8576101498617198,0.650887573964497,0.7076350093109869,0.6133978642608903,236,0.5789473684210527,0.7432432432432432,220,160,2547,76,scale-free,n237p78,glasso,38,237,78,107.34411302674562
