aupr,auroc,f1,f1_opt,mcc,shd,precision,recall,tp,fp,tn,fn,topology,config,method,rep,n,p,wall_seconds
0.7872719166185378,0.9195561543545681,0.4402985074626865,0.7480916030534351,0.4620138894877811,150,0.295,0.8676470588235294,59,141,1016,9,random,n100p50,glasso,35,100,50,84.74190694792196
