aupr,auroc,f1,f1_opt,mcc,shd,precision,recall,tp,fp,tn,fn,topology,config,method,rep,n,p,wall_seconds
0.7238473986184544,0.9256181472936276,0.430939226519337,0.6710526315789475,0.44834298861029515,206,0.2826086956521739,0.9069767441860465,78,198,941,8,cluster,n100p50,glasso,39,100,50,65.92052099388093
