aupr,auroc,f1,f1_opt,mcc,shd,precision,recall,tp,fp,tn,fn,topology,config,method,rep,n,p,wall_seconds
0.9057651122243771,0.9762617621899059,0.40909090909090906,0.8761904761904763,0.4631471824491003,156,0.25961538461538464,0.9642857142857143,54,154,1015,2,random,n100p50,glasso,30,100,50,84.72979119000956
