aupr,auroc,f1,f1_opt,mcc,shd,precision,recall,tp,fp,tn,fn,topology,config,method,rep,n,p,wall_seconds
0.9827189325313038,0.9973380507419545,0.444744846231835,0.9385898407884761,0.4982194341144493,1643,0.28621139625924313,0.996969696969697,658,1641,11065,2,random,n513p164,glasso,46,513,164,48.76662148581818
