aupr,auroc,f1,f1_opt,mcc,shd,precision,recall,tp,fp,tn,fn,topology,config,method,rep,n,p,wall_seconds
0.9449297417639684,0.9966331220154907,0.5753114382785958,0.8810916179337231,0.6255070566416571,375,0.40445859872611467,0.996078431372549,254,374,12737,1,hub,n513p164,glasso,31,513,164,79.33343520620838
