aupr,auroc,f1,f1_opt,mcc,shd,precision,recall,tp,fp,tn,fn,topology,config,method,rep,n,p,wall_seconds
0.9366958518620925,0.9980082987551867,0.3571428571428571,0.9,0.45210833702044434,72,0.21739130434782608,1.0,20,72,1133,0,hub,n100p50,glasso,5,100,50,76.98590861679986
