aupr,auroc,f1,f1_opt,mcc,shd,precision,recall,tp,fp,tn,fn,topology,config,method,rep,n,p,wall_seconds
0.7940390101090071,0.9394593845785201,0.5233111322549951,0.7314487632508835,0.5165159023298151,501,0.36423841059602646,0.9290540540540541,275,480,2227,21,scale-free,n237p78,glasso,3,237,78,108.18286053277552
