aupr,auroc,f1,f1_opt,mcc,shd,precision,recall,tp,fp,tn,fn,topology,config,method,rep,n,p,wall_seconds
0.6977624498712228,0.9160218061539089,0.5049833887043189,0.6432748538011696,0.5115711393662408,149,0.35348837209302325,0.8837209302325582,76,139,1000,10,cluster,n100p50,glasso,7,100,50,39.486077493056655
