aupr,auroc,f1,f1_opt,mcc,shd,precision,recall,tp,fp,tn,fn,topology,config,method,rep,n,p,wall_seconds
0.7741886792107554,0.9211073143701515,0.5439503619441572,0.7422680412371134,0.5279576343645346,441,0.3919523099850969,0.8885135135135135,263,408,2299,33,scale-free,n237p78,glasso,27,237,78,108.21023043198511
