aupr,auroc,f1,f1_opt,mcc,shd,precision,recall,tp,fp,tn,fn,topology,config,method,rep,n,p,wall_seconds
0.8453565590614053,0.9627798737526237,0.409884959522795,0.7814003206841262,0.4362739707968676,2770,0.2603518267929635,0.9629629629629629,962,2733,9634,37,cluster,n513p164,glasso,4,513,164,92.40273877838627
