aupr,auroc,f1,f1_opt,mcc,shd,precision,recall,tp,fp,tn,fn,topology,config,method,rep,n,p,wall_seconds
0.7748994239670015,0.93591112341886,0.4974226804123711,0.7154673283705542,0.4954661112317343,2340,0.3397887323943662,0.9278846153846154,1158,2250,9868,90,scale-free,n513p164,glasso,2,513,164,148.79441657895222
