aupr,auroc,f1,f1_opt,mcc,shd,precision,recall,tp,fp,tn,fn,topology,config,method,rep,n,p,wall_seconds
0.6630341572303958,0.8423918469633283,0.6687898089171973,0.6914062500000001,0.6315501105951006,208,0.6325301204819277,0.7094594594594594,210,122,2585,86,scale-free,n237p78,glasso,12,237,78,107.03813862567768
