aupr,auroc,f1,f1_opt,mcc,shd,precision,recall,tp,fp,tn,fn,topology,config,method,rep,n,p,wall_seconds
0.7725074069191358,0.9380920983572141,0.4194214876033057,0.7389162561576355,0.4391867226732823,562,0.27102803738317754,0.9269406392694064,203,546,2238,16,cluster,n237p78,glasso,1,237,78,12.388997042085975
