aupr,auroc,f1,f1_opt,mcc,shd,precision,recall,tp,fp,tn,fn,topology,config,method,rep,n,p,wall_seconds
0.8090888164023848,0.9974688796680499,0.44943820224719105,0.8181818181818182,0.527321945932783,49,0.2898550724637681,1.0,20,49,1156,0,hub,n100p50,glasso,40,100,50,93.22931033326313
