aupr,auroc,f1,f1_opt,mcc,shd,precision,recall,tp,fp,tn,fn,topology,config,method,rep,n,p,wall_seconds
0.8195450662052663,0.9546866999081679,0.5052898857384681,0.7520593080724877,0.509456118797944,2338,0.3433007475560667,0.9567307692307693,1194,2284,9834,54,scale-free,n513p164,glasso,32,513,164,165.3090490316972
