aupr,auroc,f1,f1_opt,mcc,shd,precision,recall,tp,fp,tn,fn,topology,config,method,rep,n,p,wall_seconds
0.9867685144233134,0.999792531120332,0.5194805194805194,0.975609756097561,0.5831838221858896,37,0.3508771929824561,1.0,20,37,1168,0,hub,n100p50,glasso,13,100,50,78.23283356009051
