aupr,auroc,f1,f1_opt,mcc,shd,precision,recall,tp,fp,tn,fn,topology,config,method,rep,n,p,wall_seconds
0.7538444954123107,0.9299938098423507,0.5384615384615384,0.6998158379373848,0.5296653186869554,468,0.3802228412256267,0.9222972972972973,273,445,2262,23,scale-free,n237p78,glasso,31,237,78,108.99902409315109
