aupr,auroc,f1,f1_opt,mcc,shd,precision,recall,tp,fp,tn,fn,topology,config,method,rep,n,p,wall_seconds
0.6698098503511161,0.9165746070507976,0.4568245125348189,0.6372549019607844,0.4675382547694066,195,0.30597014925373134,0.9010989010989011,82,186,948,9,cluster,n100p50,glasso,24,100,50,47.78913936391473
