aupr,auroc,f1,f1_opt,mcc,shd,precision,recall,tp,fp,tn,fn,topology,config,method,rep,n,p,wall_seconds
0.9552339904143723,0.9990706319702602,0.3859649122807018,0.9047619047619048,0.47730115147898805,140,0.2391304347826087,1.0,44,140,2819,0,hub,n237p78,glasso,3,237,78,131.008990411181
