aupr,auroc,f1,f1_opt,mcc,shd,precision,recall,tp,fp,tn,fn,topology,config,method,rep,n,p,wall_seconds
0.7668288260375538,0.9240457337403618,0.4954367666232073,0.7374005305039787,0.5028989129137823,387,0.3435804701627486,0.8878504672897196,190,363,2426,24,cluster,n237p78,glasso,4,237,78,47.557082179002464
