aupr,auroc,f1,f1_opt,mcc,shd,precision,recall,tp,fp,tn,fn,topology,config,method,rep,n,p,wall_seconds
0.7878965643290619,0.9345968568689933,0.5029546946815495,0.7313493681206685,0.4992140283837252,2271,0.34598012646793136,0.9206730769230769,1149,2172,9946,99,scale-free,n513p164,glasso,35,513,164,49.350432560779154
