aupr,auroc,f1,f1_opt,mcc,shd,precision,recall,tp,fp,tn,fn,topology,config,method,rep,n,p,wall_seconds
0.8289518362785995,0.9557569308511917,0.4099001302648718,0.7746550843127236,0.4336841154477614,2718,0.26135105204872644,0.9496981891348089,944,2668,9704,50,cluster,n513p164,glasso,11,513,164,97.05069186119363
