aupr,auroc,f1,f1_opt,mcc,shd,precision,recall,tp,fp,tn,fn,topology,config,method,rep,n,p,wall_seconds
0.7780073157184535,0.9496515260754627,0.42063492063492064,0.6976744186046512,0.4653376848282198,146,0.2717948717948718,0.9298245614035088,53,142,1026,4,random,n100p50,glasso,14,100,50,45.26489157928154
