aupr,auroc,f1,f1_opt,mcc,shd,precision,recall,tp,fp,tn,fn,topology,config,method,rep,n,p,wall_seconds
0.8841382117710105,0.9668775826446282,0.4119677790563866,0.8513119533527697,0.4490763130652994,511,0.2624633431085044,0.9572192513368984,179,503,2313,8,cluster,n237p78,glasso,31,237,78,64.82844247762114
