aupr,auroc,f1,f1_opt,mcc,shd,precision,recall,tp,fp,tn,fn,topology,config,method,rep,n,p,wall_seconds
0.97571587616719,0.9979884015947807,0.3924050632911393,0.9460317460317461,0.45050523604913656,480,0.2440944881889764,1.0,155,480,2368,0,random,n237p78,glasso,13,237,78,51.852791065815836
