aupr,auroc,f1,f1_opt,mcc,shd,precision,recall,tp,fp,tn,fn,topology,config,method,rep,n,p,wall_seconds
0.9846862319709783,0.9987040502028051,0.4363876071193144,0.9521640091116172,0.49144992841836616,1710,0.2790893760539629,1.0,662,1710,10994,0,random,n513p164,glasso,49,513,164,67.82170902984217
