aupr,auroc,f1,f1_opt,mcc,shd,precision,recall,tp,fp,tn,fn,topology,config,method,rep,n,p,wall_seconds
0.7681991324810936,0.9284013418664325,0.509915014164306,0.7308377896613191,0.4998634623275381,519,0.35386631716906947,0.9121621621621622,270,493,2214,26,scale-free,n237p78,glasso,26,237,78,110.05197482416406
