aupr,auroc,f1,f1_opt,mcc,shd,precision,recall,tp,fp,tn,fn,topology,config,method,rep,n,p,wall_seconds
0.7713976277461878,0.9355159706264468,0.4885045349082472,0.7159810126582279,0.48685773264556736,2425,0.33152018322359006,0.9278846153846154,1158,2335,9783,90,scale-free,n513p164,glasso,27,513,164,157.62213073624298
