aupr,auroc,f1,f1_opt,mcc,shd,precision,recall,tp,fp,tn,fn,topology,config,method,rep,n,p,wall_seconds
0.6258819260541907,0.8682554620608207,0.5152542372881356,0.6387434554973821,0.49742251345412536,143,0.38190954773869346,0.7916666666666666,76,123,1006,20,scale-free,n100p50,glasso,26,100,50,70.97953612124547
