aupr,auroc,f1,f1_opt,mcc,shd,precision,recall,tp,fp,tn,fn,topology,config,method,rep,n,p,wall_seconds
0.9350880610024698,0.984341786917826,0.4545454545454546,0.8903225806451612,0.49959646629868265,384,0.2957486136783734,0.9815950920245399,160,381,2459,3,random,n237p78,glasso,8,237,78,46.548235300928354
