aupr,auroc,f1,f1_opt,mcc,shd,precision,recall,tp,fp,tn,fn,topology,config,method,rep,n,p,wall_seconds
0.9773765872342036,0.9985208500970322,0.44113263785394935,0.921985815602837,0.4957957474251751,375,0.2829827915869981,1.0,148,375,2480,0,random,n237p78,glasso,41,237,78,69.33589782100171
