aupr,auroc,f1,f1_opt,mcc,shd,precision,recall,tp,fp,tn,fn,topology,config,method,rep,n,p,wall_seconds
0.9276810344326937,0.9918904303565166,0.4753787878787879,0.8701030927835052,0.5439609239450548,554,0.31296758104738154,0.9881889763779528,251,551,12561,3,hub,n513p164,glasso,44,513,164,37.83581010205671
