aupr,auroc,f1,f1_opt,mcc,shd,precision,recall,tp,fp,tn,fn,topology,config,method,rep,n,p,wall_seconds
0.472794569725123,0.7961184307646885,0.4790874524714828,0.5089285714285714,0.44183802282231577,137,0.3772455089820359,0.65625,63,104,1025,33,scale-free,n100p50,glasso,46,100,50,62.35941992606968
