aupr,auroc,f1,f1_opt,mcc,shd,precision,recall,tp,fp,tn,fn,topology,config,method,rep,n,p,wall_seconds
0.6077316569290632,0.8751660761736049,0.5048543689320388,0.6082474226804124,0.4913476204677846,153,0.36619718309859156,0.8125,78,135,994,18,scale-free,n100p50,glasso,23,100,50,71.11230129236355
