aupr,auroc,f1,f1_opt,mcc,shd,precision,recall,tp,fp,tn,fn,topology,config,method,rep,n,p,wall_seconds
0.8890319200366681,0.9679198525558647,0.4167800453514739,0.835030549898167,0.4453430617931502,2572,0.2661453808282653,0.9602925809822361,919,2534,9875,38,cluster,n513p164,glasso,41,513,164,25.532917897216976
