aupr,auroc,f1,f1_opt,mcc,shd,precision,recall,tp,fp,tn,fn,topology,config,method,rep,n,p,wall_seconds
0.9566507936507936,0.9989626556016598,0.47619047619047616,0.8947368421052632,0.5487159662505341,44,0.3125,1.0,20,44,1161,0,hub,n100p50,glasso,44,100,50,96.79742920212448
