aupr,auroc,f1,f1_opt,mcc,shd,precision,recall,tp,fp,tn,fn,topology,config,method,rep,n,p,wall_seconds
0.8810808937118371,0.9696860866802323,0.43944265809217575,0.8410757946210269,0.4690134818530132,523,0.2843273231622746,0.9669811320754716,205,516,2275,7,cluster,n237p78,glasso,30,237,78,67.94930786266923
