aupr,auroc,f1,f1_opt,mcc,shd,precision,recall,tp,fp,tn,fn,topology,config,method,rep,n,p,wall_seconds
0.6084544741214664,0.8433348095659877,0.5035460992907801,0.6242774566473989,0.4775849283612316,140,0.3817204301075269,0.7395833333333334,71,115,1014,25,scale-free,n100p50,glasso,16,100,50,71.20917817391455
