aupr,auroc,f1,f1_opt,mcc,shd,precision,recall,tp,fp,tn,fn,topology,config,method,rep,n,p,wall_seconds
0.8377339835482396,0.9469294605809128,0.4931506849315068,0.8717948717948718,0.5425030406115923,37,0.33962264150943394,0.9,18,35,1170,2,hub,n100p50,glasso,48,100,50,73.01979127991945
