aupr,auroc,f1,f1_opt,mcc,shd,precision,recall,tp,fp,tn,fn,topology,config,method,rep,n,p,wall_seconds
0.9713554940209409,0.9957299265154621,0.4397972116603295,0.927246790299572,0.4913849454392514,1768,0.2822285481903213,0.9956958393113343,694,1765,10904,3,random,n513p164,glasso,6,513,164,106.67494911700487
