aupr,auroc,f1,f1_opt,mcc,shd,precision,recall,tp,fp,tn,fn,topology,config,method,rep,n,p,wall_seconds
0.9600607968535269,0.9991286307053941,0.625,0.9230769230769231,0.6674520709901428,24,0.45454545454545453,1.0,20,24,1181,0,hub,n100p50,glasso,20,100,50,78.31219697603956
