aupr,auroc,f1,f1_opt,mcc,shd,precision,recall,tp,fp,tn,fn,topology,config,method,rep,n,p,wall_seconds
0.8555366343950089,0.9606836986953798,0.42219215155615697,0.7918502202643172,0.4470773582833741,2562,0.2711471610660487,0.9531568228105907,936,2516,9868,46,cluster,n513p164,glasso,23,513,164,93.49511558329687
