aupr,auroc,f1,f1_opt,mcc,shd,precision,recall,tp,fp,tn,fn,topology,config,method,rep,n,p,wall_seconds
0.8060309308062997,0.9460582673549058,0.4946996466431095,0.7453625632377741,0.49250795999858815,572,0.3349282296650718,0.9459459459459459,280,556,2151,16,scale-free,n237p78,glasso,43,237,78,108.35352366836742
