aupr,auroc,f1,f1_opt,mcc,shd,precision,recall,tp,fp,tn,fn,topology,config,method,rep,n,p,wall_seconds
0.7946409548859874,0.9681995950406346,0.4780876494023904,0.7521367521367521,0.5199546676325284,131,0.31746031746031744,0.967741935483871,60,129,1034,2,random,n100p50,glasso,11,100,50,50.61728111701086
