aupr,auroc,f1,f1_opt,mcc,shd,precision,recall,tp,fp,tn,fn,topology,config,method,rep,n,p,wall_seconds
0.8092959728000543,0.960706560922855,0.40148698884758366,0.7272727272727273,0.452160622117134,161,0.25471698113207547,0.9473684210526315,54,158,1010,3,random,n100p50,glasso,20,100,50,45.20489749405533
