aupr,auroc,f1,f1_opt,mcc,shd,precision,recall,tp,fp,tn,fn,topology,config,method,rep,n,p,wall_seconds
0.9747304997603903,0.9951918444638419,0.44885391720834755,0.9375975039001561,0.5011471481353227,1611,0.2898806893504198,0.9939393939393939,656,1607,11099,4,random,n513p164,glasso,41,513,164,35.45545195788145
