aupr,auroc,f1,f1_opt,mcc,shd,precision,recall,tp,fp,tn,fn,topology,config,method,rep,n,p,wall_seconds
0.9616987856099972,0.988163924573661,0.4489795918367347,0.9302325581395349,0.5234928079821362,108,0.2913907284768212,0.9777777777777777,44,107,2851,1,hub,n237p78,glasso,30,237,78,145.42418859200552
