aupr,auroc,f1,f1_opt,mcc,shd,precision,recall,tp,fp,tn,fn,topology,config,method,rep,n,p,wall_seconds
0.9481389534639807,0.9924624945380396,0.42244224422442245,0.9007633587786259,0.48304549513650163,350,0.26834381551362685,0.9922480620155039,128,349,2525,1,random,n237p78,glasso,30,237,78,71.6703389370814
