aupr,auroc,f1,f1_opt,mcc,shd,precision,recall,tp,fp,tn,fn,topology,config,method,rep,n,p,wall_seconds
0.8249340881347978,0.9468857017342425,0.5072727272727273,0.7641996557659209,0.5039810566368365,542,0.34701492537313433,0.9425675675675675,279,525,2182,17,scale-free,n237p78,glasso,37,237,78,109.21055120462552
