aupr,auroc,f1,f1_opt,mcc,shd,precision,recall,tp,fp,tn,fn,topology,config,method,rep,n,p,wall_seconds
0.5133311276670762,0.8470207779746088,0.45592705167173253,0.5358851674641149,0.4391492649910698,179,0.3218884120171674,0.78125,75,158,971,21,scale-free,n100p50,glasso,41,100,50,85.88863105187193
