aupr,auroc,f1,f1_opt,mcc,shd,precision,recall,tp,fp,tn,fn,topology,config,method,rep,n,p,wall_seconds
0.7643351452648541,0.9362638404936152,0.49154051647373104,0.7153024911032029,0.48637073351510907,571,0.33373639661426846,0.9324324324324325,276,551,2156,20,scale-free,n237p78,glasso,15,237,78,108.46503808908165
