aupr,auroc,f1,f1_opt,mcc,shd,precision,recall,tp,fp,tn,fn,topology,config,method,rep,n,p,wall_seconds
0.7488239135219742,0.9147975439410883,0.45625000000000004,0.7204968944099379,0.46821397653440666,174,0.3080168776371308,0.8795180722891566,73,164,978,10,cluster,n100p50,glasso,40,100,50,63.26522832317278
