aupr,auroc,f1,f1_opt,mcc,shd,precision,recall,tp,fp,tn,fn,topology,config,method,rep,n,p,wall_seconds
0.3992611671064046,0.6901161349825011,0.5141955835962145,0.5144660704892162,0.5101065424523478,924,0.7477064220183486,0.3918269230769231,489,165,11953,759,scale-free,n513p164,glasso,5,513,164,156.5884246272035
