aupr,auroc,f1,f1_opt,mcc,shd,precision,recall,tp,fp,tn,fn,topology,config,method,rep,n,p,wall_seconds
0.929952416136485,0.9943926462746154,0.5185185185185185,0.8605108055009824,0.5792982385998983,468,0.35097493036211697,0.9921259842519685,252,466,12646,2,hub,n513p164,glasso,39,513,164,82.30897726910189
