aupr,auroc,f1,f1_opt,mcc,shd,precision,recall,tp,fp,tn,fn,topology,config,method,rep,n,p,wall_seconds
0.7082350561351678,0.893254122420789,0.44155844155844154,0.6875,0.44802057584206045,172,0.29955947136563876,0.8395061728395061,68,159,985,13,cluster,n100p50,glasso,3,100,50,38.66948164300993
