aupr,auroc,f1,f1_opt,mcc,shd,precision,recall,tp,fp,tn,fn,topology,config,method,rep,n,p,wall_seconds
0.8580342067671235,0.9625379964592311,0.4549763033175355,0.8282828282828283,0.5013485523967804,115,0.3,0.9411764705882353,48,112,1062,3,random,n100p50,glasso,21,100,50,44.95736149325967
