aupr,auroc,f1,f1_opt,mcc,shd,precision,recall,tp,fp,tn,fn,topology,config,method,rep,n,p,wall_seconds
0.9774926984441342,0.9981165265907355,0.45463743676222595,0.9285714285714286,0.5066688905047378,1617,0.29419467481449146,1.0,674,1617,11075,0,random,n513p164,glasso,34,513,164,43.134917146060616
