aupr,auroc,f1,f1_opt,mcc,shd,precision,recall,tp,fp,tn,fn,topology,config,method,rep,n,p,wall_seconds
0.7731609064238317,0.9382575652511581,0.5161290322580645,0.7521367521367521,0.5394298265722713,105,0.36129032258064514,0.9032258064516129,56,99,1064,6,random,n100p50,glasso,18,100,50,44.818418067879975
