aupr,auroc,f1,f1_opt,mcc,shd,precision,recall,tp,fp,tn,fn,topology,config,method,rep,n,p,wall_seconds
0.6121765686468077,0.8204579718247986,0.6449511400651466,0.6543624161073827,0.6050606225139956,218,0.6226415094339622,0.668918918918919,198,120,2587,98,scale-free,n237p78,glasso,23,237,78,109.56312988977879
