aupr,auroc,f1,f1_opt,mcc,shd,precision,recall,tp,fp,tn,fn,topology,config,method,rep,n,p,wall_seconds
0.7976891573565575,0.9533874931046588,0.3880597014925373,0.7703703703703704,0.42953779577234125,205,0.24436090225563908,0.9420289855072463,65,201,955,4,random,n100p50,glasso,43,100,50,85.84532155096531
