aupr,auroc,f1,f1_opt,mcc,shd,precision,recall,tp,fp,tn,fn,topology,config,method,rep,n,p,wall_seconds
0.9909724408667883,0.9998422357448726,0.4591836734693878,0.9565217391304347,0.536035384415036,106,0.2980132450331126,1.0,45,106,2852,0,hub,n237p78,glasso,15,237,78,138.3434807145968
