aupr,auroc,f1,f1_opt,mcc,shd,precision,recall,tp,fp,tn,fn,topology,config,method,rep,n,p,wall_seconds
0.9397858064376104,0.9906348935638689,0.5364806866952789,0.8840864440078585,0.5921052962180899,432,0.3687315634218289,0.984251968503937,250,428,12684,4,hub,n513p164,glasso,43,513,164,96.88813516777009
