aupr,auroc,f1,f1_opt,mcc,shd,precision,recall,tp,fp,tn,fn,topology,config,method,rep,n,p,wall_seconds
0.6264341046520533,0.868993578387954,0.46385542168674704,0.6265060240963857,0.4506035511485709,178,0.326271186440678,0.8020833333333334,77,159,970,19,scale-free,n100p50,glasso,32,100,50,89.69867832399905
