aupr,auroc,f1,f1_opt,mcc,shd,precision,recall,tp,fp,tn,fn,topology,config,method,rep,n,p,wall_seconds
0.9280219440760668,0.9904605263157895,0.5004965243296922,0.8719999999999999,0.5632384406949025,503,0.3355525965379494,0.984375,252,499,12611,4,hub,n513p164,glasso,6,513,164,19.07179396599531
