aupr,auroc,f1,f1_opt,mcc,shd,precision,recall,tp,fp,tn,fn,topology,config,method,rep,n,p,wall_seconds
0.8002604987938566,0.9391604848291216,0.5140186915887851,0.7432216905901116,0.5075231116015795,520,0.355297157622739,0.9290540540540541,275,499,2208,21,scale-free,n237p78,glasso,4,237,78,107.70453665917739
