aupr,auroc,f1,f1_opt,mcc,shd,precision,recall,tp,fp,tn,fn,topology,config,method,rep,n,p,wall_seconds
0.8831363532408423,0.9980361351139042,0.4086021505376344,0.8500000000000001,0.49502251069225345,55,0.25675675675675674,1.0,19,55,1151,0,hub,n100p50,glasso,43,100,50,96.07551189605147
