aupr,auroc,f1,f1_opt,mcc,shd,precision,recall,tp,fp,tn,fn,topology,config,method,rep,n,p,wall_seconds
0.6974065443801231,0.9034135724198524,0.5276073619631901,0.6585365853658537,0.5086986644233892,462,0.3782991202346041,0.8716216216216216,258,424,2283,38,scale-free,n237p78,glasso,39,237,78,107.29916080506518
