aupr,auroc,f1,f1_opt,mcc,shd,precision,recall,tp,fp,tn,fn,topology,config,method,rep,n,p,wall_seconds
0.9768341867698727,0.9966163146252615,0.4225352112676056,0.9372056514913657,0.4795598675422021,1763,0.26807980049875313,0.9969088098918083,645,1761,10958,2,random,n513p164,glasso,32,513,164,146.04828166682273
