aupr,auroc,f1,f1_opt,mcc,shd,precision,recall,tp,fp,tn,fn,topology,config,method,rep,n,p,wall_seconds
0.9618046181780973,0.9939781858545885,0.44036697247706424,0.9124087591240875,0.4944481475662509,366,0.2829076620825147,0.993103448275862,144,365,2493,1,random,n237p78,glasso,38,237,78,70.75972499186173
