aupr,auroc,f1,f1_opt,mcc,shd,precision,recall,tp,fp,tn,fn,topology,config,method,rep,n,p,wall_seconds
0.9607772015007113,0.9953605788284348,0.5400213447171825,0.9261477045908183,0.5964634229930773,431,0.3709677419354839,0.9921568627450981,253,429,12682,2,hub,n513p164,glasso,38,513,164,39.14941036514938
