aupr,auroc,f1,f1_opt,mcc,shd,precision,recall,tp,fp,tn,fn,topology,config,method,rep,n,p,wall_seconds
0.9821337791713913,0.9988967391304349,0.4129032258064516,0.935361216730038,0.47667992822927857,364,0.2601626016260163,1.0,128,364,2511,0,random,n237p78,glasso,6,237,78,48.35234337486327
