aupr,auroc,f1,f1_opt,mcc,shd,precision,recall,tp,fp,tn,fn,topology,config,method,rep,n,p,wall_seconds
0.8765821281225183,0.9744774141808609,0.4282655246252677,0.7982062780269059,0.46266430540323933,534,0.27434842249657065,0.975609756097561,200,529,2269,5,cluster,n237p78,glasso,0,237,78,12.988451320212334
