aupr,auroc,f1,f1_opt,mcc,shd,precision,recall,tp,fp,tn,fn,topology,config,method,rep,n,p,wall_seconds
0.5654930249247571,0.8660918585769118,0.501628664495114,0.5742574257425742,0.4864001371071767,153,0.36492890995260663,0.8020833333333334,77,134,995,19,scale-free,n100p50,glasso,36,100,50,86.44226473895833
