aupr,auroc,f1,f1_opt,mcc,shd,precision,recall,tp,fp,tn,fn,topology,config,method,rep,n,p,wall_seconds
0.8969886754638015,0.9727385892116182,0.3877551020408163,0.8372093023255814,0.46765146815283687,60,0.24358974358974358,0.95,19,59,1146,1,hub,n100p50,glasso,24,100,50,75.94105122191831
