aupr,auroc,f1,f1_opt,mcc,shd,precision,recall,tp,fp,tn,fn,topology,config,method,rep,n,p,wall_seconds
0.9422486530472113,0.9964285075800915,0.4678899082568808,0.8804780876494023,0.5394269785818883,580,0.3057553956834532,0.99609375,255,579,12531,1,hub,n513p164,glasso,10,513,164,84.85895232111216
