aupr,auroc,f1,f1_opt,mcc,shd,precision,recall,tp,fp,tn,fn,topology,config,method,rep,n,p,wall_seconds
0.9618362818676287,0.9993013297272931,0.42857142857142855,0.9230769230769231,0.5115303373252233,120,0.2727272727272727,1.0,45,120,2838,0,hub,n237p78,glasso,33,237,78,145.2269458458759
