aupr,auroc,f1,f1_opt,mcc,shd,precision,recall,tp,fp,tn,fn,topology,config,method,rep,n,p,wall_seconds
0.6743054087470332,0.8881578947368423,0.4345679012345679,0.6666666666666666,0.424815170141497,229,0.292358803986711,0.8461538461538461,88,213,908,16,cluster,n100p50,glasso,38,100,50,65.25130114005879
