aupr,auroc,f1,f1_opt,mcc,shd,precision,recall,tp,fp,tn,fn,topology,config,method,rep,n,p,wall_seconds
0.5500730776453499,0.8514587023914969,0.5387453874538746,0.5816326530612245,0.5146238198118356,125,0.41714285714285715,0.7604166666666666,73,102,1027,23,scale-free,n100p50,glasso,21,100,50,72.10233638901263
