aupr,auroc,f1,f1_opt,mcc,shd,precision,recall,tp,fp,tn,fn,topology,config,method,rep,n,p,wall_seconds
0.6638908286587104,0.907398693534101,0.47887323943661975,0.6511627906976745,0.4813251053963791,185,0.3281853281853282,0.8854166666666666,85,174,955,11,scale-free,n100p50,glasso,40,100,50,85.63693613512442
