aupr,auroc,f1,f1_opt,mcc,shd,precision,recall,tp,fp,tn,fn,topology,config,method,rep,n,p,wall_seconds
0.7961318183752213,0.927176811594203,0.3850574712643678,0.7887323943661971,0.4114351222440109,214,0.2454212454212454,0.8933333333333333,67,206,944,8,cluster,n100p50,glasso,23,100,50,43.39487425191328
