aupr,auroc,f1,f1_opt,mcc,shd,precision,recall,tp,fp,tn,fn,topology,config,method,rep,n,p,wall_seconds
0.9956349206349208,0.9999173615806476,0.4147465437788019,0.9887640449438202,0.5003949098512003,127,0.2616279069767442,1.0,45,127,2831,0,hub,n237p78,glasso,19,237,78,123.67266438016668
