aupr,auroc,f1,f1_opt,mcc,shd,precision,recall,tp,fp,tn,fn,topology,config,method,rep,n,p,wall_seconds
0.888139267942639,0.970704042191959,0.4568527918781726,0.8705882352941177,0.5088008838491538,107,0.3,0.9574468085106383,45,105,1073,2,random,n100p50,glasso,13,100,50,45.686283563729376
