aupr,auroc,f1,f1_opt,mcc,shd,precision,recall,tp,fp,tn,fn,topology,config,method,rep,n,p,wall_seconds
0.7818764687652867,0.9366557708706269,0.49087823504454814,0.723874256584537,0.4889758697942865,2400,0.3338141950375072,0.9270833333333334,1157,2309,9809,91,scale-free,n513p164,glasso,6,513,164,31.998067778069526
