aupr,auroc,f1,f1_opt,mcc,shd,precision,recall,tp,fp,tn,fn,topology,config,method,rep,n,p,wall_seconds
0.8381196140867393,0.9971784232365146,0.4255319148936171,0.8444444444444444,0.5080930756379884,54,0.2702702702702703,1.0,20,54,1151,0,hub,n100p50,glasso,15,100,50,76.1058810679242
