aupr,auroc,f1,f1_opt,mcc,shd,precision,recall,tp,fp,tn,fn,topology,config,method,rep,n,p,wall_seconds
0.9820152011694082,0.9971667432913108,0.43156843156843155,0.9467918622848199,0.487302277308709,1707,0.2753931151721207,0.9969230769230769,648,1705,11011,2,random,n513p164,glasso,29,513,164,148.90519743598998
