aupr,auroc,f1,f1_opt,mcc,shd,precision,recall,tp,fp,tn,fn,topology,config,method,rep,n,p,wall_seconds
0.824442235162765,0.9519866666542683,0.41330275229357794,0.7630979498861048,0.43903715496180484,2558,0.26445553272673905,0.9454354669464848,901,2506,9907,52,cluster,n513p164,glasso,48,513,164,90.42647879710421
