aupr,auroc,f1,f1_opt,mcc,shd,precision,recall,tp,fp,tn,fn,topology,config,method,rep,n,p,wall_seconds
0.82087509246523,0.9692145949288807,0.4035608308605341,0.736,0.44928440451505536,201,0.2546816479400749,0.9714285714285714,68,199,956,2,random,n100p50,glasso,8,100,50,47.37269772216678
