aupr,auroc,f1,f1_opt,mcc,shd,precision,recall,tp,fp,tn,fn,topology,config,method,rep,n,p,wall_seconds
0.8700923958141662,0.967803736492413,0.45626477541371163,0.8106666666666668,0.4861440343077161,460,0.2992248062015504,0.9601990049751243,193,452,2350,8,cluster,n237p78,glasso,35,237,78,69.20283487299457
