aupr,auroc,f1,f1_opt,mcc,shd,precision,recall,tp,fp,tn,fn,topology,config,method,rep,n,p,wall_seconds
0.7613283765935042,0.9290374838854832,0.43278998346326486,0.7229660144181256,0.4463207820860833,2401,0.28376703841387857,0.9114427860696518,916,2312,10049,89,cluster,n513p164,glasso,1,513,164,88.54600171884522
