aupr,auroc,f1,f1_opt,mcc,shd,precision,recall,tp,fp,tn,fn,topology,config,method,rep,n,p,wall_seconds
0.683831953849125,0.8934898139946855,0.5192307692307693,0.6424870466321243,0.5106857619152191,150,0.375,0.84375,81,135,994,15,scale-free,n100p50,glasso,45,100,50,63.84024089295417
