aupr,auroc,f1,f1_opt,mcc,shd,precision,recall,tp,fp,tn,fn,topology,config,method,rep,n,p,wall_seconds
0.998518030547016,0.9999774622492675,0.4411764705882353,0.989010989010989,0.5216430264569528,114,0.2830188679245283,1.0,45,114,2844,0,hub,n237p78,glasso,28,237,78,146.87906387494877
