aupr,auroc,f1,f1_opt,mcc,shd,precision,recall,tp,fp,tn,fn,topology,config,method,rep,n,p,wall_seconds
0.8198484257219077,0.9511494155743191,0.4397790055248619,0.7990430622009569,0.46307228947307566,507,0.28715728715728717,0.9386792452830188,199,494,2297,13,cluster,n237p78,glasso,19,237,78,50.42302146088332
