aupr,auroc,f1,f1_opt,mcc,shd,precision,recall,tp,fp,tn,fn,topology,config,method,rep,n,p,wall_seconds
0.9327759064697025,0.993269535903612,0.3976083707025411,0.9090909090909091,0.4599612300858736,403,0.2485981308411215,0.9925373134328358,133,402,2467,1,random,n237p78,glasso,10,237,78,46.93870945088565
