aupr,auroc,f1,f1_opt,mcc,shd,precision,recall,tp,fp,tn,fn,topology,config,method,rep,n,p,wall_seconds
0.9416674070998592,0.9894831830045924,0.43057324840764327,0.8953488372093024,0.4775765250874017,447,0.2752442996742671,0.9883040935672515,169,445,2387,2,random,n237p78,glasso,42,237,78,71.57120424788445
