aupr,auroc,f1,f1_opt,mcc,shd,precision,recall,tp,fp,tn,fn,topology,config,method,rep,n,p,wall_seconds
0.6675677573584851,0.8914138618246237,0.49844236760124616,0.6923076923076923,0.48923724515385214,161,0.35555555555555557,0.8333333333333334,80,145,984,16,scale-free,n100p50,glasso,28,100,50,86.8212313009426
