aupr,auroc,f1,f1_opt,mcc,shd,precision,recall,tp,fp,tn,fn,topology,config,method,rep,n,p,wall_seconds
0.8683813830749887,0.965221102219458,0.42754367934224047,0.8079470198675498,0.4544798940416777,557,0.2751322751322751,0.9585253456221198,208,548,2238,9,cluster,n237p78,glasso,2,237,78,12.827652310021222
