aupr,auroc,f1,f1_opt,mcc,shd,precision,recall,tp,fp,tn,fn,topology,config,method,rep,n,p,wall_seconds
0.6185361390575018,0.8673328166519043,0.5016501650165017,0.6321243523316062,0.48454657001633644,151,0.3671497584541063,0.7916666666666666,76,131,998,20,scale-free,n100p50,glasso,9,100,50,61.77312142215669
