aupr,auroc,f1,f1_opt,mcc,shd,precision,recall,tp,fp,tn,fn,topology,config,method,rep,n,p,wall_seconds
0.8221969698484837,0.9949377593360996,0.43010752688172044,0.8000000000000002,0.5117835045039006,53,0.273972602739726,1.0,20,53,1152,0,hub,n100p50,glasso,12,100,50,78.04070357000455
