aupr,auroc,f1,f1_opt,mcc,shd,precision,recall,tp,fp,tn,fn,topology,config,method,rep,n,p,wall_seconds
0.9687980751707057,0.9951479098781433,0.4438676184295911,0.9235337787676318,0.4955523711053072,1714,0.28559498956158663,0.9956331877729258,684,1711,10968,3,random,n513p164,glasso,47,513,164,66.79671261832118
