aupr,auroc,f1,f1_opt,mcc,shd,precision,recall,tp,fp,tn,fn,topology,config,method,rep,n,p,wall_seconds
0.6706566192201691,0.9233281665190434,0.47058823529411764,0.6470588235294118,0.4801811806490377,198,0.31654676258992803,0.9166666666666666,88,190,939,8,scale-free,n100p50,glasso,13,100,50,64.27729387115687
