aupr,auroc,f1,f1_opt,mcc,shd,precision,recall,tp,fp,tn,fn,topology,config,method,rep,n,p,wall_seconds
0.789401997025405,0.9338540458330111,0.5194805194805194,0.7543859649122806,0.5380121665417457,111,0.36585365853658536,0.8955223880597015,60,104,1054,7,random,n100p50,glasso,19,100,50,45.12173813208938
