aupr,auroc,f1,f1_opt,mcc,shd,precision,recall,tp,fp,tn,fn,topology,config,method,rep,n,p,wall_seconds
0.8639633529759949,0.9585671683847184,0.42424242424242414,0.8333333333333333,0.45960005961460837,190,0.2734375,0.9459459459459459,70,186,965,4,cluster,n100p50,glasso,21,100,50,46.495169220957905
