aupr,auroc,f1,f1_opt,mcc,shd,precision,recall,tp,fp,tn,fn,topology,config,method,rep,n,p,wall_seconds
0.9335942831154338,0.9922301412281916,0.3880308880308881,0.8922305764411027,0.43156912229706973,634,0.2407185628742515,1.0,201,634,2168,0,cluster,n237p78,glasso,21,237,78,67.32030767900869
