aupr,auroc,f1,f1_opt,mcc,shd,precision,recall,tp,fp,tn,fn,topology,config,method,rep,n,p,wall_seconds
0.9886825108458956,0.9998046728269852,0.39647577092511016,0.9438202247191012,0.48559367483374366,137,0.24725274725274726,1.0,45,137,2821,0,hub,n237p78,gglasso,6,237,78,4.80395697709173
