aupr,auroc,f1,f1_opt,mcc,shd,precision,recall,tp,fp,tn,fn,topology,config,method,rep,n,p,wall_seconds
0.9468304015645793,0.9868724617644518,0.5087440381558029,0.8954248366013072,0.5468094123812922,309,0.34334763948497854,0.9815950920245399,160,306,2534,3,random,n237p78,gglasso,12,237,78,4.769517690874636
