aupr,auroc,f1,f1_opt,mcc,shd,precision,recall,tp,fp,tn,fn,topology,config,method,rep,n,p,wall_seconds
0.37422602576788233,0.6728841406193795,0.48212351029252437,0.482308111050626,0.48406013506701473,956,0.7441471571906354,0.35657051282051283,445,153,11965,803,scale-free,n513p164,gglasso,44,513,164,24.5534489848651
