aupr,auroc,f1,f1_opt,mcc,shd,precision,recall,tp,fp,tn,fn,topology,config,method,rep,n,p,wall_seconds
0.9178762997486469,0.9678711799245405,0.8211920529801323,0.8779304769603881,0.8179590718437998,270,0.7294117647058823,0.9393939393939394,620,230,12476,40,random,n513p164,gglasso,3,513,164,27.044845094904304
