aupr,auroc,f1,f1_opt,mcc,shd,precision,recall,tp,fp,tn,fn,topology,config,method,rep,n,p,wall_seconds
0.878200649660567,0.9884239491412847,0.22040816326530613,0.8282828282828282,0.28887748162580695,382,0.12385321100917432,1.0,54,382,789,0,random,n100p50,gglasso,15,100,50,15.451393073890358
