aupr,auroc,f1,f1_opt,mcc,shd,precision,recall,tp,fp,tn,fn,topology,config,method,rep,n,p,wall_seconds
0.7317677227748118,0.9363466932388544,0.43689320388349523,0.6923076923076924,0.45291301298135256,232,0.2848101265822785,0.9375,90,226,903,6,scale-free,n100p50,gglasso,48,100,50,7.216644254047424
