aupr,auroc,f1,f1_opt,mcc,shd,precision,recall,tp,fp,tn,fn,topology,config,method,rep,n,p,wall_seconds
0.6116694714046507,0.8227755368963349,0.6461038961038961,0.6666666666666667,0.6062984583030765,218,0.621875,0.6722972972972973,199,121,2586,97,scale-free,n237p78,gglasso,44,237,78,4.3749505169689655
