aupr,auroc,f1,f1_opt,mcc,shd,precision,recall,tp,fp,tn,fn,topology,config,method,rep,n,p,wall_seconds
0.7278419714193782,0.8715717009954173,0.6551724137931034,0.7185185185185186,0.6199793549943948,240,0.57,0.7702702702702703,228,172,2535,68,scale-free,n237p78,gglasso,38,237,78,5.067797345109284
