aupr,auroc,f1,f1_opt,mcc,shd,precision,recall,tp,fp,tn,fn,topology,config,method,rep,n,p,wall_seconds
0.6420894156622948,0.9251411647475642,0.4018058690744921,0.64,0.41665430349629523,265,0.2564841498559078,0.9270833333333334,89,258,871,7,scale-free,n100p50,gglasso,36,100,50,8.362360971979797
