aupr,auroc,f1,f1_opt,mcc,shd,precision,recall,tp,fp,tn,fn,topology,config,method,rep,n,p,wall_seconds
0.7500590409905097,0.9246936817242397,0.4009216589861751,0.7231638418079096,0.4112194771640886,260,0.257396449704142,0.90625,87,251,878,9,scale-free,n100p50,gglasso,31,100,50,7.312659184914082
