aupr,auroc,f1,f1_opt,mcc,shd,precision,recall,tp,fp,tn,fn,topology,config,method,rep,n,p,wall_seconds
0.7811792961621856,0.9442977777777777,0.34734917733089576,0.7593582887700535,0.3623663657149613,357,0.21252796420581654,0.95,95,352,773,5,cluster,n100p50,gglasso,18,100,50,4.181496576871723
