aupr,auroc,f1,f1_opt,mcc,shd,precision,recall,tp,fp,tn,fn,topology,config,method,rep,n,p,wall_seconds
0.9699145632564269,0.9989106753812635,0.43902439024390244,0.9425287356321839,0.5199189065336985,115,0.28125,1.0,45,115,2843,0,hub,n237p78,gglasso,23,237,78,6.594684050884098
