aupr,auroc,f1,f1_opt,mcc,shd,precision,recall,tp,fp,tn,fn,topology,config,method,rep,n,p,wall_seconds
0.6599334674797426,0.8471280663744647,0.6615146831530139,0.6777408637873754,0.6238120464628426,219,0.6096866096866097,0.722972972972973,214,137,2570,82,scale-free,n237p78,gglasso,1,237,78,8.172117109876126
