aupr,auroc,f1,f1_opt,mcc,shd,precision,recall,tp,fp,tn,fn,topology,config,method,rep,n,p,wall_seconds
0.7282391789525959,0.9615813508920985,0.19789473684210526,0.7126436781609194,0.26724142548906,381,0.11007025761124122,0.9791666666666666,47,380,797,1,random,n100p50,gglasso,3,100,50,12.365940707270056
