aupr,auroc,f1,f1_opt,mcc,shd,precision,recall,tp,fp,tn,fn,topology,config,method,rep,n,p,wall_seconds
0.8623143668393262,0.963689905261918,0.47154471544715454,0.8170426065162907,0.495205113695175,455,0.3132716049382716,0.9530516431924883,203,445,2345,10,cluster,n237p78,gglasso,3,237,78,15.958524188026786
