aupr,auroc,f1,f1_opt,mcc,shd,precision,recall,tp,fp,tn,fn,topology,config,method,rep,n,p,wall_seconds
0.8498627061642731,0.9651860485193817,0.27444253859348194,0.8104575163398693,0.3126554557592701,423,0.1593625498007968,0.9876543209876543,80,422,722,1,cluster,n100p50,gglasso,35,100,50,6.638728803023696
