aupr,auroc,f1,f1_opt,mcc,shd,precision,recall,tp,fp,tn,fn,topology,config,method,rep,n,p,wall_seconds
0.8101793865431635,0.9692838196286472,0.3011764705882353,0.746031746031746,0.3589365733621118,297,0.17777777777777778,0.9846153846153847,64,296,864,1,random,n100p50,gglasso,1,100,50,14.330783498007804
