aupr,auroc,f1,f1_opt,mcc,shd,precision,recall,tp,fp,tn,fn,topology,config,method,rep,n,p,wall_seconds
0.5976287836508049,0.8635551291457381,0.32911392405063294,0.5939393939393939,0.32381996446909317,318,0.20526315789473684,0.8297872340425532,78,302,829,16,cluster,n100p50,gglasso,33,100,50,5.904138945043087
