aupr,auroc,f1,f1_opt,mcc,shd,precision,recall,tp,fp,tn,fn,topology,config,method,rep,n,p,wall_seconds
0.8990671417252334,0.95826355049523,0.8256374913852516,0.8668206312548113,0.8205872934463806,253,0.74875,0.9201228878648233,599,201,12514,52,random,n513p164,gglasso,23,513,164,31.652826553210616
