aupr,auroc,f1,f1_opt,mcc,shd,precision,recall,tp,fp,tn,fn,topology,config,method,rep,n,p,wall_seconds
0.2945510595740274,0.6268677846263876,0.3899521531100479,0.39018551765409937,0.42022718310542273,1020,0.7688679245283019,0.26121794871794873,326,98,12020,922,scale-free,n513p164,gglasso,42,513,164,17.719225312117487
