aupr,auroc,f1,f1_opt,mcc,shd,precision,recall,tp,fp,tn,fn,topology,config,method,rep,n,p,wall_seconds
0.6574665545968761,0.991701244813278,0.11299435028248588,0.6470588235294117,0.21042003717357222,314,0.059880239520958084,1.0,20,314,891,0,hub,n100p50,gglasso,14,100,50,6.355738434009254
