aupr,auroc,f1,f1_opt,mcc,shd,precision,recall,tp,fp,tn,fn,topology,config,method,rep,n,p,wall_seconds
0.7915969319112536,0.9330503551282773,0.4778156996587031,0.7470449172576832,0.486527220551108,459,0.32407407407407407,0.9090909090909091,210,438,2334,21,cluster,n237p78,gglasso,12,237,78,14.36255945917219
