aupr,auroc,f1,f1_opt,mcc,shd,precision,recall,tp,fp,tn,fn,topology,config,method,rep,n,p,wall_seconds
0.2983014081881476,0.6258773899602625,0.38798798798798806,0.38822115384615385,0.42015451994751435,1019,0.7745803357314148,0.2588141025641026,323,94,12024,925,scale-free,n513p164,gglasso,49,513,164,11.328267767094076
