aupr,auroc,f1,f1_opt,mcc,shd,precision,recall,tp,fp,tn,fn,topology,config,method,rep,n,p,wall_seconds
0.6381646669086752,0.8446237798710157,0.6714697406340057,0.6814292903875188,0.6448228550742334,684,0.6383561643835617,0.7082066869300911,699,396,11983,288,cluster,n513p164,gglasso,26,513,164,46.611152538098395
