aupr,auroc,f1,f1_opt,mcc,shd,precision,recall,tp,fp,tn,fn,topology,config,method,rep,n,p,wall_seconds
0.5983945138617204,0.8293522228849557,0.6730964467005076,0.6735751295336787,0.6470992941900936,644,0.6696969696969697,0.676530612244898,663,327,12059,317,cluster,n513p164,gglasso,40,513,164,48.99789782986045
