aupr,auroc,f1,f1_opt,mcc,shd,precision,recall,tp,fp,tn,fn,topology,config,method,rep,n,p,wall_seconds
0.7473335671487781,0.895302718677303,0.6787709497206704,0.7246376811594203,0.6493398273194967,230,0.5785714285714286,0.8209459459459459,243,177,2530,53,scale-free,n237p78,gglasso,29,237,78,3.473572473973036
