aupr,auroc,f1,f1_opt,mcc,shd,precision,recall,tp,fp,tn,fn,topology,config,method,rep,n,p,wall_seconds
0.9684215331664469,0.9906813833842377,0.46376811594202905,0.9448275862068966,0.513024175820021,333,0.3031578947368421,0.9863013698630136,144,331,2526,2,random,n237p78,gglasso,3,237,78,4.49309157859534
