aupr,auroc,f1,f1_opt,mcc,shd,precision,recall,tp,fp,tn,fn,topology,config,method,rep,n,p,wall_seconds
0.8500353914000277,0.9692256468797564,0.28686868686868683,0.7671232876712328,0.33273234767601156,353,0.16824644549763032,0.9726027397260274,71,351,801,2,random,n100p50,gglasso,34,100,50,6.351903851144016
