aupr,auroc,f1,f1_opt,mcc,shd,precision,recall,tp,fp,tn,fn,topology,config,method,rep,n,p,wall_seconds
0.9286370005924554,0.9814988278791302,0.5341130604288499,0.8812260536398467,0.5711741994061851,239,0.3682795698924731,0.9716312056737588,137,235,2627,4,random,n237p78,gglasso,36,237,78,3.899179163854569
