aupr,auroc,f1,f1_opt,mcc,shd,precision,recall,tp,fp,tn,fn,topology,config,method,rep,n,p,wall_seconds
0.8302877333046508,0.9944398340248962,0.16194331983805668,0.8205128205128205,0.270130620653277,207,0.0881057268722467,1.0,20,207,998,0,hub,n100p50,gglasso,44,100,50,7.152712735813111
