aupr,auroc,f1,f1_opt,mcc,shd,precision,recall,tp,fp,tn,fn,topology,config,method,rep,n,p,wall_seconds
0.9911714861101284,0.9998347231612952,0.36,0.967032967032967,0.4556738399278562,160,0.21951219512195122,1.0,45,160,2798,0,hub,n237p78,gglasso,15,237,78,5.960762023925781
