aupr,auroc,f1,f1_opt,mcc,shd,precision,recall,tp,fp,tn,fn,topology,config,method,rep,n,p,wall_seconds
0.674752363991825,0.8505457572459789,0.672926447574335,0.698529411764706,0.6363769387589157,209,0.6268221574344023,0.7263513513513513,215,128,2579,81,scale-free,n237p78,gglasso,45,237,78,4.6271918886341155
