aupr,auroc,f1,f1_opt,mcc,shd,precision,recall,tp,fp,tn,fn,topology,config,method,rep,n,p,wall_seconds
0.9661996397731792,0.9935781157847263,0.4516129032258065,0.9446494464944649,0.5052094581003298,340,0.29227557411273486,0.9929078014184397,140,339,2523,1,random,n237p78,gglasso,4,237,78,4.555887398775667
