aupr,auroc,f1,f1_opt,mcc,shd,precision,recall,tp,fp,tn,fn,topology,config,method,rep,n,p,wall_seconds
0.6708977424349861,0.9905809128630705,0.12012012012012012,0.6666666666666666,0.21991088422054297,293,0.06389776357827476,1.0,20,293,912,0,hub,n100p50,gglasso,36,100,50,7.774799317121506
