aupr,auroc,f1,f1_opt,mcc,shd,precision,recall,tp,fp,tn,fn,topology,config,method,rep,n,p,wall_seconds
0.6604710953391553,0.8512390299423915,0.6355685131195334,0.6688524590163935,0.5967180401830438,250,0.558974358974359,0.7364864864864865,218,172,2535,78,scale-free,n237p78,gglasso,41,237,78,5.500230068340898
