aupr,auroc,f1,f1_opt,mcc,shd,precision,recall,tp,fp,tn,fn,topology,config,method,rep,n,p,wall_seconds
0.7470997738265295,0.9273434469240662,0.291970802919708,0.6704545454545454,0.3135709105717915,388,0.17316017316017315,0.9302325581395349,80,382,757,6,cluster,n100p50,gglasso,8,100,50,4.883476349990815
