aupr,auroc,f1,f1_opt,mcc,shd,precision,recall,tp,fp,tn,fn,topology,config,method,rep,n,p,wall_seconds
0.6339226186793406,0.8953437158662485,0.34011090573012936,0.6298342541436464,0.3447158675698244,357,0.20909090909090908,0.9108910891089109,92,348,776,9,cluster,n100p50,gglasso,9,100,50,3.831404867116362
