aupr,auroc,f1,f1_opt,mcc,shd,precision,recall,tp,fp,tn,fn,topology,config,method,rep,n,p,wall_seconds
0.7606777649499019,0.99,0.1302931596091205,0.7894736842105262,0.2329066802569843,267,0.06968641114982578,1.0,20,267,938,0,hub,n100p50,gglasso,32,100,50,7.897722582798451
