aupr,auroc,f1,f1_opt,mcc,shd,precision,recall,tp,fp,tn,fn,topology,config,method,rep,n,p,wall_seconds
0.7958256998245048,0.994356846473029,0.12084592145015105,0.7906976744186046,0.2208586319565882,291,0.06430868167202572,1.0,20,291,914,0,hub,n100p50,gglasso,26,100,50,8.18277357518673
