aupr,auroc,f1,f1_opt,mcc,shd,precision,recall,tp,fp,tn,fn,topology,config,method,rep,n,p,wall_seconds
0.8472441010287769,0.9612091453122602,0.43196544276457877,0.7764705882352941,0.45941943891720893,526,0.27932960893854747,0.9523809523809523,200,516,2277,10,cluster,n237p78,gglasso,25,237,78,13.65993060497567
