aupr,auroc,f1,f1_opt,mcc,shd,precision,recall,tp,fp,tn,fn,topology,config,method,rep,n,p,wall_seconds
0.6835464925360561,0.9921161825726141,0.1342281879194631,0.608695652173913,0.23777931189280083,258,0.07194244604316546,1.0,20,258,947,0,hub,n100p50,gglasso,9,100,50,7.680611850693822
