aupr,auroc,f1,f1_opt,mcc,shd,precision,recall,tp,fp,tn,fn,topology,config,method,rep,n,p,wall_seconds
0.6478904063089845,0.9886721991701244,0.12461059190031154,0.6046511627906976,0.22572216763166988,281,0.0664451827242525,1.0,20,281,924,0,hub,n100p50,gglasso,2,100,50,7.236716446001083
