aupr,auroc,f1,f1_opt,mcc,shd,precision,recall,tp,fp,tn,fn,topology,config,method,rep,n,p,wall_seconds
0.3104846083769311,0.6350685275347966,0.4060676779463244,0.4060676779463244,0.42683742101538763,1018,0.7467811158798283,0.27884615384615385,348,118,12000,900,scale-free,n513p164,gglasso,19,513,164,24.93410872714594
