aupr,auroc,f1,f1_opt,mcc,shd,precision,recall,tp,fp,tn,fn,topology,config,method,rep,n,p,wall_seconds
0.8273505503180194,0.9244007280882365,0.8035581912527798,0.8191823899371069,0.7946680641931433,265,0.7591036414565826,0.8535433070866142,542,172,12559,93,random,n513p164,gglasso,44,513,164,17.44464454986155
