aupr,auroc,f1,f1_opt,mcc,shd,precision,recall,tp,fp,tn,fn,topology,config,method,rep,n,p,wall_seconds
0.7568242545978341,0.9683404864091558,0.2536997885835095,0.6990291262135923,0.31821133919218714,353,0.14527845036319612,1.0,60,353,812,0,random,n100p50,gglasso,23,100,50,6.153469599317759
