aupr,auroc,f1,f1_opt,mcc,shd,precision,recall,tp,fp,tn,fn,topology,config,method,rep,n,p,wall_seconds
0.98640207493024,0.9997896476598302,0.42654028436018954,0.946236559139785,0.5098973981893522,121,0.2710843373493976,1.0,45,121,2837,0,hub,n237p78,gglasso,47,237,78,5.085099996998906
