aupr,auroc,f1,f1_opt,mcc,shd,precision,recall,tp,fp,tn,fn,topology,config,method,rep,n,p,wall_seconds
0.766470397366756,0.9728806112236679,0.29831932773109243,0.7088607594936709,0.3529439034425382,334,0.17530864197530865,1.0,71,334,820,0,random,n100p50,gglasso,12,100,50,13.921898830216378
