aupr,auroc,f1,f1_opt,mcc,shd,precision,recall,tp,fp,tn,fn,topology,config,method,rep,n,p,wall_seconds
0.7314105120608391,0.8850115815852795,0.6840579710144928,0.7201426024955437,0.6523913458024929,218,0.5989847715736041,0.7972972972972973,236,158,2549,60,scale-free,n237p78,gglasso,24,237,78,4.1544799488037825
