aupr,auroc,f1,f1_opt,mcc,shd,precision,recall,tp,fp,tn,fn,topology,config,method,rep,n,p,wall_seconds
0.8173939933786913,0.9411460793575815,0.474616292798111,0.7754137115839244,0.4887466337927923,445,0.3200636942675159,0.9178082191780822,201,427,2357,18,cluster,n237p78,gglasso,34,237,78,16.08962484030053
