aupr,auroc,f1,f1_opt,mcc,shd,precision,recall,tp,fp,tn,fn,topology,config,method,rep,n,p,wall_seconds
0.8548806985352712,0.9594064474842012,0.45387062566277836,0.8037383177570094,0.4750785596157857,515,0.298050139275766,0.9511111111111111,214,504,2274,11,cluster,n237p78,gglasso,48,237,78,13.413953277748078
