aupr,auroc,f1,f1_opt,mcc,shd,precision,recall,tp,fp,tn,fn,topology,config,method,rep,n,p,wall_seconds
0.7956530162799071,0.9035376637605922,0.8252279635258358,0.8312302839116719,0.8163318944452227,230,0.8405572755417957,0.8104477611940298,543,103,12593,127,random,n513p164,gglasso,46,513,164,16.56102027138695
