aupr,auroc,f1,f1_opt,mcc,shd,precision,recall,tp,fp,tn,fn,topology,config,method,rep,n,p,wall_seconds
0.9967675013267719,0.9999474119149575,0.4347826086956522,0.9772727272727273,0.516517787008052,117,0.2777777777777778,1.0,45,117,2841,0,hub,n237p78,gglasso,30,237,78,7.25468802312389
