aupr,auroc,f1,f1_opt,mcc,shd,precision,recall,tp,fp,tn,fn,topology,config,method,rep,n,p,wall_seconds
0.9990230810520666,0.9999849748328451,0.46874999999999994,0.989010989010989,0.5436602822195624,102,0.30612244897959184,1.0,45,102,2856,0,hub,n237p78,gglasso,48,237,78,3.870790964923799
