aupr,auroc,f1,f1_opt,mcc,shd,precision,recall,tp,fp,tn,fn,topology,config,method,rep,n,p,wall_seconds
0.9898220238406162,0.9998121854105627,0.5202312138728323,0.9565217391304347,0.5845492555380611,83,0.3515625,1.0,45,83,2875,0,hub,n237p78,gglasso,9,237,78,5.6523257521912456
