aupr,auroc,f1,f1_opt,mcc,shd,precision,recall,tp,fp,tn,fn,topology,config,method,rep,n,p,wall_seconds
0.9148076029881037,0.9714020011445661,0.49828178694158076,0.8829431438127091,0.5344600208602727,292,0.3372093023255814,0.9539473684210527,145,285,2566,7,random,n237p78,gglasso,17,237,78,4.146103092003614
