aupr,auroc,f1,f1_opt,mcc,shd,precision,recall,tp,fp,tn,fn,topology,config,method,rep,n,p,wall_seconds
0.8665377630856872,0.9389002260739949,0.8128941836019622,0.8610223642172525,0.8051312937068378,267,0.7542262678803641,0.8814589665653495,580,189,12519,78,random,n513p164,gglasso,30,513,164,46.861385118216276
