aupr,auroc,f1,f1_opt,mcc,shd,precision,recall,tp,fp,tn,fn,topology,config,method,rep,n,p,wall_seconds
0.8443030691295373,0.9528467730838035,0.46135552913198574,0.8093023255813953,0.48283525184206694,453,0.30647709320695105,0.9326923076923077,194,439,2356,14,cluster,n237p78,gglasso,36,237,78,15.800181429833174
