aupr,auroc,f1,f1_opt,mcc,shd,precision,recall,tp,fp,tn,fn,topology,config,method,rep,n,p,wall_seconds
0.5576028645110439,0.7948511866132848,0.637478108581436,0.6429840142095915,0.5999440869644044,207,0.6618181818181819,0.6148648648648649,182,93,2614,114,scale-free,n237p78,gglasso,42,237,78,4.452460948843509
