aupr,auroc,f1,f1_opt,mcc,shd,precision,recall,tp,fp,tn,fn,topology,config,method,rep,n,p,wall_seconds
0.6524380962784899,0.8486905819746603,0.6677018633540373,0.6807817589576548,0.6306632651256432,214,0.617816091954023,0.7263513513513513,215,133,2574,81,scale-free,n237p78,gglasso,16,237,78,4.106416450813413
