aupr,auroc,f1,f1_opt,mcc,shd,precision,recall,tp,fp,tn,fn,topology,config,method,rep,n,p,wall_seconds
0.9467094929129638,0.9982495680264443,0.38297872340425526,0.9176470588235294,0.47458634424350526,145,0.23684210526315788,1.0,45,145,2813,0,hub,n237p78,gglasso,41,237,78,3.9621499506756663
