aupr,auroc,f1,f1_opt,mcc,shd,precision,recall,tp,fp,tn,fn,topology,config,method,rep,n,p,wall_seconds
0.8978564084833751,0.9653744734218735,0.5636672325976232,0.8656716417910448,0.5836758312048757,257,0.4019370460048426,0.9431818181818182,166,247,2580,10,random,n237p78,gglasso,35,237,78,3.794639667030424
