aupr,auroc,f1,f1_opt,mcc,shd,precision,recall,tp,fp,tn,fn,topology,config,method,rep,n,p,wall_seconds
0.8621677331034195,0.9364422212727794,0.8322440087145968,0.8569206842923796,0.8243083228526793,231,0.7925311203319502,0.8761467889908257,573,150,12562,81,random,n513p164,gglasso,19,513,164,28.679619033820927
