aupr,auroc,f1,f1_opt,mcc,shd,precision,recall,tp,fp,tn,fn,topology,config,method,rep,n,p,wall_seconds
0.33145805419619606,0.6517488552735705,0.44584527220630377,0.4466130884041332,0.4655951776561028,967,0.7826961770623743,0.31169871794871795,389,108,12010,859,scale-free,n513p164,gglasso,41,513,164,24.717190368101
