aupr,auroc,f1,f1_opt,mcc,shd,precision,recall,tp,fp,tn,fn,topology,config,method,rep,n,p,wall_seconds
0.9735261163162535,0.997896942254309,0.4852941176470588,0.9333333333333333,0.5377191058987638,280,0.32038834951456313,1.0,132,280,2591,0,random,n237p78,gglasso,29,237,78,4.035310741048306
