aupr,auroc,f1,f1_opt,mcc,shd,precision,recall,tp,fp,tn,fn,topology,config,method,rep,n,p,wall_seconds
0.6123422859809502,0.8357667282795658,0.6656641604010025,0.6663321625689915,0.639239361167758,667,0.6421663442940039,0.6909469302809573,664,370,12035,297,cluster,n513p164,gglasso,21,513,164,38.16560915205628
