aupr,auroc,f1,f1_opt,mcc,shd,precision,recall,tp,fp,tn,fn,topology,config,method,rep,n,p,wall_seconds
0.9144376267958831,0.964432953940756,0.8194444444444443,0.8826907301066449,0.8159939169525025,260,0.7311028500619579,0.9320695102685624,590,217,12516,43,random,n513p164,gglasso,2,513,164,25.17907947022468
