aupr,auroc,f1,f1_opt,mcc,shd,precision,recall,tp,fp,tn,fn,topology,config,method,rep,n,p,wall_seconds
0.7825218565616893,0.8978882524095291,0.7955882352941176,0.8042650418888042,0.7846467439439435,278,0.7909356725146199,0.8002958579881657,541,143,12547,135,random,n513p164,gglasso,47,513,164,17.347978813108057
