aupr,auroc,f1,f1_opt,mcc,shd,precision,recall,tp,fp,tn,fn,topology,config,method,rep,n,p,wall_seconds
0.8276252380714042,0.9344514611848015,0.878727634194831,0.8848484848484849,0.8764471772318522,61,0.8875502008032129,0.8700787401574803,221,28,13084,33,hub,n513p164,gglasso,4,513,164,14.913992010988295
