aupr,auroc,f1,f1_opt,mcc,shd,precision,recall,tp,fp,tn,fn,topology,config,method,rep,n,p,wall_seconds
0.7621623942044251,0.9675510204081632,0.2845360824742268,0.744186046511628,0.33650439513829533,347,0.16626506024096385,0.9857142857142858,69,346,809,1,random,n100p50,gglasso,0,100,50,13.49490533489734
