aupr,auroc,f1,f1_opt,mcc,shd,precision,recall,tp,fp,tn,fn,topology,config,method,rep,n,p,wall_seconds
0.7731604954912897,0.9558375775022144,0.4017278617710583,0.7203791469194312,0.42596786642181517,277,0.25340599455040874,0.96875,93,274,855,3,scale-free,n100p50,gglasso,46,100,50,6.354396206792444
