aupr,auroc,f1,f1_opt,mcc,shd,precision,recall,tp,fp,tn,fn,topology,config,method,rep,n,p,wall_seconds
0.7543267384927301,0.9440611353711791,0.2673611111111111,0.6933333333333334,0.3002604222892183,422,0.15524193548387097,0.9625,77,419,726,3,cluster,n100p50,gglasso,17,100,50,4.047945064026862
