aupr,auroc,f1,f1_opt,mcc,shd,precision,recall,tp,fp,tn,fn,topology,config,method,rep,n,p,wall_seconds
0.8573462810361224,0.958234641401532,0.28990825688073396,0.8157894736842105,0.3234042866377446,387,0.17062634989200864,0.9634146341463414,79,384,759,3,cluster,n100p50,gglasso,12,100,50,5.235594923142344
