aupr,auroc,f1,f1_opt,mcc,shd,precision,recall,tp,fp,tn,fn,topology,config,method,rep,n,p,wall_seconds
0.5764547244826929,0.8478511588426336,0.42016806722689076,0.6144578313253011,0.40463049815466884,207,0.28735632183908044,0.78125,75,186,943,21,scale-free,n100p50,gglasso,14,100,50,9.363553378731012
