aupr,auroc,f1,f1_opt,mcc,shd,precision,recall,tp,fp,tn,fn,topology,config,method,rep,n,p,wall_seconds
0.7678073403237173,0.9563419844912169,0.3326959847036328,0.7065217391304347,0.3647252193278349,349,0.20046082949308755,0.9775280898876404,87,347,789,2,cluster,n100p50,gglasso,29,100,50,6.3600748889148235
