aupr,auroc,f1,f1_opt,mcc,shd,precision,recall,tp,fp,tn,fn,topology,config,method,rep,n,p,wall_seconds
0.7002078832828504,0.9271663714201359,0.419811320754717,0.6363636363636365,0.4342034429051341,246,0.27134146341463417,0.9270833333333334,89,239,890,7,scale-free,n100p50,gglasso,25,100,50,9.301800104323775
