aupr,auroc,f1,f1_opt,mcc,shd,precision,recall,tp,fp,tn,fn,topology,config,method,rep,n,p,wall_seconds
0.9002601139748505,0.9565641210261048,0.8185907046476761,0.8783902012248469,0.8142967000934764,242,0.7398373983739838,0.9161073825503355,546,192,12578,50,random,n513p164,gglasso,45,513,164,15.508060083724558
