aupr,auroc,f1,f1_opt,mcc,shd,precision,recall,tp,fp,tn,fn,topology,config,method,rep,n,p,wall_seconds
0.24438092399710457,0.5988472462029361,0.3223350253807107,0.3225396825396825,0.37125247221673785,1068,0.774390243902439,0.20352564102564102,254,74,12044,994,scale-free,n513p164,gglasso,23,513,164,18.110293556936085
