aupr,auroc,f1,f1_opt,mcc,shd,precision,recall,tp,fp,tn,fn,topology,config,method,rep,n,p,wall_seconds
0.35944335869208693,0.6625578314310985,0.4656616415410385,0.4659217877094972,0.4771118254290816,957,0.7679558011049724,0.33413461538461536,417,126,11992,831,scale-free,n513p164,gglasso,18,513,164,27.741201914846897
