aupr,auroc,f1,f1_opt,mcc,shd,precision,recall,tp,fp,tn,fn,topology,config,method,rep,n,p,wall_seconds
0.5502929598178115,0.8060292610194764,0.6438831104507182,0.6446621970087675,0.6149350957350892,719,0.6565656565656566,0.6316812439261419,650,340,11997,379,cluster,n513p164,gglasso,14,513,164,53.13910379586741
