aupr,auroc,f1,f1_opt,mcc,shd,precision,recall,tp,fp,tn,fn,topology,config,method,rep,n,p,wall_seconds
0.7909186850131624,0.9695389861630271,0.2236842105263158,0.7356321839080461,0.2915343130383413,354,0.12623762376237624,0.9807692307692307,51,353,820,1,random,n100p50,gglasso,22,100,50,5.807032380718738
