aupr,auroc,f1,f1_opt,mcc,shd,precision,recall,tp,fp,tn,fn,topology,config,method,rep,n,p,wall_seconds
0.889773642000858,0.9508385269330505,0.8367052023121386,0.8756302521008404,0.8304525674135794,226,0.7782258064516129,0.9046875,579,165,12561,61,random,n513p164,gglasso,35,513,164,33.706685821991414
