aupr,auroc,f1,f1_opt,mcc,shd,precision,recall,tp,fp,tn,fn,topology,config,method,rep,n,p,wall_seconds
0.7622321598260107,0.9246241684563407,0.3125,0.717948717948718,0.31724682957242833,418,0.18774703557312253,0.9313725490196079,95,411,712,7,cluster,n100p50,gglasso,41,100,50,6.48531557386741
