aupr,auroc,f1,f1_opt,mcc,shd,precision,recall,tp,fp,tn,fn,topology,config,method,rep,n,p,wall_seconds
0.5901061068618946,0.9804564315352697,0.13157894736842107,0.5714285714285715,0.23450770477004984,264,0.07042253521126761,1.0,20,264,941,0,hub,n100p50,gglasso,29,100,50,8.63982432661578
