aupr,auroc,f1,f1_opt,mcc,shd,precision,recall,tp,fp,tn,fn,topology,config,method,rep,n,p,wall_seconds
0.8273959563053012,0.9851149809576416,0.2587719298245614,0.7339449541284404,0.32486030343158434,338,0.1486146095717884,1.0,59,338,828,0,random,n100p50,gglasso,26,100,50,5.855572130065411
