aupr,auroc,f1,f1_opt,mcc,shd,precision,recall,tp,fp,tn,fn,topology,config,method,rep,n,p,wall_seconds
0.7718299693668305,0.9125050683090781,0.5054945054945056,0.7512953367875648,0.5064575870366388,360,0.35797665369649806,0.8598130841121495,184,330,2459,30,cluster,n237p78,gglasso,49,237,78,16.93562898505479
