aupr,auroc,f1,f1_opt,mcc,shd,precision,recall,tp,fp,tn,fn,topology,config,method,rep,n,p,wall_seconds
0.5637604169343972,0.8742895630351343,0.41326530612244894,0.5794392523364487,0.4101589202043541,230,0.27364864864864863,0.84375,81,215,914,15,scale-free,n100p50,gglasso,3,100,50,8.54322482412681
