aupr,auroc,f1,f1_opt,mcc,shd,precision,recall,tp,fp,tn,fn,topology,config,method,rep,n,p,wall_seconds
0.7605197716963197,0.9915352697095434,0.1238390092879257,0.6808510638297872,0.2247323642152889,283,0.066006600660066,1.0,20,283,922,0,hub,n100p50,gglasso,24,100,50,8.455910814926028
