aupr,auroc,f1,f1_opt,mcc,shd,precision,recall,tp,fp,tn,fn,topology,config,method,rep,n,p,wall_seconds
0.9496648792119147,0.9864071812938877,0.5348399246704332,0.9136690647482015,0.5725665944007274,247,0.36787564766839376,0.9793103448275862,142,244,2614,3,random,n237p78,gglasso,26,237,78,4.403738221619278
