aupr,auroc,f1,f1_opt,mcc,shd,precision,recall,tp,fp,tn,fn,topology,config,method,rep,n,p,wall_seconds
0.5149555334242354,0.8372730292294066,0.4363636363636364,0.576923076923077,0.41464452045443284,186,0.3076923076923077,0.75,72,162,967,24,scale-free,n100p50,gglasso,21,100,50,9.101789582986385
