aupr,auroc,f1,f1_opt,mcc,shd,precision,recall,tp,fp,tn,fn,topology,config,method,rep,n,p,wall_seconds
0.5575999488224032,0.8133406929347826,0.7155555555555555,0.7155555555555555,0.7178583984337418,128,0.8298969072164949,0.62890625,161,33,13077,95,hub,n513p164,gglasso,6,513,164,16.161492973100394
