aupr,auroc,f1,f1_opt,mcc,shd,precision,recall,tp,fp,tn,fn,topology,config,method,rep,n,p,wall_seconds
0.6070852505278463,0.8190508341736639,0.6427406199021208,0.6606170598911071,0.6026241092823781,219,0.6214511041009464,0.6655405405405406,197,120,2587,99,scale-free,n237p78,gglasso,36,237,78,4.661364595871419
