aupr,auroc,f1,f1_opt,mcc,shd,precision,recall,tp,fp,tn,fn,topology,config,method,rep,n,p,wall_seconds
0.8017526838625412,0.9489468895558061,0.4876237623762376,0.7589743589743592,0.5061758789758917,414,0.32998324958123953,0.933649289099526,197,400,2392,14,cluster,n237p78,gglasso,30,237,78,13.820250560995191
