aupr,auroc,f1,f1_opt,mcc,shd,precision,recall,tp,fp,tn,fn,topology,config,method,rep,n,p,wall_seconds
0.5332332518170744,0.97,0.12903225806451613,0.6666666666666666,0.2313280414384712,270,0.06896551724137931,1.0,20,270,935,0,hub,n100p50,gglasso,5,100,50,8.080183014739305
