aupr,auroc,f1,f1_opt,mcc,shd,precision,recall,tp,fp,tn,fn,topology,config,method,rep,n,p,wall_seconds
0.5460802172091874,0.8014072421965186,0.6361422308816368,0.6361422308816368,0.606028459432056,747,0.6491053677932406,0.623686723973257,653,353,11966,394,cluster,n513p164,gglasso,2,513,164,38.042724900878966
