aupr,auroc,f1,f1_opt,mcc,shd,precision,recall,tp,fp,tn,fn,topology,config,method,rep,n,p,wall_seconds
0.5542256244640734,0.8621290965456156,0.39303482587064675,0.5728155339805826,0.3860578578418921,244,0.2581699346405229,0.8229166666666666,79,227,902,17,scale-free,n100p50,gglasso,33,100,50,8.835285679902881
