aupr,auroc,f1,f1_opt,mcc,shd,precision,recall,tp,fp,tn,fn,topology,config,method,rep,n,p,wall_seconds
0.8420927495940279,0.9590701114627769,0.5130208333333334,0.7881773399014778,0.5327417892095074,374,0.3517857142857143,0.9471153846153846,197,363,2432,11,cluster,n237p78,gglasso,14,237,78,12.82127218414098
