aupr,auroc,f1,f1_opt,mcc,shd,precision,recall,tp,fp,tn,fn,topology,config,method,rep,n,p,wall_seconds
0.5922724029622943,0.8050736828442776,0.632996632996633,0.6483516483516484,0.5927204201482832,218,0.6308724832214765,0.6351351351351351,188,110,2597,108,scale-free,n237p78,gglasso,13,237,78,4.061809017788619
