aupr,auroc,f1,f1_opt,mcc,shd,precision,recall,tp,fp,tn,fn,topology,config,method,rep,n,p,wall_seconds
0.6775007971302083,0.9160531074697372,0.40559440559440557,0.6568627450980392,0.4158076217001306,255,0.26126126126126126,0.90625,87,246,883,9,scale-free,n100p50,gglasso,6,100,50,8.800149466842413
