aupr,auroc,f1,f1_opt,mcc,shd,precision,recall,tp,fp,tn,fn,topology,config,method,rep,n,p,wall_seconds
0.651128981676497,0.8324882187322158,0.6396255850234009,0.6714542190305207,0.5990446582828488,231,0.5942028985507246,0.6925675675675675,205,140,2567,91,scale-free,n237p78,gglasso,27,237,78,4.010809567756951
