aupr,auroc,f1,f1_opt,mcc,shd,precision,recall,tp,fp,tn,fn,topology,config,method,rep,n,p,wall_seconds
0.5315405864353221,0.7863500166383105,0.6237571951857667,0.6267087276550999,0.5959716273725509,719,0.6607538802660754,0.5906838453914767,596,306,12051,413,cluster,n513p164,gglasso,7,513,164,30.75068027107045
