aupr,auroc,f1,f1_opt,mcc,shd,precision,recall,tp,fp,tn,fn,topology,config,method,rep,n,p,wall_seconds
0.6554827258976395,0.8369654748949171,0.6341463414634145,0.6811023622047243,0.5933262994682565,240,0.5777777777777777,0.7027027027027027,208,152,2555,88,scale-free,n237p78,gglasso,23,237,78,4.093676074873656
