aupr,auroc,f1,f1_opt,mcc,shd,precision,recall,tp,fp,tn,fn,topology,config,method,rep,n,p,wall_seconds
0.8695807664557667,0.997136929460581,0.11299435028248588,0.8421052631578948,0.21042003717357222,314,0.059880239520958084,1.0,20,314,891,0,hub,n100p50,gglasso,11,100,50,7.190318524837494
