aupr,auroc,f1,f1_opt,mcc,shd,precision,recall,tp,fp,tn,fn,topology,config,method,rep,n,p,wall_seconds
0.9829806435141594,0.9994966569003081,0.4147465437788019,0.9662921348314608,0.5003949098512003,127,0.2616279069767442,1.0,45,127,2831,0,hub,n237p78,gglasso,11,237,78,5.371565300039947
