aupr,auroc,f1,f1_opt,mcc,shd,precision,recall,tp,fp,tn,fn,topology,config,method,rep,n,p,wall_seconds
0.5788532056570017,0.8180920681205441,0.6557377049180328,0.6583979328165375,0.6286207196543804,672,0.6570841889117043,0.65439672801636,640,334,12054,338,cluster,n513p164,gglasso,6,513,164,50.00395423779264
