aupr,auroc,f1,f1_opt,mcc,shd,precision,recall,tp,fp,tn,fn,topology,config,method,rep,n,p,wall_seconds
0.7111866798605581,0.9219481912071786,0.3211678832116789,0.6927374301675977,0.33759089340210136,372,0.19383259911894274,0.9361702127659575,88,366,765,6,cluster,n100p50,gglasso,7,100,50,3.353252597153187
