aupr,auroc,f1,f1_opt,mcc,shd,precision,recall,tp,fp,tn,fn,topology,config,method,rep,n,p,wall_seconds
0.80956133702079,0.9249171104640469,0.8785425101214575,0.8803245436105476,0.8767356437875397,60,0.9079497907949791,0.8509803921568627,217,22,13089,38,hub,n513p164,gglasso,48,513,164,10.593614309094846
