aupr,auroc,f1,f1_opt,mcc,shd,precision,recall,tp,fp,tn,fn,topology,config,method,rep,n,p,wall_seconds
0.7790599517316245,0.9033278447524231,0.8391038696537677,0.8425357873210634,0.8367482687027324,79,0.8728813559322034,0.807843137254902,206,30,13081,49,hub,n513p164,gglasso,46,513,164,18.8319746889174
