aupr,auroc,f1,f1_opt,mcc,shd,precision,recall,tp,fp,tn,fn,topology,config,method,rep,n,p,wall_seconds
0.6378287144844224,0.8301151169640272,0.6485623003194888,0.6816608996539791,0.608924291715552,220,0.6151515151515151,0.6858108108108109,203,127,2580,93,scale-free,n237p78,gglasso,14,237,78,4.130073645152152
