aupr,auroc,f1,f1_opt,mcc,shd,precision,recall,tp,fp,tn,fn,topology,config,method,rep,n,p,wall_seconds
0.36904748677262533,0.6735450098603053,0.48663393344244404,0.4868995633187773,0.49194273832711694,941,0.7623931623931623,0.3573717948717949,446,139,11979,802,scale-free,n513p164,gglasso,17,513,164,24.84014477999881
