aupr,auroc,f1,f1_opt,mcc,shd,precision,recall,tp,fp,tn,fn,topology,config,method,rep,n,p,wall_seconds
0.9561106361423201,0.9932690734898936,0.4893267651888341,0.9115646258503401,0.5355694015349227,311,0.32461873638344224,0.9933333333333333,149,310,2543,1,random,n237p78,gglasso,24,237,78,3.9457193831913173
