aupr,auroc,f1,f1_opt,mcc,shd,precision,recall,tp,fp,tn,fn,topology,config,method,rep,n,p,wall_seconds
0.7808575525242474,0.9472490618443992,0.22964509394572025,0.7272727272727274,0.28380199675320045,369,0.13064133016627077,0.9482758620689655,55,366,801,3,random,n100p50,gglasso,7,100,50,13.388665247708559
