aupr,auroc,f1,f1_opt,mcc,shd,precision,recall,tp,fp,tn,fn,topology,config,method,rep,n,p,wall_seconds
0.27821816250889075,0.6176525120503087,0.37091805298829333,0.37091805298829333,0.4141905556210849,1021,0.8026666666666666,0.24118589743589744,301,74,12044,947,scale-free,n513p164,gglasso,34,513,164,24.183625707402825
