aupr,auroc,f1,f1_opt,mcc,shd,precision,recall,tp,fp,tn,fn,topology,config,method,rep,n,p,wall_seconds
0.6229354547299537,0.83316856168955,0.7516483516483516,0.7516483516483516,0.7535579787699869,113,0.8592964824120602,0.66796875,171,28,13082,85,hub,n513p164,gglasso,0,513,164,18.13594647916034
