aupr,auroc,f1,f1_opt,mcc,shd,precision,recall,tp,fp,tn,fn,topology,config,method,rep,n,p,wall_seconds
0.9098099360425854,0.9757879342213075,0.4617886178861788,0.8644688644688644,0.5067389245624324,331,0.3034188034188034,0.9659863945578231,142,326,2530,5,random,n237p78,gglasso,44,237,78,3.568838516715914
