aupr,auroc,f1,f1_opt,mcc,shd,precision,recall,tp,fp,tn,fn,topology,config,method,rep,n,p,wall_seconds
0.6002852357697075,0.8177672500723849,0.6334405144694533,0.6406779661016949,0.5920597962120268,228,0.6042944785276073,0.6655405405405406,197,129,2578,99,scale-free,n237p78,gglasso,12,237,78,3.784375825896859
