aupr,auroc,f1,f1_opt,mcc,shd,precision,recall,tp,fp,tn,fn,topology,config,method,rep,n,p,wall_seconds
0.6664026119172136,0.9836514522821577,0.12012012012012012,0.6341463414634146,0.21991088422054297,293,0.06389776357827476,1.0,20,293,912,0,hub,n100p50,gglasso,31,100,50,7.413940260186791
