aupr,auroc,f1,f1_opt,mcc,shd,precision,recall,tp,fp,tn,fn,topology,config,method,rep,n,p,wall_seconds
0.7607136958562271,0.8928230712122567,0.8396624472573839,0.8436830835117772,0.8387645768758708,76,0.9004524886877828,0.7865612648221344,199,22,13091,54,hub,n513p164,gglasso,49,513,164,9.74123328877613
