aupr,auroc,f1,f1_opt,mcc,shd,precision,recall,tp,fp,tn,fn,topology,config,method,rep,n,p,wall_seconds
0.9650565284356418,0.9941520467836258,0.49754500818330616,0.9096989966555183,0.5419660827283969,307,0.3318777292576419,0.9934640522875817,152,306,2544,1,random,n237p78,gglasso,33,237,78,4.175953736063093
