aupr,auroc,f1,f1_opt,mcc,shd,precision,recall,tp,fp,tn,fn,topology,config,method,rep,n,p,wall_seconds
0.6192433304752993,0.8214838406932976,0.6134969325153374,0.6440071556350626,0.5699145315394106,252,0.5617977528089888,0.6756756756756757,200,156,2551,96,scale-free,n237p78,gglasso,3,237,78,8.097975429147482
