aupr,auroc,f1,f1_opt,mcc,shd,precision,recall,tp,fp,tn,fn,topology,config,method,rep,n,p,wall_seconds
0.6538744916688979,0.8540620733077001,0.7801724137931034,0.7801724137931034,0.7803081925001195,102,0.8660287081339713,0.7098039215686275,181,28,13083,74,hub,n513p164,gglasso,18,513,164,14.388314231298864
