aupr,auroc,f1,f1_opt,mcc,shd,precision,recall,tp,fp,tn,fn,topology,config,method,rep,n,p,wall_seconds
0.8553828845926973,0.9636087925938357,0.4784688995215311,0.7875894988066825,0.5034368330335679,436,0.3189792663476874,0.9569377990430622,200,427,2367,9,cluster,n237p78,gglasso,13,237,78,14.13682207511738
