aupr,auroc,f1,f1_opt,mcc,shd,precision,recall,tp,fp,tn,fn,topology,config,method,rep,n,p,wall_seconds
0.6223207117207312,0.8383133318024341,0.6461538461538461,0.6605839416058394,0.6066329294121638,230,0.5932203389830508,0.7094594594594594,210,144,2563,86,scale-free,n237p78,gglasso,18,237,78,4.190827566199005
