aupr,auroc,f1,f1_opt,mcc,shd,precision,recall,tp,fp,tn,fn,topology,config,method,rep,n,p,wall_seconds
0.9544020372126094,0.9862244822100301,0.48000000000000004,0.9253731343283583,0.5265916862722144,299,0.31797235023041476,0.9787234042553191,138,296,2566,3,random,n237p78,gglasso,42,237,78,4.2850459003821015
