aupr,auroc,f1,f1_opt,mcc,shd,precision,recall,tp,fp,tn,fn,topology,config,method,rep,n,p,wall_seconds
0.2880827252055054,0.619390099914939,0.3701923076923077,0.3701923076923077,0.39856919504867716,1048,0.7403846153846154,0.2467948717948718,308,108,12010,940,scale-free,n513p164,gglasso,13,513,164,22.20651687309146
