aupr,auroc,f1,f1_opt,mcc,shd,precision,recall,tp,fp,tn,fn,topology,config,method,rep,n,p,wall_seconds
0.8174068043786685,0.9793932543077111,0.23678646934460887,0.7603305785123968,0.30466629472640994,361,0.1342925659472422,1.0,56,361,808,0,random,n100p50,gglasso,19,100,50,14.737793354317546
