aupr,auroc,f1,f1_opt,mcc,shd,precision,recall,tp,fp,tn,fn,topology,config,method,rep,n,p,wall_seconds
0.6128926527926759,0.8780677959846472,0.40806045340050373,0.6033519553072625,0.40507237040287314,235,0.2691029900332226,0.84375,81,220,909,15,scale-free,n100p50,gglasso,12,100,50,9.085202963091433
