aupr,auroc,f1,f1_opt,mcc,shd,precision,recall,tp,fp,tn,fn,topology,config,method,rep,n,p,wall_seconds
0.7579575789492586,0.9931950207468879,0.12012012012012012,0.6666666666666667,0.21991088422054297,293,0.06389776357827476,1.0,20,293,912,0,hub,n100p50,gglasso,47,100,50,9.380869795102626
