aupr,auroc,f1,f1_opt,mcc,shd,precision,recall,tp,fp,tn,fn,topology,config,method,rep,n,p,wall_seconds
0.7453348628177016,0.9528447248306539,0.2676056338028169,0.7037037037037036,0.3272975245334253,312,0.1553133514986376,0.9661016949152542,57,310,856,2,random,n100p50,gglasso,4,100,50,14.937294555827975
