aupr,auroc,f1,f1_opt,mcc,shd,precision,recall,tp,fp,tn,fn,topology,config,method,rep,n,p,wall_seconds
0.9234056798346226,0.9681652750786156,0.8394557823129252,0.897736143637783,0.8355028915837809,236,0.7589175891758918,0.939117199391172,617,196,12513,40,random,n513p164,gglasso,8,513,164,26.635658378712833
