aupr,auroc,f1,f1_opt,mcc,shd,precision,recall,tp,fp,tn,fn,topology,config,method,rep,n,p,wall_seconds
0.21457846086852655,0.5739756311864952,0.25578231292517006,0.25578231292517006,0.3365585273682665,1094,0.8468468468468469,0.15064102564102563,188,34,12084,1060,scale-free,n513p164,gglasso,38,513,164,14.42753334203735
