aupr,auroc,f1,f1_opt,mcc,shd,precision,recall,tp,fp,tn,fn,topology,config,method,rep,n,p,wall_seconds
0.980658449576347,0.9997220344076326,0.42857142857142855,0.9375,0.5115303373252233,120,0.2727272727272727,1.0,45,120,2838,0,hub,n237p78,gglasso,22,237,78,7.7470922148786485
