aupr,auroc,f1,f1_opt,mcc,shd,precision,recall,tp,fp,tn,fn,topology,config,method,rep,n,p,wall_seconds
0.63158673928656,0.9888796680497925,0.13114754098360656,0.5853658536585366,0.2339715063701422,265,0.07017543859649122,1.0,20,265,940,0,hub,n100p50,gglasso,1,100,50,8.043660033028573
