aupr,auroc,f1,f1_opt,mcc,shd,precision,recall,tp,fp,tn,fn,topology,config,method,rep,n,p,wall_seconds
0.7519685236379136,0.9622549019607842,0.2745098039215686,0.7065868263473054,0.3077645529131748,444,0.15939278937381404,0.9882352941176471,84,443,697,1,cluster,n100p50,gglasso,39,100,50,6.156864812597632
