aupr,auroc,f1,f1_opt,mcc,shd,precision,recall,tp,fp,tn,fn,topology,config,method,rep,n,p,wall_seconds
0.9531726013502803,0.9866390975541897,0.4864864864864864,0.9069767441860466,0.5327446536266593,285,0.3237410071942446,0.9782608695652174,135,282,2583,3,random,n237p78,gglasso,43,237,78,4.22325793094933
