aupr,auroc,f1,f1_opt,mcc,shd,precision,recall,tp,fp,tn,fn,topology,config,method,rep,n,p,wall_seconds
0.7011665361344139,0.9121499183666146,0.315424610051993,0.6666666666666667,0.3215554897143619,395,0.1903765690376569,0.9191919191919192,91,387,739,8,cluster,n100p50,gglasso,13,100,50,4.612802981864661
