aupr,auroc,f1,f1_opt,mcc,shd,precision,recall,tp,fp,tn,fn,topology,config,method,rep,n,p,wall_seconds
0.7145733497864324,0.8709926217314469,0.6627906976744186,0.7140186915887851,0.6279283888524345,232,0.5816326530612245,0.7702702702702703,228,164,2543,68,scale-free,n237p78,gglasso,49,237,78,4.745747681707144
