aupr,auroc,f1,f1_opt,mcc,shd,precision,recall,tp,fp,tn,fn,topology,config,method,rep,n,p,wall_seconds
0.7379490199298152,0.8947626565555145,0.8204081632653061,0.823045267489712,0.8176320077006642,88,0.8516949152542372,0.7913385826771654,201,35,13077,53,hub,n513p164,gglasso,11,513,164,16.626567910891026
