aupr,auroc,f1,f1_opt,mcc,shd,precision,recall,tp,fp,tn,fn,topology,config,method,rep,n,p,wall_seconds
0.9553080470136952,0.9988862945098159,0.39461883408071746,0.9156626506024097,0.48435042635167647,135,0.24581005586592178,1.0,44,135,2824,0,hub,n237p78,gglasso,3,237,78,7.854763950686902
