aupr,auroc,f1,f1_opt,mcc,shd,precision,recall,tp,fp,tn,fn,topology,config,method,rep,n,p,wall_seconds
0.5784256752441352,0.900243578387954,0.39631336405529954,0.6019417475728155,0.4044237905785528,262,0.25443786982248523,0.8958333333333334,86,252,877,10,scale-free,n100p50,gglasso,32,100,50,7.6904573841020465
