aupr,auroc,f1,f1_opt,mcc,shd,precision,recall,tp,fp,tn,fn,topology,config,method,rep,n,p,wall_seconds
0.8234076976414413,0.9664876669550355,0.28671328671328666,0.7532467532467533,0.3241104565476314,408,0.16768916155419222,0.9879518072289156,82,407,735,1,cluster,n100p50,gglasso,3,100,50,4.96833414491266
