aupr,auroc,f1,f1_opt,mcc,shd,precision,recall,tp,fp,tn,fn,topology,config,method,rep,n,p,wall_seconds
0.8168253208319113,0.9625596816976127,0.28442437923250563,0.7438016528925621,0.3385741110891776,317,0.16666666666666666,0.9692307692307692,63,315,845,2,random,n100p50,gglasso,40,100,50,5.113476881757379
