aupr,auroc,f1,f1_opt,mcc,shd,precision,recall,tp,fp,tn,fn,topology,config,method,rep,n,p,wall_seconds
0.9428642336859205,0.989481880269627,0.5601436265709155,0.8851351351351351,0.5932462203542285,245,0.39097744360902253,0.9873417721518988,156,243,2602,2,random,n237p78,gglasso,38,237,78,4.144879073835909
