aupr,auroc,f1,f1_opt,mcc,shd,precision,recall,tp,fp,tn,fn,topology,config,method,rep,n,p,wall_seconds
0.7025921946105578,0.8982839423873299,0.27464788732394363,0.6751592356687899,0.285304606628256,412,0.16216216216216217,0.896551724137931,78,403,735,9,cluster,n100p50,gglasso,11,100,50,4.050721809267998
