aupr,auroc,f1,f1_opt,mcc,shd,precision,recall,tp,fp,tn,fn,topology,config,method,rep,n,p,wall_seconds
0.534680561467063,0.9884647302904563,0.13513513513513511,0.6153846153846154,0.23889113814769528,256,0.07246376811594203,1.0,20,256,949,0,hub,n100p50,gglasso,10,100,50,8.495460109319538
