aupr,auroc,f1,f1_opt,mcc,shd,precision,recall,tp,fp,tn,fn,topology,config,method,rep,n,p,wall_seconds
0.8673168489352652,0.9415613324039468,0.8243045387994143,0.8657664813343924,0.8171352897128393,240,0.7701778385772914,0.8866141732283465,563,168,12563,72,random,n513p164,gglasso,43,513,164,15.203561403788626
