aupr,auroc,f1,f1_opt,mcc,shd,precision,recall,tp,fp,tn,fn,topology,config,method,rep,n,p,wall_seconds
0.6559674168264698,0.8365854541279365,0.6519685039370078,0.679245283018868,0.6127899307866098,221,0.6106194690265486,0.6993243243243243,207,132,2575,89,scale-free,n237p78,gglasso,46,237,78,4.561966480687261
