aupr,auroc,f1,f1_opt,mcc,shd,precision,recall,tp,fp,tn,fn,topology,config,method,rep,n,p,wall_seconds
0.6542186745775664,0.9196145187481547,0.4113475177304965,0.6572769953051644,0.42142958363672606,249,0.26605504587155965,0.90625,87,240,889,9,scale-free,n100p50,gglasso,15,100,50,8.381755623035133
