aupr,auroc,f1,f1_opt,mcc,shd,precision,recall,tp,fp,tn,fn,topology,config,method,rep,n,p,wall_seconds
0.46945104522505654,0.831451136699144,0.4021739130434782,0.5045045045045046,0.3850365992628011,220,0.27205882352941174,0.7708333333333334,74,198,931,22,scale-free,n100p50,gglasso,45,100,50,7.228954795282334
