aupr,auroc,f1,f1_opt,mcc,shd,precision,recall,tp,fp,tn,fn,topology,config,method,rep,n,p,wall_seconds
0.6040020090428889,0.8358606542675924,0.6653581943081452,0.6663346613545816,0.6383626796101941,682,0.6402266288951841,0.6925434116445353,678,381,12006,301,cluster,n513p164,gglasso,23,513,164,54.45543809235096
