aupr,auroc,f1,f1_opt,mcc,shd,precision,recall,tp,fp,tn,fn,topology,config,method,rep,n,p,wall_seconds
0.5623007503999937,0.800595462655542,0.6498117267348038,0.6501079913606911,0.624742198502273,651,0.6863636363636364,0.616956077630235,604,276,12111,375,cluster,n513p164,gglasso,46,513,164,27.908619133289903
