aupr,auroc,f1,f1_opt,mcc,shd,precision,recall,tp,fp,tn,fn,topology,config,method,rep,n,p,wall_seconds
0.8041223201739565,0.9385955231993148,0.48595848595848595,0.7474747474747474,0.49837999785164677,421,0.33111480865224624,0.9128440366972477,199,402,2383,19,cluster,n237p78,gglasso,7,237,78,15.562462544068694
