aupr,auroc,f1,f1_opt,mcc,shd,precision,recall,tp,fp,tn,fn,topology,config,method,rep,n,p,wall_seconds
0.6481301366112792,0.9110016238559198,0.43324937027707805,0.6390532544378699,0.44035039609238386,225,0.2857142857142857,0.8958333333333334,86,215,914,10,scale-free,n100p50,gglasso,19,100,50,8.922490909229964
