aupr,auroc,f1,f1_opt,mcc,shd,precision,recall,tp,fp,tn,fn,topology,config,method,rep,n,p,wall_seconds
0.535680542106713,0.7902524618135569,0.6487057580559957,0.6493918561607616,0.6249773056956274,665,0.7114716106604867,0.596116504854369,614,249,12087,416,cluster,n513p164,gglasso,13,513,164,55.406190431211144
