aupr,auroc,f1,f1_opt,mcc,shd,precision,recall,tp,fp,tn,fn,topology,config,method,rep,n,p,wall_seconds
0.9864793282490191,0.9997542167194077,0.4251207729468599,0.9534883720930233,0.5090016890505288,119,0.26993865030674846,1.0,44,119,2840,0,hub,n237p78,gglasso,42,237,78,4.667453621979803
