aupr,auroc,f1,f1_opt,mcc,shd,precision,recall,tp,fp,tn,fn,topology,config,method,rep,n,p,wall_seconds
0.9075035926280046,0.9831487267760585,0.4634448574969022,0.8337730870712401,0.5009185858275086,433,0.30307941653160453,0.9842105263157894,187,430,2383,3,cluster,n237p78,gglasso,2,237,78,15.275908877141774
