aupr,auroc,f1,f1_opt,mcc,shd,precision,recall,tp,fp,tn,fn,topology,config,method,rep,n,p,wall_seconds
0.9806773751606828,0.9997295469912103,0.45685279187817257,0.967032967032967,0.5341755265024073,107,0.29605263157894735,1.0,45,107,2851,0,hub,n237p78,gglasso,2,237,78,6.238402767106891
