aupr,auroc,f1,f1_opt,mcc,shd,precision,recall,tp,fp,tn,fn,topology,config,method,rep,n,p,wall_seconds
0.8367283104805113,0.9414954337899543,0.4859584859584859,0.815850815850816,0.4972333974442679,421,0.33166666666666667,0.908675799086758,199,401,2383,20,cluster,n237p78,gglasso,19,237,78,14.206048384774476
