aupr,auroc,f1,f1_opt,mcc,shd,precision,recall,tp,fp,tn,fn,topology,config,method,rep,n,p,wall_seconds
0.626594783558518,0.835196131889755,0.7572383073496658,0.7572383073496658,0.7595132389715582,109,0.8673469387755102,0.6719367588932806,170,26,13087,83,hub,n513p164,gglasso,32,513,164,17.27153261983767
