aupr,auroc,f1,f1_opt,mcc,shd,precision,recall,tp,fp,tn,fn,topology,config,method,rep,n,p,wall_seconds
0.9530283185346415,0.9936213609452462,0.5147286821705427,0.9063444108761329,0.5537553418318901,313,0.3472803347280335,0.9940119760479041,166,312,2524,1,random,n237p78,gglasso,6,237,78,4.790490297134966
