aupr,auroc,f1,f1_opt,mcc,shd,precision,recall,tp,fp,tn,fn,topology,config,method,rep,n,p,wall_seconds
0.5659183722193134,0.8043003172510232,0.6419236800836383,0.6461038961038962,0.6145772662532752,685,0.6587982832618026,0.6258919469928644,614,318,12067,367,cluster,n513p164,gglasso,4,513,164,43.793087287805974
