aupr,auroc,f1,f1_opt,mcc,shd,precision,recall,tp,fp,tn,fn,topology,config,method,rep,n,p,wall_seconds
0.5811581280749794,0.8258138244464408,0.7377777777777779,0.7394209354120267,0.7397444130945435,118,0.8469387755102041,0.6535433070866141,166,30,13082,88,hub,n513p164,gglasso,21,513,164,13.636134917382151
