aupr,auroc,f1,f1_opt,mcc,shd,precision,recall,tp,fp,tn,fn,topology,config,method,rep,n,p,wall_seconds
0.33504865575699405,0.6465292148573217,0.4369158878504673,0.4371712448860316,0.4645083453119284,964,0.8060344827586207,0.29967948717948717,374,90,12028,874,scale-free,n513p164,gglasso,16,513,164,23.66547383321449
