aupr,auroc,f1,f1_opt,mcc,shd,precision,recall,tp,fp,tn,fn,topology,config,method,rep,n,p,wall_seconds
0.5311805822440193,0.7850990836185926,0.6292134831460674,0.6307277628032345,0.6033177226329962,693,0.6782006920415224,0.5868263473053892,588,279,12085,414,cluster,n513p164,gglasso,42,513,164,43.33352121524513
