aupr,auroc,f1,f1_opt,mcc,shd,precision,recall,tp,fp,tn,fn,topology,config,method,rep,n,p,wall_seconds
0.2662112000784478,0.6116458060905371,0.35572139303482586,0.35572139303482586,0.40088650201842035,1036,0.7944444444444444,0.22916666666666666,286,74,12044,962,scale-free,n513p164,gglasso,43,513,164,19.37704652780667
