aupr,auroc,f1,f1_opt,mcc,shd,precision,recall,tp,fp,tn,fn,topology,config,method,rep,n,p,wall_seconds
0.8133906077848045,0.9752763758711848,0.2299794661190965,0.7543859649122807,0.29225601447909927,375,0.13023255813953488,0.9824561403508771,56,374,794,1,random,n100p50,gglasso,41,100,50,5.776481566950679
