aupr,auroc,f1,f1_opt,mcc,shd,precision,recall,tp,fp,tn,fn,topology,config,method,rep,n,p,wall_seconds
0.5284089032698007,0.7799340733266062,0.6353467561521253,0.63718820861678,0.6136935622015794,652,0.71267252195734,0.5731584258324924,568,229,12146,423,cluster,n513p164,gglasso,38,513,164,30.447162366006523
