aupr,auroc,f1,f1_opt,mcc,shd,precision,recall,tp,fp,tn,fn,topology,config,method,rep,n,p,wall_seconds
0.675162834747639,0.8576293639774589,0.7913043478260868,0.7930283224400871,0.7921667758040537,96,0.883495145631068,0.7165354330708661,182,24,13088,72,hub,n513p164,gglasso,15,513,164,18.353261151816696
