aupr,auroc,f1,f1_opt,mcc,shd,precision,recall,tp,fp,tn,fn,topology,config,method,rep,n,p,wall_seconds
0.5434580912870988,0.7961182475965435,0.632716049382716,0.6356508102456874,0.6044078454976689,714,0.656350053361793,0.6107249255213505,615,322,12037,392,cluster,n513p164,gglasso,16,513,164,19.988642442040145
