aupr,auroc,f1,f1_opt,mcc,shd,precision,recall,tp,fp,tn,fn,topology,config,method,rep,n,p,wall_seconds
0.5989039450285238,0.8234094860309193,0.6501265822784811,0.6647982062780269,0.6224193123341433,691,0.6356435643564357,0.6652849740932643,642,368,12033,323,cluster,n513p164,gglasso,43,513,164,24.436897217296064
