aupr,auroc,f1,f1_opt,mcc,shd,precision,recall,tp,fp,tn,fn,topology,config,method,rep,n,p,wall_seconds
0.624397987124657,0.9197529155594921,0.4188235294117647,0.6066350710900474,0.4332478449322331,247,0.270516717325228,0.9270833333333334,89,240,889,7,scale-free,n100p50,gglasso,2,100,50,8.977370162960142
