aupr,auroc,f1,f1_opt,mcc,shd,precision,recall,tp,fp,tn,fn,topology,config,method,rep,n,p,wall_seconds
0.552393917452057,0.9863485477178423,0.13745704467353953,0.5625000000000001,0.24171912656755443,251,0.07380073800738007,1.0,20,251,954,0,hub,n100p50,gglasso,21,100,50,7.783129554241896
