aupr,auroc,f1,f1_opt,mcc,shd,precision,recall,tp,fp,tn,fn,topology,config,method,rep,n,p,wall_seconds
0.9786309477335702,0.9996243708211253,0.47619047619047616,0.946236559139785,0.5495826371445062,99,0.3125,1.0,45,99,2859,0,hub,n237p78,gglasso,18,237,78,4.506360463798046
