aupr,auroc,f1,f1_opt,mcc,shd,precision,recall,tp,fp,tn,fn,topology,config,method,rep,n,p,wall_seconds
0.9529160516906641,0.9929174050572609,0.47096774193548385,0.9065743944636678,0.5204611250143278,328,0.3086680761099366,0.9931972789115646,146,327,2529,1,random,n237p78,gglasso,0,237,78,4.738275532145053
