aupr,auroc,f1,f1_opt,mcc,shd,precision,recall,tp,fp,tn,fn,topology,config,method,rep,n,p,wall_seconds
0.9507602305267755,0.9987679362932912,0.5,0.9111111111111111,0.5684992044882021,90,0.3333333333333333,1.0,45,90,2868,0,hub,n237p78,gglasso,44,237,78,4.737586190924048
