aupr,auroc,f1,f1_opt,mcc,shd,precision,recall,tp,fp,tn,fn,topology,config,method,rep,n,p,wall_seconds
0.7169705681669145,0.8882439421320103,0.642570281124498,0.718978102189781,0.6114841545793819,267,0.532150776053215,0.8108108108108109,240,211,2496,56,scale-free,n237p78,gglasso,9,237,78,4.171301009599119
