aupr,auroc,f1,f1_opt,mcc,shd,precision,recall,tp,fp,tn,fn,topology,config,method,rep,n,p,wall_seconds
0.5473328860822368,0.8133024051296719,0.7171492204899778,0.7171492204899778,0.7197760531421109,127,0.8341968911917098,0.62890625,161,32,13078,95,hub,n513p164,gglasso,2,513,164,10.84442238509655
