aupr,auroc,f1,f1_opt,mcc,shd,precision,recall,tp,fp,tn,fn,topology,config,method,rep,n,p,wall_seconds
0.9649977856958797,0.9906849055710701,0.48829431438127086,0.9240924092409241,0.5336889270384945,306,0.3244444444444444,0.9864864864864865,146,304,2551,2,random,n237p78,gglasso,27,237,78,4.113224538974464
