aupr,auroc,f1,f1_opt,mcc,shd,precision,recall,tp,fp,tn,fn,topology,config,method,rep,n,p,wall_seconds
0.6589026365147392,0.8399994009524855,0.6363636363636362,0.6783216783216783,0.5960005268246936,240,0.5769230769230769,0.7094594594594594,210,154,2553,86,scale-free,n237p78,gglasso,47,237,78,4.072269276715815
