aupr,auroc,f1,f1_opt,mcc,shd,precision,recall,tp,fp,tn,fn,topology,config,method,rep,n,p,wall_seconds
0.5350616960685267,0.9768464730290456,0.12048192771084336,0.5945945945945946,0.22038374872430314,292,0.0641025641025641,1.0,20,292,913,0,hub,n100p50,gglasso,3,100,50,8.00843049120158
