aupr,auroc,f1,f1_opt,mcc,shd,precision,recall,tp,fp,tn,fn,topology,config,method,rep,n,p,wall_seconds
0.8461397813529064,0.9888379149658635,0.19583333333333333,0.8045977011494252,0.2701437513264396,386,0.10854503464203233,1.0,47,386,792,0,random,n100p50,gglasso,14,100,50,14.939207270741463
