aupr,auroc,f1,f1_opt,mcc,shd,precision,recall,tp,fp,tn,fn,topology,config,method,rep,n,p,wall_seconds
0.8546544642632882,0.9563342851245357,0.5263157894736842,0.8,0.5426299855802832,351,0.36585365853658536,0.9375,195,338,2457,13,cluster,n237p78,gglasso,8,237,78,14.1463539483957
