aupr,auroc,f1,f1_opt,mcc,shd,precision,recall,tp,fp,tn,fn,topology,config,method,rep,n,p,wall_seconds
0.48881834718816314,0.7650563043103893,0.6002120890774125,0.6015037593984961,0.5731141635469152,754,0.6627634660421545,0.5484496124031008,566,288,12046,466,cluster,n513p164,gglasso,36,513,164,21.595710340887308
