aupr,auroc,f1,f1_opt,mcc,shd,precision,recall,tp,fp,tn,fn,topology,config,method,rep,n,p,wall_seconds
0.9288252861549935,0.9801769035512145,0.5575959933222037,0.8881987577639753,0.5848985954291014,265,0.3911007025761124,0.9709302325581395,167,260,2571,5,random,n237p78,gglasso,47,237,78,3.722872944083065
