aupr,auroc,f1,f1_opt,mcc,shd,precision,recall,tp,fp,tn,fn,topology,config,method,rep,n,p,wall_seconds
0.630418045876471,0.8526466259057971,0.7801724137931035,0.7826086956521738,0.7806681049775278,102,0.8701923076923077,0.70703125,181,27,13083,75,hub,n513p164,gglasso,7,513,164,18.591699820943177
