aupr,auroc,f1,f1_opt,mcc,shd,precision,recall,tp,fp,tn,fn,topology,config,method,rep,n,p,wall_seconds
0.9615729973127976,0.9994140184809556,0.3813559322033898,0.9052631578947369,0.47325819893061466,146,0.2356020942408377,1.0,45,146,2812,0,hub,n237p78,gglasso,26,237,78,7.238369788043201
