aupr,auroc,f1,f1_opt,mcc,shd,precision,recall,tp,fp,tn,fn,topology,config,method,rep,n,p,wall_seconds
0.9631548946667028,0.9990383893020809,0.4591836734693878,0.9438202247191012,0.536035384415036,106,0.2980132450331126,1.0,45,106,2852,0,hub,n237p78,gglasso,16,237,78,6.005907162092626
