aupr,auroc,f1,f1_opt,mcc,shd,precision,recall,tp,fp,tn,fn,topology,config,method,rep,n,p,wall_seconds
0.8446983225108227,0.9944398340248962,0.11904761904761907,0.8235294117647058,0.21850424299576823,296,0.06329113924050633,1.0,20,296,909,0,hub,n100p50,gglasso,6,100,50,7.874566982965916
