aupr,auroc,f1,f1_opt,mcc,shd,precision,recall,tp,fp,tn,fn,topology,config,method,rep,n,p,wall_seconds
0.7060633255707975,0.8780514039855072,0.8016528925619835,0.8024948024948025,0.7993964553376904,96,0.8508771929824561,0.7578125,194,34,13076,62,hub,n513p164,gglasso,31,513,164,16.254309009760618
