aupr,auroc,f1,f1_opt,mcc,shd,precision,recall,tp,fp,tn,fn,topology,config,method,rep,n,p,wall_seconds
0.9588598755654715,0.993729639728771,0.44171779141104295,0.9039145907473309,0.4956243619159759,364,0.28402366863905326,0.993103448275862,144,363,2495,1,random,n237p78,gglasso,30,237,78,4.233988200780004
