aupr,auroc,f1,f1_opt,mcc,shd,precision,recall,tp,fp,tn,fn,topology,config,method,rep,n,p,wall_seconds
0.7704715232085708,0.9145652891857629,0.5187406296851573,0.7254408060453401,0.5218845317764431,321,0.37124463519313305,0.8606965174129353,173,293,2509,28,cluster,n237p78,gglasso,5,237,78,12.257206827402115
