aupr,auroc,f1,f1_opt,mcc,shd,precision,recall,tp,fp,tn,fn,topology,config,method,rep,n,p,wall_seconds
0.6160905411489819,0.8956072852081487,0.3962703962703963,0.6010928961748634,0.4021530226254416,259,0.2552552552552553,0.8854166666666666,85,248,881,11,scale-free,n100p50,gglasso,20,100,50,9.293355977162719
