aupr,auroc,f1,f1_opt,mcc,shd,precision,recall,tp,fp,tn,fn,topology,config,method,rep,n,p,wall_seconds
0.6811622519958145,0.8504078515160893,0.6419019316493314,0.6909722222222222,0.6029920044167051,241,0.5729442970822282,0.7297297297297297,216,161,2546,80,scale-free,n237p78,gglasso,11,237,78,3.881050483789295
