aupr,auroc,f1,f1_opt,mcc,shd,precision,recall,tp,fp,tn,fn,topology,config,method,rep,n,p,wall_seconds
0.8878620146270274,0.9520165993176373,0.8274894810659187,0.8643292682926829,0.821431425954861,246,0.7603092783505154,0.9076923076923077,590,186,12530,60,random,n513p164,gglasso,33,513,164,36.08813260914758
