aupr,auroc,f1,f1_opt,mcc,shd,precision,recall,tp,fp,tn,fn,topology,config,method,rep,n,p,wall_seconds
0.7071223837100564,0.8759859482265446,0.7926078028747434,0.7926078028747434,0.7898501216570681,101,0.8354978354978355,0.75390625,193,38,13072,63,hub,n513p164,gglasso,30,513,164,14.654634191188961
