aupr,auroc,f1,f1_opt,mcc,shd,precision,recall,tp,fp,tn,fn,topology,config,method,rep,n,p,wall_seconds
0.3448393199903163,0.6548911002280989,0.45139283683911313,0.45139283683911313,0.4683979544013256,965,0.776908023483366,0.31810897435897434,397,114,12004,851,scale-free,n513p164,gglasso,3,513,164,28.62853806093335
