aupr,auroc,f1,f1_opt,mcc,shd,precision,recall,tp,fp,tn,fn,topology,config,method,rep,n,p,wall_seconds
0.7285944382202094,0.9149476293275765,0.29241877256317683,0.7126436781609196,0.3094670444212896,392,0.17381974248927037,0.9204545454545454,81,385,752,7,cluster,n100p50,gglasso,31,100,50,5.7268744660541415
