aupr,auroc,f1,f1_opt,mcc,shd,precision,recall,tp,fp,tn,fn,topology,config,method,rep,n,p,wall_seconds
0.25897783997669543,0.6091188383671673,0.34755720470006185,0.34755720470006185,0.3869384877217886,1055,0.7615176151761518,0.22516025641025642,281,88,12030,967,scale-free,n513p164,gglasso,2,513,164,23.042021011933684
