aupr,auroc,f1,f1_opt,mcc,shd,precision,recall,tp,fp,tn,fn,topology,config,method,rep,n,p,wall_seconds
0.7519345752988301,0.9287588133340065,0.5688622754491018,0.7313432835820896,0.5706434184259368,288,0.4175824175824176,0.892018779342723,190,265,2525,23,cluster,n237p78,gglasso,21,237,78,12.462446983903646
