aupr,auroc,f1,f1_opt,mcc,shd,precision,recall,tp,fp,tn,fn,topology,config,method,rep,n,p,wall_seconds
0.3351231675716053,0.6508039864939209,0.44279176201373,0.44279176201373,0.46116062028082716,974,0.774,0.31009615384615385,387,113,12005,861,scale-free,n513p164,gglasso,47,513,164,8.511087921913713
