aupr,auroc,f1,f1_opt,mcc,shd,precision,recall,tp,fp,tn,fn,topology,config,method,rep,n,p,wall_seconds
0.9436802367670171,0.98966696402022,0.5184049079754601,0.9053254437869822,0.554830964847953,314,0.35135135135135137,0.9883040935672515,169,312,2520,2,random,n237p78,gglasso,49,237,78,6.284916790667921
