aupr,auroc,f1,f1_opt,mcc,shd,precision,recall,tp,fp,tn,fn,topology,config,method,rep,n,p,wall_seconds
0.9421486843222319,0.9992637668094058,0.5389221556886228,0.9069767441860465,0.599375360685917,77,0.36885245901639346,1.0,45,77,2881,0,hub,n237p78,gglasso,14,237,78,4.8768169498071074
