aupr,auroc,f1,f1_opt,mcc,shd,precision,recall,tp,fp,tn,fn,topology,config,method,rep,n,p,wall_seconds
0.6914639640714411,0.9899585062240664,0.11396011396011398,0.7027027027027027,0.21172699655230595,311,0.06042296072507553,1.0,20,311,894,0,hub,n100p50,gglasso,33,100,50,7.8087503663264215
