aupr,auroc,f1,f1_opt,mcc,shd,precision,recall,tp,fp,tn,fn,topology,config,method,rep,n,p,wall_seconds
0.8824469817604115,0.9468873114041422,0.794783802333562,0.8667225481978206,0.7889277794007267,299,0.7130541871921182,0.8976744186046511,579,233,12488,66,random,n513p164,gglasso,16,513,164,31.359589861240238
