aupr,auroc,f1,f1_opt,mcc,shd,precision,recall,tp,fp,tn,fn,topology,config,method,rep,n,p,wall_seconds
0.7255964041096846,0.9312233639239679,0.2711111111111111,0.6620689655172415,0.3141829293509544,328,0.15885416666666666,0.9242424242424242,61,323,836,5,random,n100p50,gglasso,8,100,50,13.906669897958636
