aupr,auroc,f1,f1_opt,mcc,shd,precision,recall,tp,fp,tn,fn,topology,config,method,rep,n,p,wall_seconds
0.41914394468711025,0.7001161257252403,0.5318158303155716,0.5318158303155716,0.524817665174591,905,0.7503649635036497,0.41185897435897434,514,171,11947,734,scale-free,n513p164,gglasso,30,513,164,11.906966416165233
