aupr,auroc,f1,f1_opt,mcc,shd,precision,recall,tp,fp,tn,fn,topology,config,method,rep,n,p,wall_seconds
0.6850822301629171,0.8696416447847923,0.6496453900709219,0.6879194630872484,0.6145504992962623,247,0.5599022004889975,0.7736486486486487,229,180,2527,67,scale-free,n237p78,gglasso,22,237,78,3.7810935331508517
