aupr,auroc,f1,f1_opt,mcc,shd,precision,recall,tp,fp,tn,fn,topology,config,method,rep,n,p,wall_seconds
0.8627856159862431,0.9887801087801088,0.23060796645702308,0.8118811881188119,0.2990817829785501,367,0.13033175355450238,1.0,55,367,803,0,random,n100p50,gglasso,33,100,50,7.430242427159101
