aupr,auroc,f1,f1_opt,mcc,shd,precision,recall,tp,fp,tn,fn,topology,config,method,rep,n,p,wall_seconds
0.7360758786506983,0.9823236514522822,0.16129032258064516,0.7727272727272727,0.26940250524958537,208,0.08771929824561403,1.0,20,208,997,0,hub,n100p50,gglasso,43,100,50,7.081080907955766
