aupr,auroc,f1,f1_opt,mcc,shd,precision,recall,tp,fp,tn,fn,topology,config,method,rep,n,p,wall_seconds
0.5257458566709198,0.9718257261410788,0.1444043321299639,0.5365853658536585,0.25003027086379925,237,0.07782101167315175,1.0,20,237,968,0,hub,n100p50,gglasso,28,100,50,7.643459951970726
