aupr,auroc,f1,f1_opt,mcc,shd,precision,recall,tp,fp,tn,fn,topology,config,method,rep,n,p,wall_seconds
0.6865969134224559,0.8644942042152977,0.6736842105263158,0.7071428571428573,0.6384733726674029,217,0.6070460704607046,0.7567567567567568,224,145,2562,72,scale-free,n237p78,gglasso,48,237,78,4.78300981875509
