aupr,auroc,f1,f1_opt,mcc,shd,precision,recall,tp,fp,tn,fn,topology,config,method,rep,n,p,wall_seconds
0.9567882580116318,0.9938380243437148,0.5366666666666666,0.9015873015873016,0.5736916309258112,278,0.3675799086757991,0.9938271604938271,161,277,2564,1,random,n237p78,gglasso,8,237,78,4.549800077918917
