aupr,auroc,f1,f1_opt,mcc,shd,precision,recall,tp,fp,tn,fn,topology,config,method,rep,n,p,wall_seconds
0.3643404595418891,0.6690313017084144,0.4731416169289202,0.4731416169289202,0.474349690664294,971,0.7327731092436974,0.34935897435897434,436,159,11959,812,scale-free,n513p164,gglasso,9,513,164,30.551866966299713
