aupr,auroc,f1,f1_opt,mcc,shd,precision,recall,tp,fp,tn,fn,topology,config,method,rep,n,p,wall_seconds
0.6764880456857303,0.8733514502190076,0.6861176470588236,0.7058823529411765,0.6636540787669534,667,0.620954003407155,0.7665615141955836,729,445,11970,222,cluster,n513p164,gglasso,44,513,164,29.613795299082994
