aupr,auroc,f1,f1_opt,mcc,shd,precision,recall,tp,fp,tn,fn,topology,config,method,rep,n,p,wall_seconds
0.7627543008481233,0.9413469890713694,0.3273453093812375,0.7,0.3533948833517444,337,0.19806763285024154,0.9425287356321839,82,332,806,5,cluster,n100p50,gglasso,4,100,50,3.500003487803042
