aupr,auroc,f1,f1_opt,mcc,shd,precision,recall,tp,fp,tn,fn,topology,config,method,rep,n,p,wall_seconds
0.8794698729404902,0.9806656877141458,0.29850746268656714,0.8144329896907216,0.3317451926780279,423,0.17543859649122806,1.0,90,423,712,0,cluster,n100p50,gglasso,27,100,50,6.292290790937841
