aupr,auroc,f1,f1_opt,mcc,shd,precision,recall,tp,fp,tn,fn,topology,config,method,rep,n,p,wall_seconds
0.8474911040707303,0.9693042861316307,0.30036630036630035,0.7951807228915663,0.33535979781981184,382,0.1774891774891775,0.9761904761904762,82,380,761,2,cluster,n100p50,gglasso,5,100,50,3.8816982028074563
