aupr,auroc,f1,f1_opt,mcc,shd,precision,recall,tp,fp,tn,fn,topology,config,method,rep,n,p,wall_seconds
0.9939598546979743,0.9999023364134926,0.35856573705179284,0.9545454545454545,0.45448525208723384,161,0.21844660194174756,1.0,45,161,2797,0,hub,n237p78,gglasso,5,237,78,6.833611672278494
