aupr,auroc,f1,f1_opt,mcc,shd,precision,recall,tp,fp,tn,fn,topology,config,method,rep,n,p,wall_seconds
0.32120501315005867,0.6495175247882997,0.4406196213425129,0.4411257897759908,0.4599445380756089,975,0.7757575757575758,0.3076923076923077,384,111,12007,864,scale-free,n513p164,gglasso,5,513,164,28.281567088793963
