aupr,auroc,f1,f1_opt,mcc,shd,precision,recall,tp,fp,tn,fn,topology,config,method,rep,n,p,wall_seconds
0.8247166807001738,0.9285213280615702,0.8737474949899801,0.874493927125506,0.871493938755529,63,0.889795918367347,0.8582677165354331,218,27,13085,36,hub,n513p164,gglasso,44,513,164,13.554596389178187
