aupr,auroc,f1,f1_opt,mcc,shd,precision,recall,tp,fp,tn,fn,topology,config,method,rep,n,p,wall_seconds
0.7126564983831766,0.8771873934077337,0.8135593220338982,0.8135593220338982,0.8126807890482289,88,0.8807339449541285,0.7559055118110236,192,26,13086,62,hub,n513p164,gglasso,19,513,164,15.571756632998586
