aupr,auroc,f1,f1_opt,mcc,shd,precision,recall,tp,fp,tn,fn,topology,config,method,rep,n,p,wall_seconds
0.8333715351263798,0.9552121057051383,0.4887307236061684,0.7695852534562212,0.5066016607355671,431,0.3301282051282051,0.9406392694063926,206,418,2366,13,cluster,n237p78,gglasso,27,237,78,15.074609526898712
