aupr,auroc,f1,f1_opt,mcc,shd,precision,recall,tp,fp,tn,fn,topology,config,method,rep,n,p,wall_seconds
0.6214988252915905,0.8799130868024801,0.4143222506393862,0.6276595744680851,0.41118928742733596,229,0.2745762711864407,0.84375,81,214,915,15,scale-free,n100p50,gglasso,11,100,50,9.056139702908695
