aupr,auroc,f1,f1_opt,mcc,shd,precision,recall,tp,fp,tn,fn,topology,config,method,rep,n,p,wall_seconds
0.757375816650445,0.8855344425510293,0.7893961708394699,0.7909090909090909,0.7782634043994527,286,0.8035982008995503,0.7756874095513748,536,131,12544,155,random,n513p164,gglasso,11,513,164,30.319582730997354
