aupr,auroc,f1,f1_opt,mcc,shd,precision,recall,tp,fp,tn,fn,topology,config,method,rep,n,p,wall_seconds
0.32300113321212054,0.6488766247815286,0.43671607753705816,0.4373211219232971,0.45238098272461896,988,0.7569169960474308,0.30689102564102566,383,123,11995,865,scale-free,n513p164,gglasso,6,513,164,26.155059387907386
