aupr,auroc,f1,f1_opt,mcc,shd,precision,recall,tp,fp,tn,fn,topology,config,method,rep,n,p,wall_seconds
0.5407965596449666,0.987344398340249,0.10928961748633878,0.5714285714285715,0.20534203538937992,326,0.057803468208092484,1.0,20,326,879,0,hub,n100p50,gglasso,13,100,50,7.798458348028362
