aupr,auroc,f1,f1_opt,mcc,shd,precision,recall,tp,fp,tn,fn,topology,config,method,rep,n,p,wall_seconds
0.4580808751628729,0.7377287175263619,0.5831325301204819,0.5833333333333334,0.5692172216376205,692,0.7256371814092953,0.4874118831822759,484,183,12190,509,cluster,n513p164,gglasso,32,513,164,22.08545168908313
