aupr,auroc,f1,f1_opt,mcc,shd,precision,recall,tp,fp,tn,fn,topology,config,method,rep,n,p,wall_seconds
0.2777890858111044,0.6193061233342219,0.3718958207147184,0.3721212121212122,0.40506514429744594,1037,0.7617866004962779,0.24599358974358973,307,96,12022,941,scale-free,n513p164,gglasso,40,513,164,16.897688974626362
