aupr,auroc,f1,f1_opt,mcc,shd,precision,recall,tp,fp,tn,fn,topology,config,method,rep,n,p,wall_seconds
0.8268108574494254,0.9450507381015578,0.27787307032590053,0.7719298245614037,0.30002868864146887,421,0.16297786720321933,0.9418604651162791,81,416,723,5,cluster,n100p50,gglasso,32,100,50,6.546474026981741
