aupr,auroc,f1,f1_opt,mcc,shd,precision,recall,tp,fp,tn,fn,topology,config,method,rep,n,p,wall_seconds
0.5512698265736745,0.8018472519974781,0.6507072905331882,0.6523887973640857,0.6258917571104475,642,0.6849942726231386,0.6196891191709845,598,275,12126,367,cluster,n513p164,gglasso,31,513,164,29.332572254817933
