aupr,auroc,f1,f1_opt,mcc,shd,precision,recall,tp,fp,tn,fn,topology,config,method,rep,n,p,wall_seconds
0.755423937571059,0.8954195025580973,0.8364389233954451,0.8381742738589211,0.8347925594405073,79,0.8859649122807017,0.792156862745098,202,26,13085,53,hub,n513p164,gglasso,38,513,164,13.882861852180213
