aupr,auroc,f1,f1_opt,mcc,shd,precision,recall,tp,fp,tn,fn,topology,config,method,rep,n,p,wall_seconds
0.6747527822906165,0.8515915876782942,0.7682403433476395,0.7732181425485962,0.7673968709212313,108,0.8443396226415094,0.7047244094488189,179,33,13079,75,hub,n513p164,gglasso,27,513,164,14.245316236279905
