aupr,auroc,f1,f1_opt,mcc,shd,precision,recall,tp,fp,tn,fn,topology,config,method,rep,n,p,wall_seconds
0.964453148537079,0.9941825582897967,0.5067114093959733,0.9246575342465754,0.5500483841655663,294,0.3400900900900901,0.993421052631579,151,293,2558,1,random,n237p78,gglasso,46,237,78,4.165299879852682
