aupr,auroc,f1,f1_opt,mcc,shd,precision,recall,tp,fp,tn,fn,topology,config,method,rep,n,p,wall_seconds
0.34273166227688445,0.6503183439765384,0.44393063583815023,0.44393063583815023,0.46754475032900444,962,0.7966804979253111,0.3076923076923077,384,98,12020,864,scale-free,n513p164,gglasso,25,513,164,26.875942395068705
