aupr,auroc,f1,f1_opt,mcc,shd,precision,recall,tp,fp,tn,fn,topology,config,method,rep,n,p,wall_seconds
0.8817584735009965,0.9486365728142414,0.8121212121212121,0.8641005498821682,0.8056171876318873,279,0.7389705882352942,0.9013452914798207,603,213,12484,66,random,n513p164,gglasso,10,513,164,35.654857418034226
