aupr,auroc,f1,f1_opt,mcc,shd,precision,recall,tp,fp,tn,fn,topology,config,method,rep,n,p,wall_seconds
0.7614571451370689,0.9664451593209195,0.3230088495575221,0.6870229007633588,0.37213623742510166,306,0.1931216931216931,0.9864864864864865,73,305,846,1,random,n100p50,gglasso,2,100,50,15.047652614302933
