aupr,auroc,f1,f1_opt,mcc,shd,precision,recall,tp,fp,tn,fn,topology,config,method,rep,n,p,wall_seconds
0.6176005552821098,0.8746152969337742,0.3,0.6272189349112426,0.30131530793446226,378,0.18120805369127516,0.8709677419354839,81,366,766,12,cluster,n100p50,gglasso,38,100,50,6.437874323222786
