aupr,auroc,f1,f1_opt,mcc,shd,precision,recall,tp,fp,tn,fn,topology,config,method,rep,n,p,wall_seconds
0.2639993717409014,0.6086476437890658,0.3458925262507721,0.3458925262507721,0.3840661781671701,1059,0.7547169811320755,0.22435897435897437,280,91,12027,968,scale-free,n513p164,gglasso,46,513,164,10.356922011822462
