aupr,auroc,f1,f1_opt,mcc,shd,precision,recall,tp,fp,tn,fn,topology,config,method,rep,n,p,wall_seconds
0.5033981368176166,0.7718742798642637,0.6172043010752688,0.6206521739130435,0.5924745323014157,712,0.6874251497005988,0.56,574,261,12080,451,cluster,n513p164,gglasso,35,513,164,40.04166677314788
