aupr,auroc,f1,f1_opt,mcc,shd,precision,recall,tp,fp,tn,fn,topology,config,method,rep,n,p,wall_seconds
0.9557584448499791,0.9880007349471548,0.4918518518518519,0.9107142857142857,0.5308910715553166,343,0.32806324110671936,0.9822485207100592,166,340,2494,3,random,n237p78,gglasso,13,237,78,4.3022004016675055
