aupr,auroc,f1,f1_opt,mcc,shd,precision,recall,tp,fp,tn,fn,topology,config,method,rep,n,p,wall_seconds
0.7905806964015121,0.9524244086679468,0.2807017543859649,0.7439024390243902,0.3119603208653813,410,0.16427104722792607,0.963855421686747,80,407,735,3,cluster,n100p50,gglasso,21,100,50,4.383552783168852
