aupr,auroc,f1,f1_opt,mcc,shd,precision,recall,tp,fp,tn,fn,topology,config,method,rep,n,p,wall_seconds
0.9721996357043688,0.9993839681466457,0.46874999999999994,0.9347826086956522,0.5436602822195624,102,0.30612244897959184,1.0,45,102,2856,0,hub,n237p78,gglasso,34,237,78,8.33662034664303
