aupr,auroc,f1,f1_opt,mcc,shd,precision,recall,tp,fp,tn,fn,topology,config,method,rep,n,p,wall_seconds
0.6449407215623941,0.9904149377593361,0.11331444759206799,0.6363636363636365,0.21085397116604798,313,0.06006006006006006,1.0,20,313,892,0,hub,n100p50,gglasso,25,100,50,6.9228189759887755
