aupr,auroc,f1,f1_opt,mcc,shd,precision,recall,tp,fp,tn,fn,topology,config,method,rep,n,p,wall_seconds
0.5241058191527446,0.7828707520279949,0.6295323173935891,0.6301946344029459,0.6035989692059546,705,0.6845714285714286,0.5826848249027238,599,276,12062,429,cluster,n513p164,gglasso,18,513,164,53.10413127299398
