aupr,auroc,f1,f1_opt,mcc,shd,precision,recall,tp,fp,tn,fn,topology,config,method,rep,n,p,wall_seconds
0.7507976966604492,0.964909906426417,0.28820960698689957,0.7244094488188977,0.34359823246465687,326,0.16879795396419436,0.9850746268656716,66,325,833,1,random,n100p50,gglasso,43,100,50,5.784874790813774
