aupr,auroc,f1,f1_opt,mcc,shd,precision,recall,tp,fp,tn,fn,topology,config,method,rep,n,p,wall_seconds
0.997583139442529,0.9999624370821125,0.4054054054054054,0.9782608695652174,0.49284075888092843,132,0.2542372881355932,1.0,45,132,2826,0,hub,n237p78,gglasso,38,237,78,6.61934077879414
