aupr,auroc,f1,f1_opt,mcc,shd,precision,recall,tp,fp,tn,fn,topology,config,method,rep,n,p,wall_seconds
0.7437926738089817,0.8937988598128975,0.6585034013605442,0.7440147329650091,0.6283975188507962,251,0.55125284738041,0.8175675675675675,242,197,2510,54,scale-free,n237p78,gglasso,37,237,78,4.550840843003243
