aupr,auroc,f1,f1_opt,mcc,shd,precision,recall,tp,fp,tn,fn,topology,config,method,rep,n,p,wall_seconds
0.6731851990473845,0.8512115735979792,0.6666666666666666,0.6845878136200717,0.6296462325802945,216,0.6136363636363636,0.7297297297297297,216,136,2571,80,scale-free,n237p78,gglasso,43,237,78,4.127035076729953
