aupr,auroc,f1,f1_opt,mcc,shd,precision,recall,tp,fp,tn,fn,topology,config,method,rep,n,p,wall_seconds
0.983818578087139,0.9990298913043478,0.4429065743944636,0.9565217391304348,0.5025800102139625,322,0.28444444444444444,1.0,128,322,2553,0,random,n237p78,gglasso,10,237,78,4.283321286085993
