aupr,auroc,f1,f1_opt,mcc,shd,precision,recall,tp,fp,tn,fn,topology,config,method,rep,n,p,wall_seconds
0.8813295085650767,0.9467763976932873,0.8268156424581005,0.8677165354330709,0.8198790295636519,248,0.7668393782383419,0.896969696969697,592,180,12526,68,random,n513p164,gglasso,6,513,164,21.594518766738474
