aupr,auroc,f1,f1_opt,mcc,shd,precision,recall,tp,fp,tn,fn,topology,config,method,rep,n,p,wall_seconds
0.667528107387589,0.8497014746552981,0.6677018633540373,0.6770833333333333,0.6306632651256432,214,0.617816091954023,0.7263513513513513,215,133,2574,81,scale-free,n237p78,gglasso,34,237,78,3.5342573961243033
