aupr,auroc,f1,f1_opt,mcc,shd,precision,recall,tp,fp,tn,fn,topology,config,method,rep,n,p,wall_seconds
0.5147061549372864,0.7757811103001866,0.6311061201572149,0.6316384180790962,0.6097936785366633,657,0.7131979695431472,0.5659617321248741,562,226,12147,431,cluster,n513p164,gglasso,49,513,164,27.651477104984224
