aupr,auroc,f1,f1_opt,mcc,shd,precision,recall,tp,fp,tn,fn,topology,config,method,rep,n,p,wall_seconds
0.7873188921350954,0.9488329063478509,0.22921348314606743,0.7499999999999999,0.2880343602862093,343,0.13043478260869565,0.9444444444444444,51,340,831,3,random,n100p50,gglasso,32,100,50,5.920697221066803
