aupr,auroc,f1,f1_opt,mcc,shd,precision,recall,tp,fp,tn,fn,topology,config,method,rep,n,p,wall_seconds
0.6837726261502969,0.9914107883817428,0.14084507042253522,0.6666666666666666,0.24579961866047534,244,0.07575757575757576,1.0,20,244,961,0,hub,n100p50,gglasso,15,100,50,7.6847432111389935
