aupr,auroc,f1,f1_opt,mcc,shd,precision,recall,tp,fp,tn,fn,topology,config,method,rep,n,p,wall_seconds
0.3195618202957047,0.6398478529502627,0.4204345273047563,0.4204345273047563,0.4474191376477176,987,0.7868131868131868,0.28685897435897434,358,97,12021,890,scale-free,n513p164,gglasso,48,513,164,8.350153274834156
