aupr,auroc,f1,f1_opt,mcc,shd,precision,recall,tp,fp,tn,fn,topology,config,method,rep,n,p,wall_seconds
0.970373365136754,0.9995642701525055,0.4972375690607735,0.9278350515463918,0.566306523352504,91,0.33088235294117646,1.0,45,91,2867,0,hub,n237p78,gglasso,10,237,78,6.124334029853344
