aupr,auroc,f1,f1_opt,mcc,shd,precision,recall,tp,fp,tn,fn,topology,config,method,rep,n,p,wall_seconds
0.607739121804584,0.8865976527900797,0.4088669950738917,0.5915492957746479,0.4101526325091634,240,0.267741935483871,0.8645833333333334,83,227,902,13,scale-free,n100p50,gglasso,44,100,50,7.17940037092194
