aupr,auroc,f1,f1_opt,mcc,shd,precision,recall,tp,fp,tn,fn,topology,config,method,rep,n,p,wall_seconds
0.6209572444535377,0.8617000664304695,0.3746958637469587,0.6236559139784946,0.36357819405868,257,0.24444444444444444,0.8020833333333334,77,238,891,19,scale-free,n100p50,gglasso,10,100,50,8.553325248882174
