aupr,auroc,f1,f1_opt,mcc,shd,precision,recall,tp,fp,tn,fn,topology,config,method,rep,n,p,wall_seconds
0.6486449850752849,0.8502742047165903,0.7816593886462883,0.7816593886462883,0.7831435727006185,100,0.8817733990147784,0.7019607843137254,179,24,13087,76,hub,n513p164,gglasso,28,513,164,14.08829149324447
