aupr,auroc,f1,f1_opt,mcc,shd,precision,recall,tp,fp,tn,fn,topology,config,method,rep,n,p,wall_seconds
0.9405745117366041,0.9866291344123856,0.5553602811950791,0.8903654485049833,0.5873166004691982,253,0.3872549019607843,0.9813664596273292,158,250,2592,3,random,n237p78,gglasso,28,237,78,4.164284071885049
