aupr,auroc,f1,f1_opt,mcc,shd,precision,recall,tp,fp,tn,fn,topology,config,method,rep,n,p,wall_seconds
0.8513927030995361,0.930589151042966,0.8356669123065587,0.8509266720386784,0.827393902034374,223,0.8088445078459344,0.864329268292683,567,134,12576,89,random,n513p164,gglasso,36,513,164,26.039813118986785
