aupr,auroc,f1,f1_opt,mcc,shd,precision,recall,tp,fp,tn,fn,topology,config,method,rep,n,p,wall_seconds
0.7774180151605137,0.9775382327952422,0.2302158273381295,0.7157894736842105,0.307578579243517,321,0.13008130081300814,1.0,48,321,856,0,random,n100p50,gglasso,16,100,50,15.926041815895587
