aupr,auroc,f1,f1_opt,mcc,shd,precision,recall,tp,fp,tn,fn,topology,config,method,rep,n,p,wall_seconds
0.7485202729994846,0.9014248426773456,0.8207171314741035,0.8282828282828283,0.8174558068144988,90,0.8373983739837398,0.8046875,206,40,13070,50,hub,n513p164,gglasso,29,513,164,15.251072281971574
