aupr,auroc,f1,f1_opt,mcc,shd,precision,recall,tp,fp,tn,fn,topology,config,method,rep,n,p,wall_seconds
0.7788794386607563,0.9660811984878014,0.29083665338645415,0.7007299270072993,0.338820736259045,356,0.1705607476635514,0.9864864864864865,73,355,796,1,random,n100p50,gglasso,5,100,50,14.07412708317861
