aupr,auroc,f1,f1_opt,mcc,shd,precision,recall,tp,fp,tn,fn,topology,config,method,rep,n,p,wall_seconds
0.6196211012965505,0.8285351291446599,0.631578947368421,0.6520947176684881,0.5901132830246246,238,0.5828571428571429,0.6891891891891891,204,146,2561,92,scale-free,n237p78,gglasso,30,237,78,3.6321023451164365
