aupr,auroc,f1,f1_opt,mcc,shd,precision,recall,tp,fp,tn,fn,topology,config,method,rep,n,p,wall_seconds
0.6863722140005843,0.8658240872430125,0.7906976744186045,0.7906976744186045,0.7894575964196392,99,0.8577981651376146,0.7333333333333333,187,31,13080,68,hub,n513p164,gglasso,3,513,164,17.021054840181023
