aupr,auroc,f1,f1_opt,mcc,shd,precision,recall,tp,fp,tn,fn,topology,config,method,rep,n,p,wall_seconds
0.6308791689985019,0.9783817427385891,0.12195121951219512,0.6363636363636365,0.22229555770523385,288,0.06493506493506493,1.0,20,288,917,0,hub,n100p50,gglasso,16,100,50,7.9610809800215065
