aupr,auroc,f1,f1_opt,mcc,shd,precision,recall,tp,fp,tn,fn,topology,config,method,rep,n,p,wall_seconds
0.7833667849706262,0.9651075462629175,0.23779193205944799,0.6990291262135923,0.30099713956869617,359,0.13526570048309178,0.9824561403508771,56,358,810,1,random,n100p50,gglasso,13,100,50,14.196056288201362
