aupr,auroc,f1,f1_opt,mcc,shd,precision,recall,tp,fp,tn,fn,topology,config,method,rep,n,p,wall_seconds
0.7973175519325071,0.9534624164192069,0.31698113207547174,0.7607361963190185,0.3475147883148567,362,0.18961625282167044,0.9655172413793104,84,359,779,3,cluster,n100p50,gglasso,47,100,50,7.7024595639668405
