aupr,auroc,f1,f1_opt,mcc,shd,precision,recall,tp,fp,tn,fn,topology,config,method,rep,n,p,wall_seconds
0.28080283481396645,0.6161094258488115,0.36666666666666664,0.36689314391599753,0.40999410602822633,1026,0.7983870967741935,0.23798076923076922,297,75,12043,951,scale-free,n513p164,gglasso,24,513,164,26.04725472489372
