aupr,auroc,f1,f1_opt,mcc,shd,precision,recall,tp,fp,tn,fn,topology,config,method,rep,n,p,wall_seconds
0.31261178081785224,0.6374976327861499,0.4123471170646476,0.4123471170646476,0.43351303048879103,1009,0.7547974413646056,0.28365384615384615,354,115,12003,894,scale-free,n513p164,gglasso,4,513,164,27.726712699979544
