aupr,auroc,f1,f1_opt,mcc,shd,precision,recall,tp,fp,tn,fn,topology,config,method,rep,n,p,wall_seconds
0.7298474129044095,0.8831331400460238,0.81419624217119,0.8151260504201681,0.812363723998554,89,0.8666666666666667,0.7677165354330708,195,30,13082,59,hub,n513p164,gglasso,33,513,164,12.486743787303567
