aupr,auroc,f1,f1_opt,mcc,shd,precision,recall,tp,fp,tn,fn,topology,config,method,rep,n,p,wall_seconds
0.7260705827289671,0.9634742594190394,0.2981651376146789,0.6495726495726497,0.35487941541473755,306,0.17567567567567569,0.9848484848484849,65,305,854,1,random,n100p50,gglasso,21,100,50,13.456032404210418
