aupr,auroc,f1,f1_opt,mcc,shd,precision,recall,tp,fp,tn,fn,topology,config,method,rep,n,p,wall_seconds
0.6873459128761665,0.8518936141534958,0.6793048973143759,0.7078039927404718,0.6433873518382344,203,0.6379821958456974,0.7263513513513513,215,122,2585,81,scale-free,n237p78,gglasso,28,237,78,3.574853050056845
