aupr,auroc,f1,f1_opt,mcc,shd,precision,recall,tp,fp,tn,fn,topology,config,method,rep,n,p,wall_seconds
0.7795897448553982,0.9285432990670704,0.49538866930171277,0.7443946188340808,0.504277360071272,383,0.34306569343065696,0.8909952606635071,188,360,2432,23,cluster,n237p78,gglasso,46,237,78,15.232583307195455
