aupr,auroc,f1,f1_opt,mcc,shd,precision,recall,tp,fp,tn,fn,topology,config,method,rep,n,p,wall_seconds
0.8259824334353741,0.9160647032585004,0.8268398268398267,0.8459167950693374,0.817418282964026,240,0.8185714285714286,0.8352769679300291,573,127,12553,113,random,n513p164,gglasso,37,513,164,36.58884923392907
