aupr,auroc,f1,f1_opt,mcc,shd,precision,recall,tp,fp,tn,fn,topology,config,method,rep,n,p,wall_seconds
0.8857689503632743,0.948728352713827,0.8135818908122503,0.8667186282151208,0.8068809127125011,280,0.741504854368932,0.9011799410029498,611,213,12475,67,random,n513p164,gglasso,18,513,164,33.79439930804074
