aupr,auroc,f1,f1_opt,mcc,shd,precision,recall,tp,fp,tn,fn,topology,config,method,rep,n,p,wall_seconds
0.8862788627387661,0.9518518155264521,0.8,0.8601286173633441,0.7949591051341497,291,0.714987714987715,0.9079563182527302,582,232,12493,59,random,n513p164,gglasso,40,513,164,45.467465753201395
