aupr,auroc,f1,f1_opt,mcc,shd,precision,recall,tp,fp,tn,fn,topology,config,method,rep,n,p,wall_seconds
0.9106462763438055,0.9624693391337028,0.8079470198675496,0.8769811320754717,0.8042861287119613,290,0.7151230949589683,0.928462709284627,610,243,12466,47,random,n513p164,gglasso,15,513,164,35.33870927570388
