aupr,auroc,f1,f1_opt,mcc,shd,precision,recall,tp,fp,tn,fn,topology,config,method,rep,n,p,wall_seconds
0.7696385667461113,0.9717740744023875,0.2561797752808989,0.719298245614035,0.3197856515188758,331,0.14728682170542637,0.9827586206896551,57,330,837,1,random,n100p50,gglasso,30,100,50,5.686827141325921
