aupr,auroc,f1,f1_opt,mcc,shd,precision,recall,tp,fp,tn,fn,topology,config,method,rep,n,p,wall_seconds
0.8046236299455171,0.9357485311808086,0.505464480874317,0.7665706051873198,0.5172863703868906,362,0.3510436432637571,0.9024390243902439,185,342,2456,20,cluster,n237p78,gglasso,24,237,78,14.227738450281322
