aupr,auroc,f1,f1_opt,mcc,shd,precision,recall,tp,fp,tn,fn,topology,config,method,rep,n,p,wall_seconds
0.2741070254906355,0.6186111675363203,0.3693421846710923,0.3693421846710923,0.39984666822454634,1045,0.7481662591687042,0.24519230769230768,306,103,12015,942,scale-free,n513p164,gglasso,11,513,164,27.199896849226207
