aupr,auroc,f1,f1_opt,mcc,shd,precision,recall,tp,fp,tn,fn,topology,config,method,rep,n,p,wall_seconds
0.8388802746068676,0.9623636931517268,0.44812362030905073,0.7853881278538812,0.4762532830556271,500,0.2920863309352518,0.9620853080568721,203,492,2300,8,cluster,n237p78,gglasso,4,237,78,16.02580382814631
