aupr,auroc,f1,f1_opt,mcc,shd,precision,recall,tp,fp,tn,fn,topology,config,method,rep,n,p,wall_seconds
0.7877948954003823,0.9541930732406924,0.30715532286212915,0.732919254658385,0.3325936075682948,397,0.1825726141078838,0.967032967032967,88,394,740,3,cluster,n100p50,gglasso,26,100,50,6.0032410100102425
