aupr,auroc,f1,f1_opt,mcc,shd,precision,recall,tp,fp,tn,fn,topology,config,method,rep,n,p,wall_seconds
0.6889162589723019,0.97149377593361,0.12121212121212122,0.6666666666666667,0.22133555019400167,290,0.06451612903225806,1.0,20,290,915,0,hub,n100p50,gglasso,17,100,50,8.505581949837506
