aupr,auroc,f1,f1_opt,mcc,shd,precision,recall,tp,fp,tn,fn,topology,config,method,rep,n,p,wall_seconds
0.7128032459632647,0.8880292834393315,0.6620689655172414,0.7111111111111111,0.6312050742655237,245,0.5594405594405595,0.8108108108108109,240,189,2518,56,scale-free,n237p78,gglasso,15,237,78,4.134471070021391
