aupr,auroc,f1,f1_opt,mcc,shd,precision,recall,tp,fp,tn,fn,topology,config,method,rep,n,p,wall_seconds
0.9203195203328157,0.9679571030771019,0.8185328185328185,0.8869969040247678,0.8151596192015673,282,0.7251995438996579,0.9394387001477105,636,241,12448,41,random,n513p164,gglasso,39,513,164,37.87897879583761
