aupr,auroc,f1,f1_opt,mcc,shd,precision,recall,tp,fp,tn,fn,topology,config,method,rep,n,p,wall_seconds
0.7604267810320237,0.9033786279815093,0.6500655307994758,0.7364864864864865,0.6226103696252985,267,0.5310492505353319,0.8378378378378378,248,219,2488,48,scale-free,n237p78,gglasso,10,237,78,4.241200503893197
