aupr,auroc,f1,f1_opt,mcc,shd,precision,recall,tp,fp,tn,fn,topology,config,method,rep,n,p,wall_seconds
0.23367195091847975,0.5870170619252563,0.2922975641869651,0.2922975641869651,0.3588704431729354,1075,0.8191881918819188,0.1778846153846154,222,49,12069,1026,scale-free,n513p164,gglasso,33,513,164,26.030087034218013
