aupr,auroc,f1,f1_opt,mcc,shd,precision,recall,tp,fp,tn,fn,topology,config,method,rep,n,p,wall_seconds
0.9785819608146661,0.9996168582375479,0.4615384615384615,0.924731182795699,0.5379134807558783,105,0.3,1.0,45,105,2853,0,hub,n237p78,gglasso,37,237,78,7.958116857800633
