aupr,auroc,f1,f1_opt,mcc,shd,precision,recall,tp,fp,tn,fn,topology,config,method,rep,n,p,wall_seconds
0.7490370059753322,0.9873029045643154,0.12861736334405147,0.7083333333333333,0.23080670338133985,271,0.06872852233676977,1.0,20,271,934,0,hub,n100p50,gglasso,23,100,50,7.223270636051893
