aupr,auroc,f1,f1_opt,mcc,shd,precision,recall,tp,fp,tn,fn,topology,config,method,rep,n,p,wall_seconds
0.6231788978789662,0.9008525243578387,0.431472081218274,0.6145833333333334,0.4364295438105996,224,0.28523489932885904,0.8854166666666666,85,213,916,11,scale-free,n100p50,gglasso,24,100,50,9.309285246767104
