aupr,auroc,f1,f1_opt,mcc,shd,precision,recall,tp,fp,tn,fn,topology,config,method,rep,n,p,wall_seconds
0.6543619909194658,0.9010246856078248,0.30419580419580416,0.6596858638743456,0.31301559803747686,398,0.18238993710691823,0.9157894736842105,87,390,740,8,cluster,n100p50,gglasso,46,100,50,6.703692122828215
