aupr,auroc,f1,f1_opt,mcc,shd,precision,recall,tp,fp,tn,fn,topology,config,method,rep,n,p,wall_seconds
0.9608811768814396,0.9987228607918263,0.42857142857142855,0.9285714285714286,0.5115303373252233,120,0.2727272727272727,1.0,45,120,2838,0,hub,n237p78,gglasso,40,237,78,4.854211896192282
