aupr,auroc,f1,f1_opt,mcc,shd,precision,recall,tp,fp,tn,fn,topology,config,method,rep,n,p,wall_seconds
0.2498328683752818,0.5944493199351675,0.3133159268929504,0.3133159268929504,0.38066668083039334,1052,0.8450704225352113,0.19230769230769232,240,44,12074,1008,scale-free,n513p164,gglasso,0,513,164,14.67309562023729
