aupr,auroc,f1,f1_opt,mcc,shd,precision,recall,tp,fp,tn,fn,topology,config,method,rep,n,p,wall_seconds
0.7829335849093227,0.9599053915422318,0.28393135725429014,0.7659574468085107,0.3061857882234051,459,0.16605839416058393,0.978494623655914,91,457,675,2,cluster,n100p50,gglasso,48,100,50,7.371825869195163
