aupr,auroc,f1,f1_opt,mcc,shd,precision,recall,tp,fp,tn,fn,topology,config,method,rep,n,p,wall_seconds
0.7355087109376887,0.887644894617558,0.6742209631728044,0.7195945945945946,0.6428811682568109,230,0.5804878048780487,0.8040540540540541,238,172,2535,58,scale-free,n237p78,gglasso,20,237,78,3.710723463911563
