aupr,auroc,f1,f1_opt,mcc,shd,precision,recall,tp,fp,tn,fn,topology,config,method,rep,n,p,wall_seconds
0.8163069728310146,0.9367236012056726,0.4876847290640393,0.7866323907455013,0.49899447611059045,416,0.3333333333333333,0.908256880733945,198,396,2389,20,cluster,n237p78,gglasso,22,237,78,15.590001987293363
