aupr,auroc,f1,f1_opt,mcc,shd,precision,recall,tp,fp,tn,fn,topology,config,method,rep,n,p,wall_seconds
0.8815994579261407,0.9491839307912406,0.8095838587641867,0.8577617328519856,0.8025676499961372,302,0.7337142857142858,0.9029535864978903,642,233,12422,69,random,n513p164,gglasso,14,513,164,34.46642818208784
