aupr,auroc,f1,f1_opt,mcc,shd,precision,recall,tp,fp,tn,fn,topology,config,method,rep,n,p,wall_seconds
0.8843480563939146,0.9484249659188916,0.8482328482328483,0.8708938120702827,0.8411588759692878,219,0.8020969855832241,0.9,612,151,12535,68,random,n513p164,gglasso,17,513,164,34.926085873972625
