aupr,auroc,f1,f1_opt,mcc,shd,precision,recall,tp,fp,tn,fn,topology,config,method,rep,n,p,wall_seconds
0.5628411829225447,0.8112653522574862,0.6474523932063818,0.6490409538621047,0.6198490403111744,685,0.6531671858774662,0.6418367346938776,629,334,12052,351,cluster,n513p164,gglasso,27,513,164,48.59709170041606
