aupr,auroc,f1,f1_opt,mcc,shd,precision,recall,tp,fp,tn,fn,topology,config,method,rep,n,p,wall_seconds
0.6422364797250955,0.911010850310009,0.4075829383886256,0.6836734693877551,0.4155059893724058,250,0.26380368098159507,0.8958333333333334,86,240,889,10,scale-free,n100p50,gglasso,1,100,50,9.796992028132081
