aupr,auroc,f1,f1_opt,mcc,shd,precision,recall,tp,fp,tn,fn,topology,config,method,rep,n,p,wall_seconds
0.9756587506377316,0.9984129343453474,0.4907563025210084,0.9278350515463917,0.5391487264310533,303,0.32516703786191536,1.0,146,303,2554,0,random,n237p78,gglasso,5,237,78,4.704389885999262
