aupr,auroc,f1,f1_opt,mcc,shd,precision,recall,tp,fp,tn,fn,topology,config,method,rep,n,p,wall_seconds
0.6260130953471401,0.8291048482912171,0.651685393258427,0.6690777576853526,0.6124286502865719,217,0.6207951070336392,0.6858108108108109,203,124,2583,93,scale-free,n237p78,gglasso,2,237,78,9.568158448208123
