aupr,auroc,f1,f1_opt,mcc,shd,precision,recall,tp,fp,tn,fn,topology,config,method,rep,n,p,wall_seconds
0.6956210474076385,0.9091403834260977,0.28571428571428575,0.662251655629139,0.31705968590989847,310,0.17032967032967034,0.8857142857142857,62,302,853,8,random,n100p50,gglasso,39,100,50,6.081507694907486
