aupr,auroc,f1,f1_opt,mcc,shd,precision,recall,tp,fp,tn,fn,topology,config,method,rep,n,p,wall_seconds
0.8365469594529797,0.928735799754278,0.7904577691811735,0.8181143281365998,0.7807911145799061,325,0.7288941736028538,0.8633802816901408,613,228,12428,97,random,n513p164,gglasso,1,513,164,22.42031028587371
