aupr,auroc,f1,f1_opt,mcc,shd,precision,recall,tp,fp,tn,fn,topology,config,method,rep,n,p,wall_seconds
0.7068784489911599,0.9195479488852221,0.29604130808950085,0.6702702702702703,0.31164589854030517,409,0.17586912065439672,0.9347826086956522,86,403,730,6,cluster,n100p50,gglasso,34,100,50,6.838056546635926
