aupr,auroc,f1,f1_opt,mcc,shd,precision,recall,tp,fp,tn,fn,topology,config,method,rep,n,p,wall_seconds
0.6786590807076734,0.864844017749034,0.7991360691144709,0.7991360691144709,0.7992030176704391,93,0.8809523809523809,0.7312252964426877,185,25,13088,68,hub,n513p164,gglasso,34,513,164,14.595639127772301
