aupr,auroc,f1,f1_opt,mcc,shd,precision,recall,tp,fp,tn,fn,topology,config,method,rep,n,p,wall_seconds
0.5981066119714753,0.8373681258497356,0.739784946236559,0.739784946236559,0.7384950902751566,121,0.8151658767772512,0.6771653543307087,172,39,13073,82,hub,n513p164,gglasso,41,513,164,16.586112998891622
