aupr,auroc,f1,f1_opt,mcc,shd,precision,recall,tp,fp,tn,fn,topology,config,method,rep,n,p,wall_seconds
0.8016133440398147,0.9921991701244813,0.11799410029498525,0.7804878048780488,0.2171152013404502,299,0.06269592476489028,1.0,20,299,906,0,hub,n100p50,gglasso,18,100,50,7.862923395819962
