aupr,auroc,f1,f1_opt,mcc,shd,precision,recall,tp,fp,tn,fn,topology,config,method,rep,n,p,wall_seconds
0.5864194838213181,0.8648047682314732,0.4179894179894181,0.5681818181818181,0.41057120038951633,220,0.2801418439716312,0.8229166666666666,79,203,926,17,scale-free,n100p50,gglasso,43,100,50,7.5946095562539995
