aupr,auroc,f1,f1_opt,mcc,shd,precision,recall,tp,fp,tn,fn,topology,config,method,rep,n,p,wall_seconds
0.31893807588576617,0.6464490073042432,0.4315970234688037,0.43184421534936995,0.44816712252949714,993,0.7555110220440882,0.3020833333333333,377,122,11996,871,scale-free,n513p164,gglasso,20,513,164,23.568771657068282
