aupr,auroc,f1,f1_opt,mcc,shd,precision,recall,tp,fp,tn,fn,topology,config,method,rep,n,p,wall_seconds
0.7958268394339968,0.9765459197022996,0.24786324786324787,0.7716535433070865,0.30964689743211243,352,0.14180929095354522,0.9830508474576272,58,351,815,1,random,n100p50,gglasso,18,100,50,13.787459199782461
