aupr,auroc,f1,f1_opt,mcc,shd,precision,recall,tp,fp,tn,fn,topology,config,method,rep,n,p,wall_seconds
0.5532247867115019,0.7994686100911326,0.6263345195729538,0.6320254506892895,0.5967168692699832,735,0.6343975283213182,0.6184738955823293,616,355,12015,380,cluster,n513p164,gglasso,48,513,164,20.2109650420025
