aupr,auroc,f1,f1_opt,mcc,shd,precision,recall,tp,fp,tn,fn,topology,config,method,rep,n,p,wall_seconds
0.8859466077255465,0.9523952933659375,0.9001956947162426,0.9019607843137255,0.8982668466956203,51,0.8949416342412452,0.905511811023622,230,27,13085,24,hub,n513p164,gglasso,36,513,164,19.39243656489998
