aupr,auroc,f1,f1_opt,mcc,shd,precision,recall,tp,fp,tn,fn,topology,config,method,rep,n,p,wall_seconds
0.9437097762719838,0.9778638194688881,0.4944532488114104,0.9119496855345912,0.5306959158092021,319,0.3326226012793177,0.9629629629629629,156,313,2528,6,random,n237p78,gglasso,2,237,78,4.568147330079228
