aupr,auroc,f1,f1_opt,mcc,shd,precision,recall,tp,fp,tn,fn,topology,config,method,rep,n,p,wall_seconds
0.3196192918845736,0.6425655202474809,0.42459396751740147,0.42459396751740147,0.4461741583323836,992,0.7689075630252101,0.2932692307692308,366,110,12008,882,scale-free,n513p164,gglasso,1,513,164,29.560489343013614
