aupr,auroc,f1,f1_opt,mcc,shd,precision,recall,tp,fp,tn,fn,topology,config,method,rep,n,p,wall_seconds
0.8781768851638447,0.9862776596226074,0.268760907504363,0.7891156462585034,0.313976644984295,419,0.15524193548387097,1.0,77,419,729,0,cluster,n100p50,gglasso,20,100,50,4.270012413151562
