aupr,auroc,f1,f1_opt,mcc,shd,precision,recall,tp,fp,tn,fn,topology,config,method,rep,n,p,wall_seconds
0.9557822884436395,0.9932429998288796,0.5218855218855218,0.9096774193548387,0.5622164881940829,284,0.3538812785388128,0.9935897435897436,155,283,2564,1,random,n237p78,gglasso,48,237,78,6.321342667099088
