aupr,auroc,f1,f1_opt,mcc,shd,precision,recall,tp,fp,tn,fn,topology,config,method,rep,n,p,wall_seconds
0.748357885184194,0.8880707415617849,0.8291666666666666,0.8291666666666666,0.8279669479980438,82,0.8883928571428571,0.77734375,199,25,13085,57,hub,n513p164,gglasso,1,513,164,13.813505212310702
