aupr,auroc,f1,f1_opt,mcc,shd,precision,recall,tp,fp,tn,fn,topology,config,method,rep,n,p,wall_seconds
0.7668706330047252,0.889532636650451,0.7994186046511627,0.7999999999999999,0.7887198700915155,276,0.8160237388724035,0.7834757834757835,550,124,12540,152,random,n513p164,gglasso,21,513,164,31.69846821203828
