aupr,auroc,f1,f1_opt,mcc,shd,precision,recall,tp,fp,tn,fn,topology,config,method,rep,n,p,wall_seconds
0.30620746654145303,0.6331208659717902,0.4018746338605741,0.4018746338605741,0.4238257443867181,1021,0.7472766884531591,0.2748397435897436,343,116,12002,905,scale-free,n513p164,gglasso,8,513,164,18.219709428958595
