aupr,auroc,f1,f1_opt,mcc,shd,precision,recall,tp,fp,tn,fn,topology,config,method,rep,n,p,wall_seconds
0.9705752464241084,0.9994966569003081,0.46391752577319584,0.9052631578947369,0.5398101200999131,104,0.30201342281879195,1.0,45,104,2854,0,hub,n237p78,gglasso,27,237,78,6.2439971077255905
