aupr,auroc,f1,f1_opt,mcc,shd,precision,recall,tp,fp,tn,fn,topology,config,method,rep,n,p,wall_seconds
0.8337909603269104,0.9246892504886887,0.8057259713701431,0.8327024981074943,0.7959106070124718,285,0.7625806451612903,0.8540462427745664,591,184,12490,101,random,n513p164,gglasso,26,513,164,34.49767107376829
