aupr,auroc,f1,f1_opt,mcc,shd,precision,recall,tp,fp,tn,fn,topology,config,method,rep,n,p,wall_seconds
0.8440490394801058,0.978220804311353,0.2881720430107527,0.758169934640523,0.3424951998366138,331,0.16876574307304787,0.9852941176470589,67,330,827,1,random,n100p50,gglasso,46,100,50,5.984976270236075
