aupr,auroc,f1,f1_opt,mcc,shd,precision,recall,tp,fp,tn,fn,topology,config,method,rep,n,p,wall_seconds
0.9609296672662485,0.9941313237527747,0.5129087779690189,0.9163879598662208,0.5557735739099715,283,0.345707656612529,0.9933333333333333,149,282,2571,1,random,n237p78,gglasso,39,237,78,3.7856056266464293
