aupr,auroc,f1,f1_opt,mcc,shd,precision,recall,tp,fp,tn,fn,topology,config,method,rep,n,p,wall_seconds
0.856987100491552,0.9344939293626824,0.8152692569870483,0.8439133681852129,0.8065678484023557,271,0.7647058823529411,0.872992700729927,598,184,12497,87,random,n513p164,gglasso,34,513,164,44.67691206000745
