aupr,auroc,f1,f1_opt,mcc,shd,precision,recall,tp,fp,tn,fn,topology,config,method,rep,n,p,wall_seconds
0.9380664415653305,0.9859884762482165,0.5307557117750439,0.881118881118881,0.5674696448910781,267,0.363855421686747,0.9805194805194806,151,264,2585,3,random,n237p78,gglasso,40,237,78,4.775892667006701
