aupr,auroc,f1,f1_opt,mcc,shd,precision,recall,tp,fp,tn,fn,topology,config,method,rep,n,p,wall_seconds
0.9707725544252012,0.9977507675566438,0.46006389776357826,0.9220338983050849,0.5132595892823199,338,0.2987551867219917,1.0,144,338,2521,0,random,n237p78,gglasso,41,237,78,4.220470973756164
