aupr,auroc,f1,f1_opt,mcc,shd,precision,recall,tp,fp,tn,fn,topology,config,method,rep,n,p,wall_seconds
0.756465109444633,0.9259647997512075,0.5402455661664393,0.7006651884700665,0.5426512961022223,337,0.38747553816046965,0.8918918918918919,198,313,2468,24,cluster,n237p78,gglasso,20,237,78,14.681405806913972
