aupr,auroc,f1,f1_opt,mcc,shd,precision,recall,tp,fp,tn,fn,topology,config,method,rep,n,p,wall_seconds
0.40607419371914405,0.6960890850017561,0.5255474452554745,0.5255474452554745,0.5202124758081725,910,0.7522388059701492,0.40384615384615385,504,166,11952,744,scale-free,n513p164,gglasso,29,513,164,22.476727013941854
