aupr,auroc,f1,f1_opt,mcc,shd,precision,recall,tp,fp,tn,fn,topology,config,method,rep,n,p,wall_seconds
0.7986356725624184,0.9332565703088701,0.29684601113172543,0.752808988764045,0.3154792343876746,379,0.17699115044247787,0.9195402298850575,80,372,766,7,cluster,n100p50,gglasso,6,100,50,3.9078071359544992
