aupr,auroc,f1,f1_opt,mcc,shd,precision,recall,tp,fp,tn,fn,topology,config,method,rep,n,p,wall_seconds
0.8115127458771272,0.987136929460581,0.11695906432748539,0.7804878048780488,0.21574334783307536,302,0.062111801242236024,1.0,20,302,903,0,hub,n100p50,gglasso,41,100,50,7.975521461106837
