aupr,auroc,f1,f1_opt,mcc,shd,precision,recall,tp,fp,tn,fn,topology,config,method,rep,n,p,wall_seconds
0.36594137706142843,0.6734371627712114,0.485310119695321,0.485310119695321,0.48936520709423087,946,0.7559322033898305,0.3573717948717949,446,144,11974,802,scale-free,n513p164,gglasso,37,513,164,23.124109416268766
