aupr,auroc,f1,f1_opt,mcc,shd,precision,recall,tp,fp,tn,fn,topology,config,method,rep,n,p,wall_seconds
0.8570119148005944,0.9529278663948608,0.48843187660668386,0.8223350253807108,0.5082368553833208,398,0.3310104529616725,0.9313725490196079,190,384,2415,14,cluster,n237p78,gglasso,10,237,78,13.066906731110066
