aupr,auroc,f1,f1_opt,mcc,shd,precision,recall,tp,fp,tn,fn,topology,config,method,rep,n,p,wall_seconds
0.5952674654174925,0.8243740421776694,0.6560159760359462,0.6666666666666667,0.628275236270649,689,0.6447497546614328,0.6676829268292683,657,362,12020,327,cluster,n513p164,gglasso,19,513,164,31.665299268439412
