aupr,auroc,f1,f1_opt,mcc,shd,precision,recall,tp,fp,tn,fn,topology,config,method,rep,n,p,wall_seconds
0.8565954577895412,0.9342086608951757,0.8146143437077132,0.846986089644513,0.8058012240801181,274,0.7639593908629442,0.8724637681159421,602,186,12490,88,random,n513p164,gglasso,32,513,164,37.733493137173355
