aupr,auroc,f1,f1_opt,mcc,shd,precision,recall,tp,fp,tn,fn,topology,config,method,rep,n,p,wall_seconds
0.8083857120175522,0.9680189148830263,0.26619964973730303,0.7724137931034483,0.3081864303475819,419,0.15384615384615385,0.987012987012987,76,418,730,1,cluster,n100p50,gglasso,40,100,50,7.0420429748483
