aupr,auroc,f1,f1_opt,mcc,shd,precision,recall,tp,fp,tn,fn,topology,config,method,rep,n,p,wall_seconds
0.7459733068875016,0.9339570416297609,0.4362745098039216,0.7058823529411765,0.45002116832547834,230,0.28525641025641024,0.9270833333333334,89,223,906,7,scale-free,n100p50,gglasso,34,100,50,8.32766076689586
