aupr,auroc,f1,f1_opt,mcc,shd,precision,recall,tp,fp,tn,fn,topology,config,method,rep,n,p,wall_seconds
0.26211157253703976,0.6126641047858452,0.35670356703567035,0.35670356703567035,0.3950938457967489,1046,0.7671957671957672,0.23237179487179488,290,88,12030,958,scale-free,n513p164,gglasso,10,513,164,25.91727361921221
