aupr,auroc,f1,f1_opt,mcc,shd,precision,recall,tp,fp,tn,fn,topology,config,method,rep,n,p,wall_seconds
0.9806086468900047,0.9997311745368521,0.40552995391705066,0.9555555555555557,0.4932010833252117,129,0.2543352601156069,1.0,44,129,2830,0,hub,n237p78,gglasso,45,237,78,4.854700309224427
