aupr,auroc,f1,f1_opt,mcc,shd,precision,recall,tp,fp,tn,fn,topology,config,method,rep,n,p,wall_seconds
0.7929886576910149,0.9740185676392573,0.2800875273522976,0.7703703703703704,0.3372629453018485,329,0.16326530612244897,0.9846153846153847,64,328,832,1,random,n100p50,gglasso,48,100,50,6.635644169058651
