aupr,auroc,f1,f1_opt,mcc,shd,precision,recall,tp,fp,tn,fn,topology,config,method,rep,n,p,wall_seconds
0.7235096384211376,0.8846271927635061,0.6820809248554912,0.7253521126760564,0.6503404739261904,220,0.5959595959595959,0.7972972972972973,236,160,2547,60,scale-free,n237p78,gglasso,5,237,78,4.236992032267153
