aupr,auroc,f1,f1_opt,mcc,shd,precision,recall,tp,fp,tn,fn,topology,config,method,rep,n,p,wall_seconds
0.8063819897845251,0.9755317231434752,0.25054945054945055,0.7368421052631579,0.3184397139946994,341,0.14321608040201006,1.0,57,341,827,0,random,n100p50,gglasso,28,100,50,6.734485731925815
