aupr,auroc,f1,f1_opt,mcc,shd,precision,recall,tp,fp,tn,fn,topology,config,method,rep,n,p,wall_seconds
0.608576112194764,0.8944216858576912,0.4057971014492754,0.6206896551724138,0.4093273685410628,246,0.2641509433962264,0.875,84,234,895,12,scale-free,n100p50,gglasso,26,100,50,9.321494329255074
