aupr,auroc,f1,f1_opt,mcc,shd,precision,recall,tp,fp,tn,fn,topology,config,method,rep,n,p,wall_seconds
0.3057687015738535,0.6369318819006268,0.4107038976148924,0.4107038976148924,0.43097012625610864,1013,0.7494692144373672,0.2828525641025641,353,118,12000,895,scale-free,n513p164,gglasso,39,513,164,23.529060847125947
