aupr,auroc,f1,f1_opt,mcc,shd,precision,recall,tp,fp,tn,fn,topology,config,method,rep,n,p,wall_seconds
0.27895469061920974,0.6209262431707865,0.37605804111245467,0.37605804111245467,0.40918622001145893,1032,0.7660098522167488,0.24919871794871795,311,95,12023,937,scale-free,n513p164,gglasso,21,513,164,23.58001514431089
