aupr,auroc,f1,f1_opt,mcc,shd,precision,recall,tp,fp,tn,fn,topology,config,method,rep,n,p,wall_seconds
0.7584600108151828,0.935036536758193,0.30847457627118646,0.7040816326530612,0.32375848873795937,408,0.18421052631578946,0.9479166666666666,91,403,726,5,cluster,n100p50,gglasso,23,100,50,4.05614212108776
