aupr,auroc,f1,f1_opt,mcc,shd,precision,recall,tp,fp,tn,fn,topology,config,method,rep,n,p,wall_seconds
0.7682883338676791,0.9443412213896318,0.287719298245614,0.7349397590361445,0.31385311698159385,406,0.16942148760330578,0.9534883720930233,82,402,737,4,cluster,n100p50,gglasso,45,100,50,7.0248996638692915
