aupr,auroc,f1,f1_opt,mcc,shd,precision,recall,tp,fp,tn,fn,topology,config,method,rep,n,p,wall_seconds
0.6428652449089879,0.9113111111111111,0.3257443082311734,0.6261682242990654,0.33432324978141326,385,0.19745222929936307,0.93,93,378,747,7,cluster,n100p50,gglasso,22,100,50,4.231639130972326
