aupr,auroc,f1,f1_opt,mcc,shd,precision,recall,tp,fp,tn,fn,topology,config,method,rep,n,p,wall_seconds
0.8643838377462623,0.9465922193757375,0.8923679060665363,0.8972332015810275,0.8902721306657467,55,0.890625,0.8941176470588236,228,28,13083,27,hub,n513p164,gglasso,35,513,164,15.908356898929924
