aupr,auroc,f1,f1_opt,mcc,shd,precision,recall,tp,fp,tn,fn,topology,config,method,rep,n,p,wall_seconds
0.7982854373658688,0.9259768560960325,0.5066991473812423,0.7678571428571429,0.5083106235844265,405,0.3543441226575809,0.8888888888888888,208,379,2390,26,cluster,n237p78,gglasso,43,237,78,14.980938171967864
