aupr,auroc,f1,f1_opt,mcc,shd,precision,recall,tp,fp,tn,fn,topology,config,method,rep,n,p,wall_seconds
0.8280909714763097,0.9894190871369295,0.1413427561837456,0.7647058823529412,0.2463945719617564,243,0.07604562737642585,1.0,20,243,962,0,hub,n100p50,gglasso,8,100,50,7.580123325344175
