aupr,auroc,f1,f1_opt,mcc,shd,precision,recall,tp,fp,tn,fn,topology,config,method,rep,n,p,wall_seconds
0.8311082043850387,0.949565762543101,0.4904109589041096,0.7717391304347826,0.512000226426763,372,0.3333333333333333,0.927461139896373,179,358,2452,14,cluster,n237p78,gglasso,18,237,78,13.757217541802675
