aupr,auroc,f1,f1_opt,mcc,shd,precision,recall,tp,fp,tn,fn,topology,config,method,rep,n,p,wall_seconds
0.9401391887527983,0.9815956770502225,0.46026490066225156,0.9052631578947369,0.5077251129885879,326,0.30151843817787416,0.972027972027972,139,322,2538,4,random,n237p78,gglasso,21,237,78,4.2884076507762074
