aupr,auroc,f1,f1_opt,mcc,shd,precision,recall,tp,fp,tn,fn,topology,config,method,rep,n,p,wall_seconds
0.808074540417296,0.9107688732830735,0.8155600268276325,0.8255319148936171,0.8047402170676903,275,0.8052980132450331,0.8260869565217391,608,147,12483,128,random,n513p164,gglasso,28,513,164,44.92762451386079
