aupr,auroc,f1,f1_opt,mcc,shd,precision,recall,tp,fp,tn,fn,topology,config,method,rep,n,p,wall_seconds
0.5805764699458039,0.8290081594708012,0.6683417085427136,0.6728110599078341,0.6417462815215844,660,0.6590683845391476,0.6778797145769623,665,344,12041,316,cluster,n513p164,gglasso,25,513,164,36.8335380111821
