aupr,auroc,f1,f1_opt,mcc,shd,precision,recall,tp,fp,tn,fn,topology,config,method,rep,n,p,wall_seconds
0.8370896985860398,0.9635678645738642,0.3107861060329068,0.7738095238095237,0.34344050476353705,377,0.18478260869565216,0.9770114942528736,85,375,763,2,cluster,n100p50,gglasso,49,100,50,7.0910200802609324
