aupr,auroc,f1,f1_opt,mcc,shd,precision,recall,tp,fp,tn,fn,topology,config,method,rep,n,p,wall_seconds
0.6985610767722255,0.8699779850038438,0.6656934306569343,0.7015177065767285,0.630967013458975,229,0.5861182519280206,0.7702702702702703,228,161,2546,68,scale-free,n237p78,gglasso,26,237,78,4.146538667846471
