aupr,auroc,f1,f1_opt,mcc,shd,precision,recall,tp,fp,tn,fn,topology,config,method,rep,n,p,wall_seconds
0.8007927206924599,0.9060748563781386,0.8124076809453471,0.8220858895705522,0.802407960420422,254,0.8088235294117647,0.8160237388724035,550,130,12562,124,random,n513p164,gglasso,4,513,164,22.372484415769577
