aupr,auroc,f1,f1_opt,mcc,shd,precision,recall,tp,fp,tn,fn,topology,config,method,rep,n,p,wall_seconds
0.5039745309870751,0.7719777019478871,0.6120401337792643,0.6120401337792643,0.58727932991459,696,0.6744471744471745,0.560204081632653,549,265,12121,431,cluster,n513p164,gglasso,37,513,164,44.918325391132385
