aupr,auroc,f1,f1_opt,mcc,shd,precision,recall,tp,fp,tn,fn,topology,config,method,rep,n,p,wall_seconds
0.4615462694041531,0.7404239902716957,0.5851375073142189,0.585480093676815,0.5690737497342846,709,0.7183908045977011,0.49358341559723595,500,196,12157,513,cluster,n513p164,gglasso,10,513,164,46.84711505798623
