aupr,auroc,f1,f1_opt,mcc,shd,precision,recall,tp,fp,tn,fn,topology,config,method,rep,n,p,wall_seconds
0.6583792492752288,0.8733300118098613,0.46385542168674704,0.6774193548387096,0.4506035511485709,178,0.326271186440678,0.8020833333333334,77,159,970,19,scale-free,n100p50,gglasso,18,100,50,9.097545895259827
