aupr,auroc,f1,f1_opt,mcc,shd,precision,recall,tp,fp,tn,fn,topology,config,method,rep,n,p,wall_seconds
0.8679296463776953,0.9686144703546263,0.5026315789473683,0.8134715025906736,0.5283359050119568,378,0.3404634581105169,0.9597989949748744,191,370,2434,8,cluster,n237p78,gglasso,45,237,78,15.589317535981536
