aupr,auroc,f1,f1_opt,mcc,shd,precision,recall,tp,fp,tn,fn,topology,config,method,rep,n,p,wall_seconds
0.35455439041554554,0.6652802596053339,0.46987285793255945,0.46987285793255945,0.477828614942652,959,0.7575757575757576,0.3405448717948718,425,136,11982,823,scale-free,n513p164,gglasso,7,513,164,26.431576712056994
