aupr,auroc,f1,f1_opt,mcc,shd,precision,recall,tp,fp,tn,fn,topology,config,method,rep,n,p,wall_seconds
0.8606511163522761,0.9406841433850636,0.8789062499999999,0.8823529411764706,0.876548630900299,62,0.8754863813229572,0.8823529411764706,225,32,13079,30,hub,n513p164,gglasso,45,513,164,18.83677869895473
