aupr,auroc,f1,f1_opt,mcc,shd,precision,recall,tp,fp,tn,fn,topology,config,method,rep,n,p,wall_seconds
0.6634401564521473,0.846591419642768,0.6524390243902439,0.6709470304975923,0.6139618836119513,228,0.5944444444444444,0.722972972972973,214,146,2561,82,scale-free,n237p78,gglasso,31,237,78,3.8239421541802585
