aupr,auroc,f1,f1_opt,mcc,shd,precision,recall,tp,fp,tn,fn,topology,config,method,rep,n,p,wall_seconds
0.7337887401106867,0.914327244576944,0.5454545454545454,0.7039627039627039,0.5434476382884278,315,0.39789473684210525,0.8669724770642202,189,286,2499,29,cluster,n237p78,gglasso,16,237,78,14.03550585405901
