aupr,auroc,f1,f1_opt,mcc,shd,precision,recall,tp,fp,tn,fn,topology,config,method,rep,n,p,wall_seconds
0.7663972569666244,0.8875231759821395,0.7857651245551602,0.8015037593984964,0.7739077669442387,301,0.7919655667144907,0.7796610169491526,552,145,12513,156,random,n513p164,gglasso,38,513,164,46.20946615887806
