aupr,auroc,f1,f1_opt,mcc,shd,precision,recall,tp,fp,tn,fn,topology,config,method,rep,n,p,wall_seconds
0.628011919854673,0.8358035723200112,0.6613418530351439,0.6634460547504026,0.6232122077978353,212,0.6272727272727273,0.6993243243243243,207,123,2584,89,scale-free,n237p78,gglasso,4,237,78,3.7056739889085293
