aupr,auroc,f1,f1_opt,mcc,shd,precision,recall,tp,fp,tn,fn,topology,config,method,rep,n,p,wall_seconds
0.8176979880338526,0.937166371224738,0.47374847374847373,0.7799043062200957,0.4869362910728036,431,0.32066115702479336,0.9065420560747663,194,411,2378,20,cluster,n237p78,gglasso,29,237,78,15.697488003410399
