aupr,auroc,f1,f1_opt,mcc,shd,precision,recall,tp,fp,tn,fn,topology,config,method,rep,n,p,wall_seconds
0.2076699367488217,0.5779066278284899,0.2655217965653897,0.2655217965653897,0.3243527152571641,1112,0.7556390977443609,0.16105769230769232,201,65,12053,1047,scale-free,n513p164,gglasso,26,513,164,26.719756569247693
