aupr,auroc,f1,f1_opt,mcc,shd,precision,recall,tp,fp,tn,fn,topology,config,method,rep,n,p,wall_seconds
0.9971870633775398,0.999954924498535,0.4109589041095891,0.9777777777777777,0.4973349975028949,129,0.25862068965517243,1.0,45,129,2829,0,hub,n237p78,gglasso,35,237,78,6.570748445112258
