aupr,auroc,f1,f1_opt,mcc,shd,precision,recall,tp,fp,tn,fn,topology,config,method,rep,n,p,wall_seconds
0.7087231259771343,0.89846062759029,0.326605504587156,0.6666666666666665,0.32963069184247695,367,0.19955156950672645,0.898989898989899,89,357,769,10,cluster,n100p50,gglasso,14,100,50,3.4189416500739753
