aupr,auroc,f1,f1_opt,mcc,shd,precision,recall,tp,fp,tn,fn,topology,config,method,rep,n,p,wall_seconds
0.7870238464495388,0.9709705372616985,0.31390134529147984,0.7669172932330828,0.3658591981935,306,0.18666666666666668,0.9859154929577465,70,305,849,1,random,n100p50,gglasso,29,100,50,6.429903433658183
