aupr,auroc,f1,f1_opt,mcc,shd,precision,recall,tp,fp,tn,fn,topology,config,method,rep,n,p,wall_seconds
0.7434003999149629,0.8909496400722852,0.6722689075630253,0.7249190938511327,0.6415937333161381,234,0.5741626794258373,0.8108108108108109,240,178,2529,56,scale-free,n237p78,gglasso,39,237,78,5.009157411754131
