aupr,auroc,f1,f1_opt,mcc,shd,precision,recall,tp,fp,tn,fn,topology,config,method,rep,n,p,wall_seconds
0.7004668802878475,0.9115901360544216,0.34347048300536676,0.6822429906542056,0.3446710061349022,367,0.21145374449339208,0.9142857142857143,96,358,762,9,cluster,n100p50,gglasso,43,100,50,6.981964573264122
