aupr,auroc,f1,f1_opt,mcc,shd,precision,recall,tp,fp,tn,fn,topology,config,method,rep,n,p,wall_seconds
0.8330528686551637,0.9523248313255113,0.4739454094292804,0.7772277227722771,0.4949291141312867,424,0.3178036605657238,0.9317073170731708,191,410,2388,14,cluster,n237p78,gglasso,38,237,78,16.899323951918632
