aupr,auroc,f1,f1_opt,mcc,shd,precision,recall,tp,fp,tn,fn,topology,config,method,rep,n,p,wall_seconds
0.9130157385383852,0.9826560572082175,0.5,0.8507936507936509,0.540679853677701,306,0.3355263157894737,0.9807692307692307,153,303,2544,3,random,n237p78,gglasso,7,237,78,4.186439245007932
