aupr,auroc,f1,f1_opt,mcc,shd,precision,recall,tp,fp,tn,fn,topology,config,method,rep,n,p,wall_seconds
0.7831119274149297,0.9339894236069992,0.26732673267326734,0.7213114754098361,0.2876265857226587,444,0.15576923076923077,0.9418604651162791,81,439,700,5,cluster,n100p50,gglasso,37,100,50,7.208225633017719
