aupr,auroc,f1,f1_opt,mcc,shd,precision,recall,tp,fp,tn,fn,topology,config,method,rep,n,p,wall_seconds
0.972800271715257,0.9995567575689279,0.4972375690607735,0.9333333333333333,0.566306523352504,91,0.33088235294117646,1.0,45,91,2867,0,hub,n237p78,gglasso,21,237,78,5.048022826667875
