aupr,auroc,f1,f1_opt,mcc,shd,precision,recall,tp,fp,tn,fn,topology,config,method,rep,n,p,wall_seconds
0.9089056118181669,0.9639088604230092,0.8222849083215797,0.8777686628383922,0.8187447084639137,252,0.7361111111111112,0.9313099041533547,583,209,12531,43,random,n513p164,gglasso,5,513,164,24.11986660491675
