aupr,auroc,f1,f1_opt,mcc,shd,precision,recall,tp,fp,tn,fn,topology,config,method,rep,n,p,wall_seconds
0.7258691632649301,0.9455511156828613,0.3163636363636364,0.6666666666666667,0.3473480640378205,376,0.18872017353579176,0.9775280898876404,87,374,762,2,cluster,n100p50,gglasso,36,100,50,6.812415258027613
