aupr,auroc,f1,f1_opt,mcc,shd,precision,recall,tp,fp,tn,fn,topology,config,method,rep,n,p,wall_seconds
0.9791669050003909,0.9995929214415189,0.35772357723577236,0.9411764705882352,0.4540824587131498,158,0.21782178217821782,1.0,44,158,2801,0,hub,n237p78,gglasso,43,237,78,3.856317267753184
