aupr,auroc,f1,f1_opt,mcc,shd,precision,recall,tp,fp,tn,fn,topology,config,method,rep,n,p,wall_seconds
0.8561273542789338,0.9303162581363273,0.8455162019593068,0.8626198083067093,0.8376424253686799,205,0.8286558345642541,0.8630769230769231,561,116,12600,89,random,n513p164,gglasso,41,513,164,46.869348775129765
