aupr,auroc,f1,f1_opt,mcc,shd,precision,recall,tp,fp,tn,fn,topology,config,method,rep,n,p,wall_seconds
0.8242876180836709,0.9940248962655602,0.14336917562724014,0.7555555555555556,0.24880560258830914,239,0.07722007722007722,1.0,20,239,966,0,hub,n100p50,gglasso,34,100,50,7.2243027170188725
