aupr,auroc,f1,f1_opt,mcc,shd,precision,recall,tp,fp,tn,fn,topology,config,method,rep,n,p,wall_seconds
0.9809152158503652,0.9986303078688689,0.4423380726698262,0.9523809523809524,0.4989611648541329,353,0.2839756592292089,1.0,140,353,2510,0,random,n237p78,gglasso,37,237,78,4.398059360217303
