aupr,auroc,f1,f1_opt,mcc,shd,precision,recall,tp,fp,tn,fn,topology,config,method,rep,n,p,wall_seconds
0.9454640178016794,0.9928971588635455,0.494077834179357,0.9064748201438849,0.5403091541584513,299,0.32882882882882886,0.9931972789115646,146,298,2558,1,random,n237p78,gglasso,34,237,78,4.224729971960187
