aupr,auroc,f1,f1_opt,mcc,shd,precision,recall,tp,fp,tn,fn,topology,config,method,rep,n,p,wall_seconds
0.720763674218491,0.9873858921161827,0.145985401459854,0.7441860465116279,0.2518919166774851,234,0.07874015748031496,1.0,20,234,971,0,hub,n100p50,gglasso,30,100,50,7.610751947853714
