aupr,auroc,f1,f1_opt,mcc,shd,precision,recall,tp,fp,tn,fn,topology,config,method,rep,n,p,wall_seconds
0.8615386329288359,0.968687731283803,0.23529411764705882,0.8190476190476189,0.2983059263756777,338,0.13402061855670103,0.9629629629629629,52,336,835,2,random,n100p50,gglasso,11,100,50,15.909815618768334
