aupr,auroc,f1,f1_opt,mcc,shd,precision,recall,tp,fp,tn,fn,topology,config,method,rep,n,p,wall_seconds
0.6746316002075414,0.9227422866843815,0.41686182669789223,0.6448087431693988,0.43134773544773203,249,0.2688821752265861,0.9270833333333334,89,242,887,7,scale-free,n100p50,gglasso,47,100,50,6.733208934310824
