aupr,auroc,f1,f1_opt,mcc,shd,precision,recall,tp,fp,tn,fn,topology,config,method,rep,n,p,wall_seconds
0.8616935844577777,0.9645022017338654,0.45747126436781615,0.8059701492537313,0.4845204129980976,472,0.30060422960725075,0.9567307692307693,199,463,2332,9,cluster,n237p78,gglasso,42,237,78,13.33888329192996
