aupr,auroc,f1,f1_opt,mcc,shd,precision,recall,tp,fp,tn,fn,topology,config,method,rep,n,p,wall_seconds
0.5427156763156549,0.7959712947290403,0.6365087812666312,0.6368477103301384,0.6097732929892459,683,0.6659242761692651,0.6095820591233435,598,300,12085,383,cluster,n513p164,gglasso,9,513,164,53.36613276461139
