aupr,auroc,f1,f1_opt,mcc,shd,precision,recall,tp,fp,tn,fn,topology,config,method,rep,n,p,wall_seconds
0.6122844608917073,0.8381254477231362,0.7456896551724137,0.7456896551724137,0.7450425448144097,118,0.8277511961722488,0.6784313725490196,173,36,13075,82,hub,n513p164,gglasso,39,513,164,18.47571018198505
