aupr,auroc,f1,f1_opt,mcc,shd,precision,recall,tp,fp,tn,fn,topology,config,method,rep,n,p,wall_seconds
0.5321720187518111,0.7794573544977013,0.6419612314709235,0.6419612314709235,0.6227560652051054,628,0.7330729166666666,0.5709939148073022,563,205,12175,423,cluster,n513p164,gglasso,47,513,164,20.252043095882982
