aupr,auroc,f1,f1_opt,mcc,shd,precision,recall,tp,fp,tn,fn,topology,config,method,rep,n,p,wall_seconds
0.8543849454438797,0.9565475780927482,0.5165562913907285,0.8106666666666666,0.5338703515621341,365,0.35648994515539306,0.9375,195,352,2443,13,cluster,n237p78,gglasso,11,237,78,14.770374008920044
