aupr,auroc,f1,f1_opt,mcc,shd,precision,recall,tp,fp,tn,fn,topology,config,method,rep,n,p,wall_seconds
0.6801106015985444,0.90602856510186,0.4352331606217616,0.6918918918918919,0.4378457799167617,218,0.2896551724137931,0.875,84,206,923,12,scale-free,n100p50,gglasso,5,100,50,8.915993604809046
