aupr,auroc,f1,f1_opt,mcc,shd,precision,recall,tp,fp,tn,fn,topology,config,method,rep,n,p,wall_seconds
0.984072550996828,0.9997145218240553,0.39647577092511016,0.9333333333333333,0.48559367483374366,137,0.24725274725274726,1.0,45,137,2821,0,hub,n237p78,gglasso,46,237,78,4.217854680959135
