aupr,auroc,f1,f1_opt,mcc,shd,precision,recall,tp,fp,tn,fn,topology,config,method,rep,n,p,wall_seconds
0.6784361936894943,0.8693876735989776,0.6765578635014837,0.6944,0.642390987462131,218,0.6031746031746031,0.7702702702702703,228,150,2557,68,scale-free,n237p78,gglasso,32,237,78,3.689278513658792
