aupr,auroc,f1,f1_opt,mcc,shd,precision,recall,tp,fp,tn,fn,topology,config,method,rep,n,p,wall_seconds
0.7800013671607401,0.9575522263184042,0.2942528735632184,0.7226890756302522,0.34769608908282995,307,0.17344173441734417,0.9696969696969697,64,305,854,2,random,n100p50,gglasso,20,100,50,12.604930277913809
