aupr,auroc,f1,f1_opt,mcc,shd,precision,recall,tp,fp,tn,fn,topology,config,method,rep,n,p,wall_seconds
0.6968646599860944,0.8760404748283752,0.7991718426501034,0.7991718426501034,0.7969811270881475,97,0.8502202643171806,0.75390625,193,34,13076,63,hub,n513p164,gglasso,5,513,164,11.463861419819295
