aupr,auroc,f1,f1_opt,mcc,shd,precision,recall,tp,fp,tn,fn,topology,config,method,rep,n,p,wall_seconds
0.9742434148013971,0.9996469085718579,0.4918032786885246,0.9425287356321839,0.5619917523362568,93,0.32608695652173914,1.0,45,93,2865,0,hub,n237p78,gglasso,32,237,78,6.864375522825867
