aupr,auroc,f1,f1_opt,mcc,shd,precision,recall,tp,fp,tn,fn,topology,config,method,rep,n,p,wall_seconds
0.9780640868917129,0.999616858237548,0.4918032786885246,0.9555555555555556,0.5619917523362568,93,0.32608695652173914,1.0,45,93,2865,0,hub,n237p78,gglasso,49,237,78,4.862677725031972
