aupr,auroc,f1,f1_opt,mcc,shd,precision,recall,tp,fp,tn,fn,topology,config,method,rep,n,p,wall_seconds
0.8616347881614238,0.937283477340746,0.8052763819095479,0.8471615720524018,0.7962309042294973,310,0.7427578215527231,0.879286694101509,641,222,12415,88,random,n513p164,gglasso,25,513,164,27.182664033025503
