aupr,auroc,f1,f1_opt,mcc,shd,precision,recall,tp,fp,tn,fn,topology,config,method,rep,n,p,wall_seconds
0.40733978908554014,0.7106695595904228,0.5447470817120622,0.5452179570592062,0.5400112125725045,702,0.7381370826010545,0.4316546762589928,420,149,12244,553,cluster,n513p164,gglasso,0,513,164,23.394385906867683
