aupr,auroc,f1,f1_opt,mcc,shd,precision,recall,tp,fp,tn,fn,topology,config,method,rep,n,p,wall_seconds
0.7596907365278285,0.9538958183417285,0.29401709401709397,0.7282608695652174,0.3238276675942735,413,0.17303822937625754,0.9772727272727273,86,411,726,2,cluster,n100p50,gglasso,0,100,50,4.637424090877175
