aupr,auroc,f1,f1_opt,mcc,shd,precision,recall,tp,fp,tn,fn,topology,config,method,rep,n,p,wall_seconds
0.9273151006586466,0.9778219187919327,0.50873786407767,0.8812260536398467,0.548971113570065,253,0.34564643799472294,0.9632352941176471,131,248,2619,5,random,n237p78,gglasso,22,237,78,4.249866649042815
