aupr,auroc,f1,f1_opt,mcc,shd,precision,recall,tp,fp,tn,fn,topology,config,method,rep,n,p,wall_seconds
0.5232190058456914,0.783856994694708,0.6353591160220994,0.6353591160220994,0.6119270837414473,660,0.6978155339805825,0.5831643002028397,575,249,12131,411,cluster,n513p164,gglasso,22,513,164,49.10638508712873
