aupr,auroc,f1,f1_opt,mcc,shd,precision,recall,tp,fp,tn,fn,topology,config,method,rep,n,p,wall_seconds
0.7569520017756773,0.9042556529925557,0.5486443381180224,0.7292817679558011,0.5440308179983846,283,0.4075829383886256,0.8390243902439024,172,250,2548,33,cluster,n237p78,gglasso,1,237,78,12.204523861408234
