aupr,auroc,f1,f1_opt,mcc,shd,precision,recall,tp,fp,tn,fn,topology,config,method,rep,n,p,wall_seconds
0.8249290538932538,0.9536470311283343,0.3281519861830743,0.7513227513227514,0.3482605167142516,389,0.19750519750519752,0.9693877551020408,95,386,741,3,cluster,n100p50,gglasso,42,100,50,7.52319724811241
