aupr,auroc,f1,f1_opt,mcc,shd,precision,recall,tp,fp,tn,fn,topology,config,method,rep,n,p,wall_seconds
0.5342973190570068,0.7867729857144792,0.6392644672796106,0.6420021762785637,0.6153002173043316,667,0.6994082840236686,0.5886454183266933,591,254,12108,413,cluster,n513p164,gglasso,28,513,164,32.90606000600383
