aupr,auroc,f1,f1_opt,mcc,shd,precision,recall,tp,fp,tn,fn,topology,config,method,rep,n,p,wall_seconds
0.7695069309357735,0.9729409541529783,0.24369747899159663,0.7256637168141593,0.3050764466619307,360,0.13908872901678657,0.9830508474576272,58,359,807,1,random,n100p50,gglasso,42,100,50,5.897694732062519
