aupr,auroc,f1,f1_opt,mcc,shd,precision,recall,tp,fp,tn,fn,topology,config,method,rep,n,p,wall_seconds
0.7874629715593376,0.9386826752629656,0.5631349782293178,0.7589285714285715,0.5680900614025367,301,0.40842105263157896,0.9065420560747663,194,281,2508,20,cluster,n237p78,gglasso,9,237,78,15.55164518672973
