aupr,auroc,f1,f1_opt,mcc,shd,precision,recall,tp,fp,tn,fn,topology,config,method,rep,n,p,wall_seconds
0.9015581096578779,0.958120987266031,0.8125426039536469,0.8791208791208791,0.80797314429383,275,0.7277167277167277,0.9197530864197531,596,223,12495,52,random,n513p164,gglasso,31,513,164,39.05899109411985
