aupr,auroc,f1,f1_opt,mcc,shd,precision,recall,tp,fp,tn,fn,topology,config,method,rep,n,p,wall_seconds
0.8099118178260428,0.9476848339068644,0.45168067226890757,0.7572815533980582,0.46914194366601397,522,0.29737206085753803,0.9388646288209607,215,508,2266,14,cluster,n237p78,gglasso,26,237,78,14.303451659157872
