aupr,auroc,f1,f1_opt,mcc,shd,precision,recall,tp,fp,tn,fn,topology,config,method,rep,n,p,wall_seconds
0.9431948091175204,0.9878671775223499,0.4861878453038674,0.8842105263157894,0.5531249670247315,93,0.3235294117647059,0.9777777777777777,44,92,2866,1,hub,n237p78,gglasso,20,237,78,6.378191932570189
