aupr,auroc,f1,f1_opt,mcc,shd,precision,recall,tp,fp,tn,fn,topology,config,method,rep,n,p,wall_seconds
0.7975689594583605,0.9949377593360996,0.11730205278592375,0.7058823529411764,0.2161987473889823,301,0.06230529595015576,1.0,20,301,904,0,hub,n100p50,gglasso,45,100,50,7.869148014113307
