aupr,auroc,f1,f1_opt,mcc,shd,precision,recall,tp,fp,tn,fn,topology,config,method,rep,n,p,wall_seconds
0.9905308329710801,0.9998272105777177,0.44776119402985076,0.9565217391304347,0.526912627326106,111,0.28846153846153844,1.0,45,111,2847,0,hub,n237p78,gglasso,19,237,78,5.836015711072832
