aupr,auroc,f1,f1_opt,mcc,shd,precision,recall,tp,fp,tn,fn,topology,config,method,rep,n,p,wall_seconds
0.6818652184505809,0.9145722615884263,0.4160756501182033,0.6390532544378699,0.4282961790100816,247,0.2691131498470948,0.9166666666666666,88,239,890,8,scale-free,n100p50,gglasso,42,100,50,7.155197602696717
