aupr,auroc,f1,f1_opt,mcc,shd,precision,recall,tp,fp,tn,fn,topology,config,method,rep,n,p,wall_seconds
0.900019817270937,0.9575993595110113,0.8138117806364252,0.8678655199374511,0.8090198903403484,275,0.7302551640340219,0.918960244648318,601,222,12490,53,random,n513p164,gglasso,22,513,164,33.44465887127444
