aupr,auroc,f1,f1_opt,mcc,shd,precision,recall,tp,fp,tn,fn,topology,config,method,rep,n,p,wall_seconds
0.5515071163510147,0.7891502511007499,0.6172413793103448,0.6275992438563327,0.5764978299064583,222,0.6302816901408451,0.6047297297297297,179,105,2602,117,scale-free,n237p78,gglasso,8,237,78,3.9217173838987947
