aupr,auroc,f1,f1_opt,mcc,shd,precision,recall,tp,fp,tn,fn,topology,config,method,rep,n,p,wall_seconds
0.7177421100573456,0.9916182572614108,0.12861736334405147,0.7441860465116279,0.23080670338133985,271,0.06872852233676977,1.0,20,271,934,0,hub,n100p50,gglasso,4,100,50,7.580766118131578
