aupr,auroc,f1,f1_opt,mcc,shd,precision,recall,tp,fp,tn,fn,topology,config,method,rep,n,p,wall_seconds
0.816392951131323,0.9204036425247372,0.8640973630831643,0.8640973630831643,0.8618567731965782,67,0.8875,0.841897233201581,213,27,13086,40,hub,n513p164,gglasso,42,513,164,19.27096082130447
