aupr,auroc,f1,f1_opt,mcc,shd,precision,recall,tp,fp,tn,fn,topology,config,method,rep,n,p,wall_seconds
0.5703232197188461,0.8502131310894597,0.4178272980501392,0.5922330097087378,0.40234838373868387,209,0.28517110266159695,0.78125,75,188,941,21,scale-free,n100p50,gglasso,7,100,50,9.42158108484
