aupr,auroc,f1,f1_opt,mcc,shd,precision,recall,tp,fp,tn,fn,topology,config,method,rep,n,p,wall_seconds
0.8069608497003805,0.9439638876569509,0.45080946450809456,0.7551622418879056,0.4746389037873547,441,0.2981878088962109,0.923469387755102,181,426,2381,15,cluster,n237p78,gglasso,47,237,78,16.007835410069674
