aupr,auroc,f1,f1_opt,mcc,shd,precision,recall,tp,fp,tn,fn,topology,config,method,rep,n,p,wall_seconds
0.9000454419272624,0.9697273815582907,0.4085561497326203,0.8607594936708861,0.4426480066733329,553,0.2595108695652174,0.9597989949748744,191,545,2259,8,cluster,n237p78,gglasso,40,237,78,17.398825460113585
