aupr,auroc,f1,f1_opt,mcc,shd,precision,recall,tp,fp,tn,fn,topology,config,method,rep,n,p,wall_seconds
0.8005903201817611,0.9053224295505039,0.8058103975535168,0.8097868981846882,0.7958714416511912,254,0.7972768532526475,0.8145285935085008,527,134,12585,120,random,n513p164,gglasso,20,513,164,28.90975288907066
