aupr,auroc,f1,f1_opt,mcc,shd,precision,recall,tp,fp,tn,fn,topology,config,method,rep,n,p,wall_seconds
0.7859399424194261,0.957011720350791,0.2591792656587473,0.7596899224806201,0.3107540676226043,343,0.15,0.9523809523809523,60,340,822,3,random,n100p50,gglasso,37,100,50,5.2172815459780395
