aupr,auroc,f1,f1_opt,mcc,shd,precision,recall,tp,fp,tn,fn,topology,config,method,rep,n,p,wall_seconds
0.8444914179668752,0.9268936679605759,0.8449891852919972,0.8601986249045072,0.8365952523634594,215,0.833570412517781,0.8567251461988304,586,117,12565,98,random,n513p164,gglasso,13,513,164,32.48327152710408
