aupr,auroc,f1,f1_opt,mcc,shd,precision,recall,tp,fp,tn,fn,topology,config,method,rep,n,p,wall_seconds
0.6139113154777204,0.8968759226454089,0.4491978609625669,0.5806451612903226,0.4511732929729813,206,0.302158273381295,0.875,84,194,935,12,scale-free,n100p50,gglasso,22,100,50,10.158258771058172
