aupr,auroc,f1,f1_opt,mcc,shd,precision,recall,tp,fp,tn,fn,topology,config,method,rep,n,p,wall_seconds
0.603747621334986,0.830343374704363,0.7340659340659339,0.7356828193832599,0.7339315806995658,121,0.8226600985221675,0.6626984126984127,167,36,13078,85,hub,n513p164,gglasso,24,513,164,12.949532130267471
