aupr,auroc,f1,f1_opt,mcc,shd,precision,recall,tp,fp,tn,fn,topology,config,method,rep,n,p,wall_seconds
0.886929827394462,0.9531492606078951,0.799752781211372,0.8544257498171177,0.7938070330360218,324,0.7125550660792952,0.9112676056338028,647,261,12395,63,random,n513p164,gglasso,42,513,164,16.268918052315712
