aupr,auroc,f1,f1_opt,mcc,shd,precision,recall,tp,fp,tn,fn,topology,config,method,rep,n,p,wall_seconds
0.31113624839063514,0.63875486799675,0.4191263282172373,0.4191263282172373,0.44866129970726343,984,0.7959641255605381,0.2844551282051282,355,91,12027,893,scale-free,n513p164,gglasso,14,513,164,13.766911172773689
