aupr,auroc,f1,f1_opt,mcc,shd,precision,recall,tp,fp,tn,fn,topology,config,method,rep,n,p,wall_seconds
0.9734926505215638,0.994557386497603,0.44594594594594583,0.9333333333333333,0.5023025125322009,328,0.2875816993464052,0.9924812030075187,132,327,2543,1,random,n237p78,gglasso,18,237,78,4.316542038694024
