aupr,auroc,f1,f1_opt,mcc,shd,precision,recall,tp,fp,tn,fn,topology,config,method,rep,n,p,wall_seconds
0.5927888196919102,0.8034443984065336,0.637137989778535,0.6415094339622642,0.5978616476375775,213,0.6426116838487973,0.6317567567567568,187,104,2603,109,scale-free,n237p78,gglasso,40,237,78,4.812434542924166
