aupr,auroc,f1,f1_opt,mcc,shd,precision,recall,tp,fp,tn,fn,topology,config,method,rep,n,p,wall_seconds
0.6019745334998925,0.8389468978827698,0.7644444444444444,0.7661469933184856,0.7666375487381307,106,0.8730964467005076,0.6798418972332015,172,25,13088,81,hub,n513p164,gglasso,47,513,164,9.97044829512015
