aupr,auroc,f1,f1_opt,mcc,shd,precision,recall,tp,fp,tn,fn,topology,config,method,rep,n,p,wall_seconds
0.9800088800088801,0.9991736158064759,0.45226130653266333,0.9772727272727273,0.5305093423039836,109,0.2922077922077922,1.0,45,109,2849,0,hub,n237p78,gglasso,24,237,78,6.463566233869642
