aupr,auroc,f1,f1_opt,mcc,shd,precision,recall,tp,fp,tn,fn,topology,config,method,rep,n,p,wall_seconds
0.9000051706007632,0.9576536806438195,0.8245010323468687,0.8767334360554699,0.8193516419771227,255,0.7478152309612984,0.9187116564417178,599,202,12512,53,random,n513p164,gglasso,7,513,164,26.462718772236258
