aupr,auroc,f1,f1_opt,mcc,shd,precision,recall,tp,fp,tn,fn,topology,config,method,rep,n,p,wall_seconds
0.8743351940568896,0.9458209550530889,0.8045977011494253,0.8499607227022781,0.7979478255033765,289,0.7300613496932515,0.8960843373493976,595,220,12482,69,random,n513p164,gglasso,48,513,164,17.157357305288315
