aupr,auroc,f1,f1_opt,mcc,shd,precision,recall,tp,fp,tn,fn,topology,config,method,rep,n,p,wall_seconds
0.6565417188531217,0.9277966192937123,0.29850746268656714,0.6507936507936509,0.34751475211241245,282,0.17751479289940827,0.9375,60,278,883,4,random,n100p50,gglasso,6,100,50,13.991413242183626
