aupr,auroc,f1,f1_opt,mcc,shd,precision,recall,tp,fp,tn,fn,topology,config,method,rep,n,p,wall_seconds
0.8563130115927982,0.965865522174535,0.24733475479744133,0.8,0.30450962065771736,353,0.14180929095354522,0.9666666666666667,58,351,814,2,random,n100p50,gglasso,49,100,50,5.83295990107581
