aupr,auroc,f1,f1_opt,mcc,shd,precision,recall,tp,fp,tn,fn,topology,config,method,rep,n,p,wall_seconds
0.8210181506074985,0.9613904984842089,0.3117338003502627,0.7415730337078652,0.3365735008222543,393,0.18580375782881003,0.967391304347826,89,390,743,3,cluster,n100p50,gglasso,44,100,50,6.818634101655334
