aupr,auroc,f1,f1_opt,mcc,shd,precision,recall,tp,fp,tn,fn,topology,config,method,rep,n,p,wall_seconds
0.5960590266554184,0.8238538746759622,0.6582021330624683,0.6631962519521082,0.6310786665005134,673,0.6506024096385542,0.6659815005138746,648,348,12045,325,cluster,n513p164,gglasso,11,513,164,33.836278832983226
