aupr,auroc,f1,f1_opt,mcc,shd,precision,recall,tp,fp,tn,fn,topology,config,method,rep,n,p,wall_seconds
0.6375670948216896,0.8386877364989667,0.6363636363636362,0.6595744680851064,0.5960005268246936,240,0.5769230769230769,0.7094594594594594,210,154,2553,86,scale-free,n237p78,gglasso,6,237,78,3.8040840313769877
