aupr,auroc,f1,f1_opt,mcc,shd,precision,recall,tp,fp,tn,fn,topology,config,method,rep,n,p,wall_seconds
0.8176792737583732,0.945816705655704,0.5013054830287207,0.7786259541984734,0.5170848894002011,382,0.34408602150537637,0.9230769230769231,192,366,2429,16,cluster,n237p78,gglasso,28,237,78,15.730299483984709
