aupr,auroc,f1,f1_opt,mcc,shd,precision,recall,tp,fp,tn,fn,topology,config,method,rep,n,p,wall_seconds
0.9523185322210206,0.9898658410732714,0.5335689045936395,0.9178082191780822,0.571433159420828,264,0.36561743341404357,0.9869281045751634,151,262,2588,2,random,n237p78,gglasso,15,237,78,4.638370403088629
