aupr,auroc,f1,f1_opt,mcc,shd,precision,recall,tp,fp,tn,fn,topology,config,method,rep,n,p,wall_seconds
0.9129352630400738,0.9634637487480139,0.8222950819672132,0.8849294729027468,0.8179069047006514,271,0.736780258519389,0.93026706231454,627,224,12468,47,random,n513p164,gglasso,27,513,164,47.956746185198426
