aupr,auroc,f1,f1_opt,mcc,shd,precision,recall,tp,fp,tn,fn,topology,config,method,rep,n,p,wall_seconds
0.255081303070111,0.603443674592998,0.3352308665401645,0.33544303797468356,0.3859031240409395,1051,0.7957957957957958,0.21233974358974358,265,68,12050,983,scale-free,n513p164,gglasso,35,513,164,23.10273224534467
