aupr,auroc,f1,f1_opt,mcc,shd,precision,recall,tp,fp,tn,fn,topology,config,method,rep,n,p,wall_seconds
0.7310421263472346,0.8796644338461492,0.8066528066528066,0.8092243186582809,0.8046409504543356,93,0.8584070796460177,0.7607843137254902,194,32,13079,61,hub,n513p164,gglasso,25,513,164,15.328360205050558
