aupr,auroc,f1,f1_opt,mcc,shd,precision,recall,tp,fp,tn,fn,topology,config,method,rep,n,p,wall_seconds
0.3257395704083741,0.6470022608875967,0.4334862385321101,0.4334862385321101,0.45120942305201917,988,0.7620967741935484,0.30288461538461536,378,118,12000,870,scale-free,n513p164,gglasso,36,513,164,14.781151488889009
