aupr,auroc,f1,f1_opt,mcc,shd,precision,recall,tp,fp,tn,fn,topology,config,method,rep,n,p,wall_seconds
0.7980731992951108,0.9715309474663489,0.2555066079295154,0.748091603053435,0.31791793044576444,338,0.1468354430379747,0.9830508474576272,58,337,829,1,random,n100p50,gglasso,38,100,50,6.11063737096265
