aupr,auroc,f1,f1_opt,mcc,shd,precision,recall,tp,fp,tn,fn,topology,config,method,rep,n,p,wall_seconds
0.793254485923179,0.9671220159151195,0.2585858585858586,0.711864406779661,0.314237278985246,367,0.14883720930232558,0.9846153846153847,64,366,794,1,random,n100p50,gglasso,9,100,50,15.15790333878249
