aupr,auroc,f1,f1_opt,mcc,shd,precision,recall,tp,fp,tn,fn,topology,config,method,rep,n,p,wall_seconds
0.640342370409349,0.9865145228215767,0.12578616352201258,0.6842105263157895,0.22722348130637487,278,0.06711409395973154,1.0,20,278,927,0,hub,n100p50,gglasso,7,100,50,7.930633846204728
