aupr,auroc,f1,f1_opt,mcc,shd,precision,recall,tp,fp,tn,fn,topology,config,method,rep,n,p,wall_seconds
0.5666367505710728,0.8359720992028343,0.3967391304347826,0.5625,0.3777281943835527,222,0.26838235294117646,0.7604166666666666,73,199,930,23,scale-free,n100p50,gglasso,9,100,50,9.368122948333621
