aupr,auroc,f1,f1_opt,mcc,shd,precision,recall,tp,fp,tn,fn,topology,config,method,rep,n,p,wall_seconds
0.8939370026008377,0.9531090373180362,0.8153740562800273,0.8729281767955801,0.8097249296851099,269,0.7388059701492538,0.9096477794793262,594,210,12503,59,random,n513p164,gglasso,29,513,164,28.26977935107425
