aupr,auroc,f1,f1_opt,mcc,shd,precision,recall,tp,fp,tn,fn,topology,config,method,rep,n,p,wall_seconds
0.297558435801669,0.6299545852006552,0.39504716981132076,0.39504716981132076,0.41885249062919566,1026,0.7477678571428571,0.26842948717948717,335,113,12005,913,scale-free,n513p164,gglasso,22,513,164,24.116182991303504
