aupr,auroc,f1,f1_opt,mcc,shd,precision,recall,tp,fp,tn,fn,topology,config,method,rep,n,p,wall_seconds
0.7086013616943863,0.9269449365219957,0.44332493702770787,0.6697247706422018,0.4544616063681881,221,0.292358803986711,0.9166666666666666,88,213,916,8,scale-free,n100p50,gglasso,16,100,50,7.280857201199979
