aupr,auroc,f1,f1_opt,mcc,shd,precision,recall,tp,fp,tn,fn,topology,config,method,rep,n,p,wall_seconds
0.8192931990519724,0.9402889259090986,0.48866498740554154,0.7824074074074073,0.5017458862540343,406,0.33390705679862304,0.9107981220657277,194,387,2403,19,cluster,n237p78,gglasso,17,237,78,15.650325830094516
