aupr,auroc,f1,f1_opt,mcc,shd,precision,recall,tp,fp,tn,fn,topology,config,method,rep,n,p,wall_seconds
0.7815165112525881,0.9048347249379062,0.8340080971659919,0.834355828220859,0.8312319721307678,82,0.8583333333333333,0.8110236220472441,206,34,13078,48,hub,n513p164,gglasso,37,513,164,17.41451092530042
