aupr,auroc,f1,f1_opt,mcc,shd,precision,recall,tp,fp,tn,fn,topology,config,method,rep,n,p,wall_seconds
0.5644224401425213,0.9877593360995851,0.12698412698412698,0.6415094339622641,0.22874517423679133,275,0.06779661016949153,1.0,20,275,930,0,hub,n100p50,gglasso,42,100,50,7.847362226806581
