aupr,auroc,f1,f1_opt,mcc,shd,precision,recall,tp,fp,tn,fn,topology,config,method,rep,n,p,wall_seconds
0.5694007112553114,0.88295320342486,0.39903846153846156,0.5783132530120482,0.40049872528532704,250,0.259375,0.8645833333333334,83,237,892,13,scale-free,n100p50,gglasso,49,100,50,6.560119635891169
