aupr,auroc,f1,f1_opt,mcc,shd,precision,recall,tp,fp,tn,fn,topology,config,method,rep,n,p,wall_seconds
0.7922203503313083,0.9720075155810828,0.22869022869022868,0.7719298245614034,0.2920765352575333,371,0.12941176470588237,0.9821428571428571,55,370,799,1,random,n100p50,gglasso,31,100,50,5.618609498720616
