aupr,auroc,f1,f1_opt,mcc,shd,precision,recall,tp,fp,tn,fn,topology,config,method,rep,n,p,wall_seconds
0.6018941853495656,0.8335445766825785,0.6536585365853658,0.6624934793948879,0.6258788070400506,710,0.6226765799256505,0.6878850102669405,670,406,11986,304,cluster,n513p164,gglasso,12,513,164,53.66046554921195
