aupr,auroc,f1,f1_opt,mcc,shd,precision,recall,tp,fp,tn,fn,topology,config,method,rep,n,p,wall_seconds
0.7696319597197212,0.9164840953812307,0.5075000000000001,0.7538126361655774,0.5057356170257373,394,0.35802469135802467,0.871244635193133,203,364,2406,30,cluster,n237p78,gglasso,6,237,78,12.794860651250929
