aupr,auroc,f1,f1_opt,mcc,shd,precision,recall,tp,fp,tn,fn,topology,config,method,rep,n,p,wall_seconds
0.6692156872492843,0.8611607544005033,0.6656716417910448,0.6890756302521008,0.6297432737254605,224,0.5962566844919787,0.7533783783783784,223,151,2556,73,scale-free,n237p78,gglasso,0,237,78,7.771161076147109
