aupr,auroc,f1,f1_opt,mcc,shd,precision,recall,tp,fp,tn,fn,topology,config,method,rep,n,p,wall_seconds
0.6116133965735006,0.8365411381245563,0.6626984126984127,0.6687598116169545,0.6359514708521656,680,0.6349809885931559,0.6929460580912863,668,384,12018,296,cluster,n513p164,gglasso,33,513,164,47.39093817258254
