aupr,auroc,f1,f1_opt,mcc,shd,precision,recall,tp,fp,tn,fn,topology,config,method,rep,n,p,wall_seconds
0.7222300246182353,0.9103202206764213,0.30980392156862746,0.6794871794871794,0.32388794666373877,352,0.1872037914691943,0.8977272727272727,79,343,794,9,cluster,n100p50,gglasso,16,100,50,4.080475042108446
