aupr,auroc,f1,f1_opt,mcc,shd,precision,recall,tp,fp,tn,fn,topology,config,method,rep,n,p,wall_seconds
0.6022284171140396,0.8916260702686744,0.4038461538461539,0.594059405940594,0.4074131208666747,248,0.2625,0.875,84,236,893,12,scale-free,n100p50,gglasso,23,100,50,9.46265837084502
