aupr,auroc,f1,f1_opt,mcc,shd,precision,recall,tp,fp,tn,fn,topology,config,method,rep,n,p,wall_seconds
0.5923310651372552,0.8219995128203783,0.6613466334164588,0.6646058732612057,0.6338876674973275,679,0.6603585657370518,0.6623376623376623,663,341,12024,338,cluster,n513p164,gglasso,15,513,164,18.524265337269753
