aupr,auroc,f1,f1_opt,mcc,shd,precision,recall,tp,fp,tn,fn,topology,config,method,rep,n,p,wall_seconds
0.93545101359586,0.9736318191430997,0.8071570576540755,0.8996815286624203,0.8061799663557685,291,0.7016129032258065,0.9500780031201248,609,259,12466,32,random,n513p164,gglasso,24,513,164,29.242160284891725
