aupr,auroc,f1,f1_opt,mcc,shd,precision,recall,tp,fp,tn,fn,topology,config,method,rep,n,p,wall_seconds
0.7369175607651468,0.8961843128488806,0.4752475247524753,0.7198067632850242,0.47020986741061593,424,0.3316062176165803,0.8384279475982532,192,387,2387,37,cluster,n237p78,gglasso,33,237,78,13.582486750558019
