aupr,auroc,f1,f1_opt,mcc,shd,precision,recall,tp,fp,tn,fn,topology,config,method,rep,n,p,wall_seconds
0.8561482678256304,0.9811111419299365,0.25206611570247933,0.829268292682927,0.31066184788920786,362,0.14454976303317535,0.9838709677419355,61,361,802,1,random,n100p50,gglasso,36,100,50,6.736102083697915
