aupr,auroc,f1,f1_opt,mcc,shd,precision,recall,tp,fp,tn,fn,topology,config,method,rep,n,p,wall_seconds
0.6482089836462204,0.838145473696822,0.6798029556650246,0.6913996627318717,0.644013858501616,195,0.6613418530351438,0.6993243243243243,207,106,2601,89,scale-free,n237p78,gglasso,21,237,78,4.164428178220987
