aupr,auroc,f1,f1_opt,mcc,shd,precision,recall,tp,fp,tn,fn,topology,config,method,rep,n,p,wall_seconds
0.588228935354288,0.8785890906406848,0.3685393258426966,0.595959595959596,0.3677708293532709,281,0.2349570200573066,0.8541666666666666,82,267,862,14,scale-free,n100p50,gglasso,0,100,50,9.834198481868953
