aupr,auroc,f1,f1_opt,mcc,shd,precision,recall,tp,fp,tn,fn,topology,config,method,rep,n,p,wall_seconds
0.527696326007362,0.9836929460580912,0.125,0.6938775510204082,0.22622037261216243,280,0.06666666666666667,1.0,20,280,925,0,hub,n100p50,gglasso,35,100,50,7.619010050781071
