aupr,auroc,f1,f1_opt,mcc,shd,precision,recall,tp,fp,tn,fn,topology,config,method,rep,n,p,wall_seconds
0.7231209189172481,0.885201279964856,0.6930983847283406,0.738095238095238,0.6618016125099065,209,0.612987012987013,0.7972972972972973,236,149,2558,60,scale-free,n237p78,gglasso,17,237,78,3.6535671413876116
