aupr,auroc,f1,f1_opt,mcc,shd,precision,recall,tp,fp,tn,fn,topology,config,method,rep,n,p,wall_seconds
0.7970444838892653,0.9765910529432182,0.3028169014084507,0.761904761904762,0.34116011438003996,396,0.17842323651452283,1.0,86,396,743,0,cluster,n100p50,gglasso,24,100,50,6.993728549685329
