aupr,auroc,f1,f1_opt,mcc,shd,precision,recall,tp,fp,tn,fn,topology,config,method,rep,n,p,wall_seconds
0.4906279007878295,0.954253112033195,0.1342756183745583,0.4897959183673469,0.23070676787375477,245,0.07224334600760456,0.95,19,244,961,1,hub,n100p50,gglasso,48,100,50,8.111589262727648
