aupr,auroc,f1,f1_opt,mcc,shd,precision,recall,tp,fp,tn,fn,topology,config,method,rep,n,p,wall_seconds
0.6635933618090657,0.947568101869349,0.25675675675675674,0.6610169491525424,0.3158404977517429,330,0.14805194805194805,0.9661016949152542,57,328,838,2,random,n100p50,gglasso,44,100,50,5.714202046860009
