aupr,auroc,f1,f1_opt,mcc,shd,precision,recall,tp,fp,tn,fn,topology,config,method,rep,n,p,wall_seconds
0.8705180440084421,0.9915823228780439,0.2207792207792208,0.8301886792452831,0.29332044223239534,360,0.12408759124087591,1.0,51,360,814,0,random,n100p50,gglasso,25,100,50,6.9336850247345865
