aupr,auroc,f1,f1_opt,mcc,shd,precision,recall,tp,fp,tn,fn,topology,config,method,rep,n,p,wall_seconds
0.9760340820589575,0.9993088423108707,0.3846153846153846,0.945054945054945,0.4759247785747164,144,0.23809523809523808,1.0,45,144,2814,0,hub,n237p78,gglasso,17,237,78,4.0941194193437696
