aupr,auroc,f1,f1_opt,mcc,shd,precision,recall,tp,fp,tn,fn,topology,config,method,rep,n,p,wall_seconds
0.5742600301590176,0.9547095435684647,0.12709030100334448,0.6,0.22186785049418534,261,0.06810035842293907,0.95,19,260,945,1,hub,n100p50,gglasso,40,100,50,8.02821415103972
