aupr,auroc,f1,f1_opt,mcc,shd,precision,recall,tp,fp,tn,fn,topology,config,method,rep,n,p,wall_seconds
0.4637716405309251,0.7415265787205664,0.5922798552472859,0.5929951690821256,0.5794071589705528,676,0.7383458646616541,0.4944612286002014,491,174,12199,502,cluster,n513p164,gglasso,3,513,164,38.38397191790864
