aupr,auroc,f1,f1_opt,mcc,shd,precision,recall,tp,fp,tn,fn,topology,config,method,rep,n,p,wall_seconds
0.545285654963884,0.9851452282157677,0.1384083044982699,0.5555555555555556,0.24287022799611815,249,0.07434944237918216,1.0,20,249,956,0,hub,n100p50,gglasso,19,100,50,8.422802070621401
