aupr,auroc,f1,f1_opt,mcc,shd,precision,recall,tp,fp,tn,fn,topology,config,method,rep,n,p,wall_seconds
0.2928666733977982,0.6301732879886246,0.39668442865600945,0.3971547125074096,0.4229902201915781,1019,0.7596371882086168,0.26842948717948717,335,106,12012,913,scale-free,n513p164,gglasso,15,513,164,27.117819956038147
