aupr,auroc,f1,f1_opt,mcc,shd,precision,recall,tp,fp,tn,fn,topology,config,method,rep,n,p,wall_seconds
0.9351978093413073,0.9986777852903613,0.4347826086956522,0.8723404255319148,0.516517787008052,117,0.2777777777777778,1.0,45,117,2841,0,hub,n237p78,gglasso,28,237,78,6.616447288077325
