aupr,auroc,f1,f1_opt,mcc,shd,precision,recall,tp,fp,tn,fn,topology,config,method,rep,n,p,wall_seconds
0.9704461458760668,0.9995943204868154,0.4072398190045249,0.9473684210526316,0.4943263287240291,131,0.2556818181818182,1.0,45,131,2827,0,hub,n237p78,gglasso,36,237,78,6.397762232925743
