aupr,auroc,f1,f1_opt,mcc,shd,precision,recall,tp,fp,tn,fn,topology,config,method,rep,n,p,wall_seconds
0.5637537929804287,0.8858456967818128,0.40987654320987654,0.5978260869565217,0.4111395705219648,239,0.2686084142394822,0.8645833333333334,83,226,903,13,scale-free,n100p50,gglasso,8,100,50,9.012872991152108
