aupr,auroc,f1,f1_opt,mcc,shd,precision,recall,tp,fp,tn,fn,topology,config,method,rep,n,p,wall_seconds
0.2851803914474407,0.6196748268098738,0.37522992029429797,0.37522992029429797,0.41652349341181977,1019,0.7989556135770235,0.24519230769230768,306,77,12041,942,scale-free,n513p164,gglasso,12,513,164,24.110269414726645
