aupr,auroc,f1,f1_opt,mcc,shd,precision,recall,tp,fp,tn,fn,topology,config,method,rep,n,p,wall_seconds
0.8591132603812809,0.9611326064016883,0.597609561752988,0.8102893890675242,0.615056572284653,202,0.43859649122807015,0.9375,150,192,2651,10,random,n237p78,gglasso,20,237,78,4.3358393562957644
