aupr,auroc,f1,f1_opt,mcc,shd,precision,recall,tp,fp,tn,fn,topology,config,method,rep,n,p,wall_seconds
0.44236513721287374,0.7348461179343534,0.5792349726775957,0.5792349726775957,0.5660318891545305,693,0.726027397260274,0.4818181818181818,477,180,12196,513,cluster,n513p164,gglasso,34,513,164,40.08029840979725
