aupr,auroc,f1,f1_opt,mcc,shd,precision,recall,tp,fp,tn,fn,topology,config,method,rep,n,p,wall_seconds
0.8410011540045335,0.9737930007787092,0.3118503118503118,0.7926829268292682,0.3587603349862057,331,0.18518518518518517,0.9868421052631579,75,330,819,1,random,n100p50,gglasso,45,100,50,5.715093644335866
