aupr,auroc,f1,f1_opt,mcc,shd,precision,recall,tp,fp,tn,fn,topology,config,method,rep,n,p,wall_seconds
0.7837711428300843,0.9336673128659598,0.288659793814433,0.7590361445783134,0.30899973766156247,414,0.17038539553752535,0.9438202247191011,84,409,727,5,cluster,n100p50,gglasso,15,100,50,4.296216384042054
