aupr,auroc,f1,f1_opt,mcc,shd,precision,recall,tp,fp,tn,fn,topology,config,method,rep,n,p,wall_seconds
0.5780139982639312,0.8052071072760728,0.6494382022471911,0.6533490011750881,0.6250264642463176,624,0.6760233918128655,0.6248648648648648,578,277,12164,347,cluster,n513p164,gglasso,30,513,164,46.209301757160574
