aupr,auroc,f1,f1_opt,mcc,shd,precision,recall,tp,fp,tn,fn,topology,config,method,rep,n,p,wall_seconds
0.7445978161529266,0.9256690063610442,0.34146341463414637,0.6987951807228916,0.3565966240339636,351,0.20871559633027523,0.9381443298969072,91,345,783,6,cluster,n100p50,gglasso,30,100,50,6.944426088128239
