aupr,auroc,f1,f1_opt,mcc,shd,precision,recall,tp,fp,tn,fn,topology,config,method,rep,n,p,wall_seconds
0.959239173724807,0.9907355895205778,0.4619718309859155,0.9158878504672897,0.5067184089250556,382,0.3014705882352941,0.9879518072289156,164,380,2457,2,random,n237p78,gglasso,31,237,78,3.963824882172048
