aupr,auroc,f1,f1_opt,mcc,shd,precision,recall,tp,fp,tn,fn,topology,config,method,rep,n,p,wall_seconds
0.687967141452286,0.9029153415114343,0.5590062111801242,0.6666666666666667,0.5528736088611436,284,0.4176334106728538,0.8450704225352113,180,251,2539,33,cluster,n237p78,gglasso,23,237,78,14.12198257772252
