aupr,auroc,f1,f1_opt,mcc,shd,precision,recall,tp,fp,tn,fn,topology,config,method,rep,n,p,wall_seconds
0.9579252924467258,0.9934919338476664,0.4418604651162791,0.9037037037037037,0.4985362771688222,336,0.2841880341880342,0.9925373134328358,133,335,2534,1,random,n237p78,gglasso,1,237,78,4.645013501867652
