aupr,auroc,f1,f1_opt,mcc,shd,precision,recall,tp,fp,tn,fn,topology,config,method,rep,n,p,wall_seconds
0.8247015372874689,0.9746973237043329,0.2075055187637969,0.8085106382978724,0.2784072001723788,359,0.11604938271604938,0.9791666666666666,47,358,819,1,random,n100p50,gglasso,27,100,50,6.387374703772366
