aupr,auroc,f1,f1_opt,mcc,shd,precision,recall,tp,fp,tn,fn,topology,config,method,rep,n,p,wall_seconds
0.9437772882130265,0.9897219742114989,0.5029940119760479,0.8725212464589237,0.5416536407505221,332,0.3373493975903614,0.9882352941176471,168,330,2503,2,random,n237p78,gglasso,16,237,78,4.29288673074916
