aupr,auroc,f1,f1_opt,mcc,shd,precision,recall,tp,fp,tn,fn,topology,config,method,rep,n,p,wall_seconds
0.7996358110444797,0.9661542081731901,0.27645788336933047,0.75177304964539,0.3291772066257193,335,0.16120906801007556,0.9696969696969697,64,333,826,2,random,n100p50,gglasso,47,100,50,5.81009355513379
