aupr,auroc,f1,f1_opt,mcc,shd,precision,recall,tp,fp,tn,fn,topology,config,method,rep,n,p,wall_seconds
0.636228547999026,0.8466244159992372,0.7574468085106382,0.7574468085106382,0.7562754891210122,114,0.8317757009345794,0.6953125,178,36,13074,78,hub,n513p164,gglasso,9,513,164,16.387134215328842
