aupr,auroc,f1,f1_opt,mcc,shd,precision,recall,tp,fp,tn,fn,topology,config,method,rep,n,p,wall_seconds
0.5670463524486102,0.7986295540091255,0.6239460370994941,0.62708719851577,0.5827500691268137,223,0.622895622895623,0.625,185,112,2595,111,scale-free,n237p78,gglasso,33,237,78,3.876278255134821
