aupr,auroc,f1,f1_opt,mcc,shd,precision,recall,tp,fp,tn,fn,topology,config,method,rep,n,p,wall_seconds
0.941836886341139,0.9944701124890798,0.5234899328859061,0.880794701986755,0.5649584782900252,284,0.35454545454545455,1.0,156,284,2563,0,random,n237p78,gglasso,23,237,78,4.184234117157757
