aupr,auroc,f1,f1_opt,mcc,shd,precision,recall,tp,fp,tn,fn,topology,config,method,rep,n,p,wall_seconds
0.6188938422617222,0.9019550856214938,0.4325699745547073,0.5871559633027523,0.4374834910905352,223,0.28619528619528617,0.8854166666666666,85,212,917,11,scale-free,n100p50,gglasso,40,100,50,7.84919778816402
