aupr,auroc,f1,f1_opt,mcc,shd,precision,recall,tp,fp,tn,fn,topology,config,method,rep,n,p,wall_seconds
0.32574005675105633,0.6407892502570873,0.4251036116044996,0.4251036116044996,0.4575408016922687,971,0.8140589569160998,0.2876602564102564,359,82,12036,889,scale-free,n513p164,gglasso,27,513,164,26.48549738107249
