aupr,auroc,f1,f1_opt,mcc,shd,precision,recall,tp,fp,tn,fn,topology,config,method,rep,n,p,wall_seconds
0.7413457011324867,0.9897925311203319,0.11661807580174927,0.7441860465116279,0.21528981371900888,303,0.06191950464396285,1.0,20,303,902,0,hub,n100p50,gglasso,38,100,50,7.7309160507284105
