aupr,auroc,f1,f1_opt,mcc,shd,precision,recall,tp,fp,tn,fn,topology,config,method,rep,n,p,wall_seconds
0.8774984398480763,0.9952697095435684,0.11527377521613834,0.8,0.21349404531836405,307,0.06116207951070336,1.0,20,307,898,0,hub,n100p50,gglasso,39,100,50,8.216054370161146
