aupr,auroc,f1,f1_opt,mcc,shd,precision,recall,tp,fp,tn,fn,topology,config,method,rep,n,p,wall_seconds
0.7711578775540316,0.948863752373563,0.3062730627306273,0.7402597402597402,0.33700655462334633,376,0.18201754385964913,0.9651162790697675,83,373,766,3,cluster,n100p50,gglasso,19,100,50,4.526351490058005
