aupr,auroc,f1,f1_opt,mcc,shd,precision,recall,tp,fp,tn,fn,topology,config,method,rep,n,p,wall_seconds
0.8236292568122353,0.9210852734046102,0.8651911468812878,0.8669354838709677,0.8629456318175591,67,0.8884297520661157,0.8431372549019608,215,27,13084,40,hub,n513p164,gglasso,43,513,164,18.916230651084334
