aupr,auroc,f1,f1_opt,mcc,shd,precision,recall,tp,fp,tn,fn,topology,config,method,rep,n,p,wall_seconds
0.5552904311182274,0.7842917261554129,0.6132404181184669,0.6143106457242583,0.572760239800043,222,0.6330935251798561,0.5945945945945946,176,102,2605,120,scale-free,n237p78,gglasso,25,237,78,3.6160206021741033
