aupr,auroc,f1,f1_opt,mcc,shd,precision,recall,tp,fp,tn,fn,topology,config,method,rep,n,p,wall_seconds
0.8904156319247273,0.9736991340889758,0.4208194905869324,0.8409703504043127,0.4571269705029414,523,0.26874115983026875,0.9693877551020408,190,517,2290,6,cluster,n237p78,gglasso,0,237,78,13.005330395884812
