aupr,auroc,f1,f1_opt,mcc,shd,precision,recall,tp,fp,tn,fn,topology,config,method,rep,n,p,wall_seconds
0.6438346056817368,0.838874938847233,0.6634920634920635,0.6677367576243981,0.625638626937619,212,0.625748502994012,0.706081081081081,209,125,2582,87,scale-free,n237p78,gglasso,19,237,78,4.251195257995278
