aupr,auroc,f1,f1_opt,mcc,shd,precision,recall,tp,fp,tn,fn,topology,config,method,rep,n,p,wall_seconds
0.9018717890496095,0.9585464534234639,0.8192934782608696,0.877643504531722,0.814432667916008,266,0.7380660954712362,0.9206106870229007,603,214,12497,52,random,n513p164,gglasso,12,513,164,34.88062264909968
