aupr,auroc,f1,f1_opt,mcc,shd,precision,recall,tp,fp,tn,fn,topology,config,method,rep,n,p,wall_seconds
0.9883125286026497,0.9998196979941402,0.4972375690607735,0.967032967032967,0.566306523352504,91,0.33088235294117646,1.0,45,91,2867,0,hub,n237p78,gglasso,7,237,78,6.013079290278256
