aupr,auroc,f1,f1_opt,mcc,shd,precision,recall,tp,fp,tn,fn,topology,config,method,rep,n,p,wall_seconds
0.9282727849936805,0.9982796183607543,0.4615384615384615,0.8636363636363636,0.5379134807558783,105,0.3,1.0,45,105,2853,0,hub,n237p78,gglasso,4,237,78,5.229757353197783
