aupr,auroc,f1,f1_opt,mcc,shd,precision,recall,tp,fp,tn,fn,topology,config,method,rep,n,p,wall_seconds
0.5872518322544285,0.8245258808275046,0.7394209354120268,0.7394209354120268,0.7421677668519138,117,0.8556701030927835,0.6509803921568628,166,28,13083,89,hub,n513p164,gglasso,13,513,164,16.658349488396198
