aupr,auroc,f1,f1_opt,mcc,shd,precision,recall,tp,fp,tn,fn,topology,config,method,rep,n,p,wall_seconds
0.7262573479182618,0.9258814305225354,0.32405891980360063,0.7319587628865978,0.32621004783924656,413,0.19603960396039605,0.9339622641509434,99,406,713,7,cluster,n100p50,gglasso,25,100,50,6.290854333899915
