aupr,auroc,f1,f1_opt,mcc,shd,precision,recall,tp,fp,tn,fn,topology,config,method,rep,n,p,wall_seconds
0.5777901962319472,0.8579495128432241,0.4330484330484331,0.5977011494252873,0.4190947002319032,199,0.2980392156862745,0.7916666666666666,76,179,950,20,scale-free,n100p50,gglasso,41,100,50,9.416601270902902
