aupr,auroc,f1,f1_opt,mcc,shd,precision,recall,tp,fp,tn,fn,topology,config,method,rep,n,p,wall_seconds
0.563178302413458,0.8062507927305858,0.6520811099252936,0.6520811099252936,0.6263969453832767,652,0.6773835920177383,0.6286008230452675,611,291,12103,361,cluster,n513p164,gglasso,24,513,164,49.92932146601379
