aupr,auroc,f1,f1_opt,mcc,shd,precision,recall,tp,fp,tn,fn,topology,config,method,rep,n,p,wall_seconds
0.7948322639338533,0.9802512967020776,0.2520325203252033,0.7289719626168225,0.31394626736659437,368,0.14418604651162792,1.0,62,368,795,0,random,n100p50,gglasso,10,100,50,16.55324661685154
