aupr,auroc,f1,f1_opt,mcc,shd,precision,recall,tp,fp,tn,fn,topology,config,method,rep,n,p,wall_seconds
0.9907344169174259,0.9998694276321853,0.3893805309734513,0.9662921348314608,0.480086733180021,138,0.24175824175824176,1.0,44,138,2821,0,hub,n237p78,gglasso,29,237,78,7.472442579921335
