aupr,auroc,f1,f1_opt,mcc,shd,precision,recall,tp,fp,tn,fn,topology,config,method,rep,n,p,wall_seconds
0.5347263892562633,0.7885505406025505,0.628177966101695,0.631810676940011,0.6011603607141803,702,0.6662921348314607,0.594188376753507,593,297,12071,405,cluster,n513p164,gglasso,20,513,164,52.060028061270714
