aupr,auroc,f1,f1_opt,mcc,shd,precision,recall,tp,fp,tn,fn,topology,config,method,rep,n,p,wall_seconds
0.7438382292438674,0.9894605809128632,0.14234875444839856,0.7027027027027027,0.24759378423606915,241,0.07662835249042145,1.0,20,241,964,0,hub,n100p50,gglasso,49,100,50,6.9467956009320915
