aupr,auroc,f1,f1_opt,mcc,shd,precision,recall,tp,fp,tn,fn,topology,config,method,rep,n,p,wall_seconds
0.6319020391083406,0.9072187776793622,0.45945945945945954,0.6310160427807486,0.46307216845363514,200,0.3102189781021898,0.8854166666666666,85,189,940,11,scale-free,n100p50,gglasso,38,100,50,9.145024425815791
