aupr,auroc,f1,f1_opt,mcc,shd,precision,recall,tp,fp,tn,fn,topology,config,method,rep,n,p,wall_seconds
0.7987057194706411,0.9169884291143047,0.8520000000000001,0.8571428571428572,0.849356592281556,74,0.8693877551020408,0.8352941176470589,213,32,13079,42,hub,n513p164,gglasso,20,513,164,15.271682799328119
