aupr,auroc,f1,f1_opt,mcc,shd,precision,recall,tp,fp,tn,fn,topology,config,method,rep,n,p,wall_seconds
0.7643839764218058,0.9593993098801478,0.28911564625850333,0.6946107784431137,0.3232682043122118,418,0.1693227091633466,0.9883720930232558,85,417,722,1,cluster,n100p50,gglasso,10,100,50,4.116950833238661
