aupr,auroc,f1,f1_opt,mcc,shd,precision,recall,tp,fp,tn,fn,topology,config,method,rep,n,p,wall_seconds
0.6827907927592755,0.9103557720696782,0.4075829383886256,0.6428571428571429,0.4155059893724058,250,0.26380368098159507,0.8958333333333334,86,240,889,10,scale-free,n100p50,gglasso,39,100,50,8.96457984810695
