aupr,auroc,f1,f1_opt,mcc,shd,precision,recall,tp,fp,tn,fn,topology,config,method,rep,n,p,wall_seconds
0.5959073547272619,0.8672682314732801,0.39898989898989895,0.6214689265536723,0.3919540308168945,238,0.2633333333333333,0.8229166666666666,79,221,908,17,scale-free,n100p50,gglasso,28,100,50,8.53655420569703
