aupr,auroc,f1,f1_opt,mcc,shd,precision,recall,tp,fp,tn,fn,topology,config,method,rep,n,p,wall_seconds
0.827575104844569,0.9725403817914833,0.29180327868852457,0.7373737373737375,0.3215507223051046,432,0.17115384615384616,0.9888888888888889,89,431,704,1,cluster,n100p50,gglasso,2,100,50,4.834708068985492
