aupr,auroc,f1,f1_opt,mcc,shd,precision,recall,tp,fp,tn,fn,topology,config,method,rep,n,p,wall_seconds
0.5065020586432549,0.7800412860406405,0.6195472114853672,0.621152770005596,0.5938439388549293,689,0.6678571428571428,0.5777548918640577,561,279,12116,410,cluster,n513p164,gglasso,41,513,164,46.17335168691352
