aupr,auroc,f1,f1_opt,mcc,shd,precision,recall,tp,fp,tn,fn,topology,config,method,rep,n,p,wall_seconds
0.8194905838061641,0.9288617101939549,0.8848484848484848,0.8848484848484848,0.8830990056192228,57,0.9125,0.8588235294117647,219,21,13090,36,hub,n513p164,gglasso,14,513,164,16.294735437259078
