aupr,auroc,f1,f1_opt,mcc,shd,precision,recall,tp,fp,tn,fn,topology,config,method,rep,n,p,wall_seconds
0.590547433472077,0.814542161731156,0.6504653567735265,0.6618545252637424,0.6232256091329085,676,0.6552083333333333,0.6457905544147844,629,331,12061,345,cluster,n513p164,gglasso,45,513,164,28.95801021810621
