aupr,auroc,f1,f1_opt,mcc,shd,precision,recall,tp,fp,tn,fn,topology,config,method,rep,n,p,wall_seconds
0.3393432410561319,0.6553471856340006,0.45135746606334837,0.45135746606334837,0.46603158327916366,970,0.7673076923076924,0.31971153846153844,399,121,11997,849,scale-free,n513p164,gglasso,31,513,164,21.326478695962578
