aupr,auroc,f1,f1_opt,mcc,shd,precision,recall,tp,fp,tn,fn,topology,config,method,rep,n,p,wall_seconds
0.48139419688752977,0.9824066390041495,0.12618296529968456,0.4897959183673469,0.2277284225406406,277,0.06734006734006734,1.0,20,277,928,0,hub,n100p50,gglasso,22,100,50,8.13571997685358
