aupr,auroc,f1,f1_opt,mcc,shd,precision,recall,tp,fp,tn,fn,topology,config,method,rep,n,p,wall_seconds
0.9797958748560259,0.9996619337390129,0.46391752577319584,0.9230769230769231,0.5398101200999131,104,0.30201342281879195,1.0,45,104,2854,0,hub,n237p78,gglasso,39,237,78,5.276304385159165
