aupr,auroc,f1,f1_opt,mcc,shd,precision,recall,tp,fp,tn,fn,topology,config,method,rep,n,p,wall_seconds
0.9934808468504522,0.9999023364134926,0.37037037037037035,0.9777777777777777,0.4642383454426296,153,0.22727272727272727,1.0,45,153,2805,0,hub,n237p78,gglasso,8,237,78,6.7156290137209
