aupr,auroc,f1,f1_opt,mcc,shd,precision,recall,tp,fp,tn,fn,topology,config,method,rep,n,p,wall_seconds
0.8672603425344235,0.942255190907655,0.810880829015544,0.8429282160625444,0.8028959981382681,292,0.7452380952380953,0.8892045454545454,626,214,12448,78,random,n513p164,gglasso,0,513,164,21.95635175285861
