aupr,auroc,f1,f1_opt,mcc,shd,precision,recall,tp,fp,tn,fn,topology,config,method,rep,n,p,wall_seconds
0.6893561906645272,0.9244630203720106,0.44110275689223055,0.6513761467889908,0.452346865548454,223,0.29042904290429045,0.9166666666666666,88,215,914,8,scale-free,n100p50,gglasso,29,100,50,7.457721731159836
