aupr,auroc,f1,f1_opt,mcc,shd,precision,recall,tp,fp,tn,fn,topology,config,method,rep,n,p,wall_seconds
0.6702985080933084,0.8605050116800153,0.7872340425531915,0.7889125799573562,0.786717643324545,100,0.8644859813084113,0.72265625,185,29,13081,71,hub,n513p164,gglasso,16,513,164,13.175702492706478
