aupr,auroc,f1,f1_opt,mcc,shd,precision,recall,tp,fp,tn,fn,topology,config,method,rep,n,p,wall_seconds
0.41788361706748467,0.6983946719438343,0.5249101181304572,0.5249613998970664,0.5148473661443692,925,0.7310443490701002,0.4094551282051282,511,188,11930,737,scale-free,n513p164,gglasso,28,513,164,18.662886150181293
