aupr,auroc,f1,f1_opt,mcc,shd,precision,recall,tp,fp,tn,fn,topology,config,method,rep,n,p,wall_seconds
0.9660414018301193,0.9901417518972379,0.41009463722397477,0.9242424242424242,0.46989584342425733,374,0.2589641434262948,0.9848484848484849,130,372,2499,2,random,n237p78,gglasso,45,237,78,3.633022200781852
