aupr,auroc,f1,f1_opt,mcc,shd,precision,recall,tp,fp,tn,fn,topology,config,method,rep,n,p,wall_seconds
0.9838999616890461,0.9995267072346179,0.44334975369458135,0.9565217391304347,0.5233831828538048,113,0.2848101265822785,1.0,45,113,2845,0,hub,n237p78,gglasso,12,237,78,5.5910642659291625
