aupr,auroc,f1,f1_opt,mcc,shd,precision,recall,tp,fp,tn,fn,topology,config,method,rep,n,p,wall_seconds
0.8287121864974752,0.9685975049513036,0.2842809364548495,0.7757575757575758,0.31778475025503805,428,0.166015625,0.9883720930232558,85,427,712,1,cluster,n100p50,gglasso,28,100,50,5.477390551939607
