aupr,auroc,f1,f1_opt,mcc,shd,precision,recall,tp,fp,tn,fn,topology,config,method,rep,n,p,wall_seconds
0.7292471683989722,0.9913692946058091,0.13245033112582782,0.8000000000000002,0.23558778371859304,262,0.07092198581560284,1.0,20,262,943,0,hub,n100p50,gglasso,20,100,50,7.7253443649969995
