aupr,auroc,f1,f1_opt,mcc,shd,precision,recall,tp,fp,tn,fn,topology,config,method,rep,n,p,wall_seconds
0.9976122334455668,0.9999624370821124,0.47619047619047616,0.9777777777777777,0.5495826371445062,99,0.3125,1.0,45,99,2859,0,hub,n237p78,gglasso,31,237,78,5.886249074246734
