aupr,auroc,f1,f1_opt,mcc,shd,precision,recall,tp,fp,tn,fn,topology,config,method,rep,n,p,wall_seconds
0.7404235543677484,0.9885477178423236,0.13333333333333333,0.7906976744186046,0.23667825736719766,260,0.07142857142857142,1.0,20,260,945,0,hub,n100p50,gglasso,12,100,50,7.869057653937489
