aupr,auroc,f1,f1_opt,mcc,shd,precision,recall,tp,fp,tn,fn,topology,config,method,rep,n,p,wall_seconds
0.6268657751512136,0.9018582078535576,0.41463414634146345,0.6009852216748768,0.4201589289869463,240,0.27070063694267515,0.8854166666666666,85,229,900,11,scale-free,n100p50,gglasso,35,100,50,8.755285047926009
