aupr,auroc,f1,f1_opt,mcc,shd,precision,recall,tp,fp,tn,fn,topology,config,method,rep,n,p,wall_seconds
0.6977658861352889,0.9284303956303515,0.4147465437788019,0.6666666666666666,0.43160653692069584,254,0.26627218934911245,0.9375,90,248,881,6,scale-free,n100p50,gglasso,30,100,50,8.4476347588934
