aupr,auroc,f1,f1_opt,mcc,shd,precision,recall,tp,fp,tn,fn,topology,config,method,rep,n,p,wall_seconds
0.7592167709311671,0.9922821576763485,0.110803324099723,0.8780487804878048,0.20742945075010014,321,0.05865102639296188,1.0,20,321,884,0,hub,n100p50,gglasso,0,100,50,7.225444784387946
