aupr,auroc,f1,f1_opt,mcc,shd,precision,recall,tp,fp,tn,fn,topology,config,method,rep,n,p,wall_seconds
0.7832212713541354,0.9094885225972541,0.8400000000000001,0.8459958932238193,0.837202505305455,80,0.860655737704918,0.8203125,210,34,13076,46,hub,n513p164,gglasso,23,513,164,14.338607423007488
