aupr,auroc,f1,f1_opt,mcc,shd,precision,recall,tp,fp,tn,fn,topology,config,method,rep,n,p,wall_seconds
0.6755759472152327,0.862594155225019,0.8017241379310346,0.8017241379310346,0.8027188630321197,92,0.8942307692307693,0.7265625,186,22,13088,70,hub,n513p164,gglasso,22,513,164,14.62102359207347
