aupr,auroc,f1,f1_opt,mcc,shd,precision,recall,tp,fp,tn,fn,topology,config,method,rep,n,p,wall_seconds
0.6776963929498674,0.9279229406554472,0.40624999999999994,0.6376811594202898,0.425662065357881,266,0.2585227272727273,0.9479166666666666,91,261,868,5,scale-free,n100p50,gglasso,17,100,50,9.409720516763628
