aupr,auroc,f1,f1_opt,mcc,shd,precision,recall,tp,fp,tn,fn,topology,config,method,rep,n,p,wall_seconds
0.7456380969536309,0.9014310998283753,0.8256513026052105,0.8256513026052105,0.8226270913146474,87,0.8477366255144033,0.8046875,206,37,13073,50,hub,n513p164,gglasso,17,513,164,15.716983682010323
