aupr,auroc,f1,f1_opt,mcc,shd,precision,recall,tp,fp,tn,fn,topology,config,method,rep,n,p,wall_seconds
0.7968711034213469,0.9285300844475722,0.5202312138728324,0.7629427792915532,0.527889780353269,332,0.36809815950920244,0.8866995073891626,180,309,2491,23,cluster,n237p78,gglasso,15,237,78,12.17572511266917
