aupr,auroc,f1,f1_opt,mcc,shd,precision,recall,tp,fp,tn,fn,topology,config,method,rep,n,p,wall_seconds
0.6488000036231314,0.8506301844965676,0.7708779443254818,0.7725321888412017,0.7705560276559191,107,0.8530805687203792,0.703125,180,31,13079,76,hub,n513p164,gglasso,12,513,164,9.224624942056835
