aupr,auroc,f1,f1_opt,mcc,shd,precision,recall,tp,fp,tn,fn,topology,config,method,rep,n,p,wall_seconds
0.5658587980765399,0.8130600916575816,0.6505190311418684,0.6505190311418684,0.6219222833686394,707,0.6547263681592039,0.6463654223968566,658,347,12001,360,cluster,n513p164,gglasso,17,513,164,46.829284763894975
