aupr,auroc,f1,f1_opt,mcc,shd,precision,recall,tp,fp,tn,fn,topology,config,method,rep,n,p,wall_seconds
0.27903084018300806,0.6191029925814956,0.37203647416413377,0.3722627737226277,0.4073540659653374,1033,0.7707808564231738,0.24519230769230768,306,91,12027,942,scale-free,n513p164,gglasso,32,513,164,24.72826071921736
