aupr,auroc,f1,f1_opt,mcc,shd,precision,recall,tp,fp,tn,fn,topology,config,method,rep,n,p,wall_seconds
0.9499586118722008,0.9863208469851827,0.457516339869281,0.8953068592057761,0.506836660746021,332,0.29850746268656714,0.9790209790209791,140,329,2531,3,random,n237p78,gglasso,25,237,78,4.474404549226165
