aupr,auroc,f1,f1_opt,mcc,shd,precision,recall,tp,fp,tn,fn,topology,config,method,rep,n,p,wall_seconds
0.6438493212805635,0.9911618257261411,0.13245033112582782,0.6296296296296295,0.23558778371859304,262,0.07092198581560284,1.0,20,262,943,0,hub,n100p50,gglasso,46,100,50,8.206700698006898
