aupr,auroc,f1,f1_opt,mcc,shd,precision,recall,tp,fp,tn,fn,topology,config,method,rep,n,p,wall_seconds
0.7749502038781504,0.9177357494722026,0.47516778523489933,0.7479224376731302,0.48408346210416725,391,0.32656826568265684,0.8719211822660099,177,365,2435,26,cluster,n237p78,gglasso,31,237,78,13.100604399107397
