aupr,auroc,f1,f1_opt,mcc,shd,precision,recall,tp,fp,tn,fn,topology,config,method,rep,n,p,wall_seconds
0.8483035743310321,0.9304375709398117,0.8174878556557945,0.8423457730388424,0.8084799694016744,263,0.775,0.8649045521292217,589,171,12514,92,random,n513p164,gglasso,49,513,164,14.13456934504211
