aupr,auroc,f1,f1_opt,mcc,shd,precision,recall,tp,fp,tn,fn,topology,config,method,rep,n,p,wall_seconds
0.6607514031228936,0.8493851026867281,0.6666666666666667,0.6936619718309859,0.6295341316988237,215,0.6160458452722063,0.7263513513513513,215,134,2573,81,scale-free,n237p78,gglasso,35,237,78,3.2920516952872276
