aupr,auroc,f1,f1_opt,mcc,shd,precision,recall,tp,fp,tn,fn,topology,config,method,rep,n,p,wall_seconds
0.6954535239137478,0.930299153995988,0.23060796645702306,0.6603773584905661,0.2803882993053185,367,0.13157894736842105,0.9322033898305084,55,363,803,4,random,n100p50,gglasso,35,100,50,7.064960053190589
