aupr,auroc,f1,f1_opt,mcc,shd,precision,recall,tp,fp,tn,fn,topology,config,method,rep,n,p,wall_seconds
0.5634209638483874,0.8097501269121357,0.6517635370094387,0.6533864541832668,0.6235687787173623,701,0.665314401622718,0.6387536514118792,656,330,12009,371,cluster,n513p164,gglasso,1,513,164,52.251643501687795
