aupr,auroc,f1,f1_opt,mcc,shd,precision,recall,tp,fp,tn,fn,topology,config,method,rep,n,p,wall_seconds
0.6305614205913441,0.8335107903981632,0.6656217345872518,0.681917211328976,0.6400850145271031,640,0.6493374108053007,0.6827438370846731,637,344,12089,296,cluster,n513p164,gglasso,5,513,164,50.1682083173655
