aupr,auroc,f1,f1_opt,mcc,shd,precision,recall,tp,fp,tn,fn,topology,config,method,rep,n,p,wall_seconds
0.5173122135772918,0.7862194862875862,0.6294148655772273,0.6320299946438135,0.6028106779161377,703,0.6745762711864407,0.5899209486166008,597,288,12066,415,cluster,n513p164,gglasso,8,513,164,30.080736421979964
