aupr,auroc,f1,f1_opt,mcc,shd,precision,recall,tp,fp,tn,fn,topology,config,method,rep,n,p,wall_seconds
0.9607030323384526,0.9905214327133235,0.4364207221350078,0.9097222222222222,0.4905335162846047,359,0.28024193548387094,0.9858156028368794,139,357,2505,2,random,n237p78,gglasso,32,237,78,4.410743561107665
