aupr,auroc,f1,f1_opt,mcc,shd,precision,recall,tp,fp,tn,fn,topology,config,method,rep,n,p,wall_seconds
0.9985180305470163,0.9999774622492674,0.5056179775280898,0.989010989010989,0.5729573565106139,88,0.3383458646616541,1.0,45,88,2870,0,hub,n237p78,gglasso,25,237,78,7.012823204975575
