aupr,auroc,f1,f1_opt,mcc,shd,precision,recall,tp,fp,tn,fn,topology,config,method,rep,n,p,wall_seconds
0.7960078467802201,0.9531806328669576,0.26938775510204077,0.7286821705426356,0.31525763193933565,358,0.15676959619952494,0.9565217391304348,66,355,801,3,random,n100p50,gglasso,17,100,50,14.745892243925482
