aupr,auroc,f1,f1_opt,mcc,shd,precision,recall,tp,fp,tn,fn,topology,config,method,rep,n,p,wall_seconds
0.9578615304143662,0.9987003230410938,0.4712041884816754,0.9333333333333333,0.5456144509332712,101,0.3082191780821918,1.0,45,101,2857,0,hub,n237p78,gglasso,33,237,78,6.219003346282989
