aupr,auroc,f1,f1_opt,mcc,shd,precision,recall,tp,fp,tn,fn,topology,config,method,rep,n,p,wall_seconds
0.7648703033876869,0.9067598413186453,0.8448979591836735,0.8448979591836735,0.8425959410300746,76,0.8771186440677966,0.8149606299212598,207,29,13083,47,hub,n513p164,gglasso,10,513,164,16.69054485624656
