aupr,auroc,f1,f1_opt,mcc,shd,precision,recall,tp,fp,tn,fn,topology,config,method,rep,n,p,wall_seconds
0.5944044090871088,0.8102629319382183,0.631578947368421,0.6429780033840948,0.5903671469318762,224,0.6153846153846154,0.6486486486486487,192,120,2587,104,scale-free,n237p78,gglasso,7,237,78,4.1188411437906325
