aupr,auroc,f1,f1_opt,mcc,shd,precision,recall,tp,fp,tn,fn,topology,config,method,rep,n,p,wall_seconds
0.5458800560125107,0.7901579262810665,0.6387096774193549,0.639697950377562,0.6136830038415044,672,0.6882966396292005,0.5957873620862588,594,269,12100,403,cluster,n513p164,gglasso,39,513,164,21.20323570771143
