aupr,auroc,f1,f1_opt,mcc,shd,precision,recall,tp,fp,tn,fn,topology,config,method,rep,n,p,wall_seconds
0.4470483977311829,0.7401190728790925,0.5755716675962075,0.5755716675962075,0.5540797063202236,761,0.6852589641434262,0.49615384615384617,516,237,12089,524,cluster,n513p164,gglasso,29,513,164,19.401737299747765
