aupr,auroc,f1,f1_opt,mcc,shd,precision,recall,tp,fp,tn,fn,topology,config,method,rep,n,p,wall_seconds
0.8632092844675582,0.9662231663685152,0.4558991981672394,0.8269230769230769,0.4830799886200277,475,0.2992481203007519,0.9567307692307693,199,466,2329,9,cluster,n237p78,gglasso,39,237,78,14.010597601998597
