aupr,auroc,f1,f1_opt,mcc,shd,precision,recall,tp,fp,tn,fn,topology,config,method,rep,n,p,wall_seconds
0.9292629454437438,0.9860464436491798,0.5694682675814751,0.8616352201257862,0.5980999784092847,251,0.40096618357487923,0.9822485207100592,166,248,2586,3,random,n237p78,gglasso,9,237,78,4.515677438117564
