aupr,auroc,f1,f1_opt,mcc,shd,precision,recall,tp,fp,tn,fn,topology,config,method,rep,n,p,wall_seconds
0.7129282408487326,0.881221084971151,0.8220338983050847,0.8220338983050847,0.8213328989900176,84,0.8899082568807339,0.7637795275590551,194,24,13088,60,hub,n513p164,gglasso,26,513,164,14.341681628022343
