aupr,auroc,f1,f1_opt,mcc,shd,precision,recall,tp,fp,tn,fn,topology,config,method,rep,n,p,wall_seconds
0.8897513917821986,0.9518599686829362,0.8346883468834689,0.8716417910447761,0.8280602498555206,244,0.7728983688833124,0.9072164948453608,616,181,12506,63,random,n513p164,gglasso,9,513,164,23.779427766799927
