aupr,auroc,f1,f1_opt,mcc,shd,precision,recall,tp,fp,tn,fn,topology,config,method,rep,n,p,wall_seconds
0.8257608945192721,0.9530937518938247,0.2786069651741294,0.7804878048780488,0.30479593202729666,435,0.16279069767441862,0.9655172413793104,84,432,706,3,cluster,n100p50,gglasso,1,100,50,3.732455017976463
