aupr,auroc,f1,f1_opt,mcc,shd,precision,recall,tp,fp,tn,fn,topology,config,method,rep,n,p,wall_seconds
0.651621668958452,0.905355033953351,0.4066985645933014,0.6534653465346534,0.41241438449870405,248,0.2639751552795031,0.8854166666666666,85,237,892,11,scale-free,n100p50,gglasso,4,100,50,9.264344152994454
