aupr,auroc,f1,f1_opt,mcc,shd,precision,recall,tp,fp,tn,fn,topology,config,method,rep,n,p,wall_seconds
0.603088092390369,0.8999575583111898,0.45652173913043487,0.6060606060606061,0.4581206480552848,200,0.3088235294117647,0.875,84,188,941,12,scale-free,n100p50,gglasso,13,100,50,9.493436991237104
