aupr,auroc,f1,f1_opt,mcc,shd,precision,recall,tp,fp,tn,fn,topology,config,method,rep,n,p,wall_seconds
0.7307976288800144,0.910257344723364,0.5418439716312057,0.6988505747126437,0.5379703865436556,323,0.39544513457556935,0.8603603603603603,191,292,2489,31,cluster,n237p78,gglasso,32,237,78,14.915988066699356
