aupr,auroc,f1,f1_opt,mcc,shd,precision,recall,tp,fp,tn,fn,topology,config,method,rep,n,p,wall_seconds
0.6382292786480307,0.989253112033195,0.132890365448505,0.6046511627906976,0.23613170967715744,261,0.0711743772241993,1.0,20,261,944,0,hub,n100p50,gglasso,27,100,50,7.9739939430728555
