aupr,auroc,f1,f1_opt,mcc,shd,precision,recall,tp,fp,tn,fn,topology,config,method,rep,n,p,wall_seconds
0.9871003800581266,0.9997145218240554,0.4054054054054054,0.9772727272727273,0.49284075888092843,132,0.2542372881355932,1.0,45,132,2826,0,hub,n237p78,gglasso,13,237,78,6.037176617886871
