aupr,auroc,f1,f1_opt,mcc,shd,precision,recall,tp,fp,tn,fn,topology,config,method,rep,n,p,wall_seconds
0.8779768282617821,0.9660415288309838,0.4895287958115183,0.8297872340425533,0.5161363318471611,390,0.32922535211267606,0.9540816326530612,187,381,2426,9,cluster,n237p78,gglasso,41,237,78,14.592005085665733
