aupr,auroc,f1,f1_opt,mcc,shd,precision,recall,tp,fp,tn,fn,topology,config,method,rep,n,p,wall_seconds
0.752892419431255,0.9145612192100848,0.4670520231213874,0.7285714285714285,0.47029014710483447,461,0.31811023622047246,0.8782608695652174,202,433,2340,28,cluster,n237p78,gglasso,44,237,78,16.4484128607437
