aupr,auroc,f1,f1_opt,mcc,shd,precision,recall,tp,fp,tn,fn,topology,config,method,rep,n,p,wall_seconds
0.213519564795238,0.580209536777246,0.27183191070256074,0.27218934911242604,0.32845706611224595,1109,0.7527272727272727,0.1658653846153846,207,68,12050,1041,scale-free,n513p164,gglasso,45,513,164,15.532291561830789
