aupr,auroc,f1,f1_opt,mcc,shd,precision,recall,tp,fp,tn,fn,topology,config,method,rep,n,p,wall_seconds
0.9590135951509375,0.9991510780557433,0.4787234042553192,0.9130434782608695,0.5515973485146916,98,0.3146853146853147,1.0,45,98,2860,0,hub,n237p78,gglasso,0,237,78,8.096600396092981
