aupr,auroc,f1,f1_opt,mcc,shd,precision,recall,tp,fp,tn,fn,topology,config,method,rep,n,p,wall_seconds
0.7457690720871835,0.9941078838174273,0.12121212121212122,0.7999999999999999,0.22133555019400167,290,0.06451612903225806,1.0,20,290,915,0,hub,n100p50,gglasso,37,100,50,7.442002119962126
