aupr,auroc,f1,f1_opt,mcc,shd,precision,recall,tp,fp,tn,fn,topology,config,method,rep,n,p,wall_seconds
0.5850296787107694,0.8328603225114417,0.7370689655172414,0.739606126914661,0.7365665888683441,122,0.8221153846153846,0.66796875,171,37,13073,85,hub,n513p164,gglasso,40,513,164,11.446332457009703
