aupr,auroc,f1,f1_opt,mcc,shd,precision,recall,tp,fp,tn,fn,topology,config,method,rep,n,p,wall_seconds
0.6070523969038584,0.8900760259816949,0.41919191919191917,0.5970149253731343,0.4202081647043941,230,0.27666666666666667,0.8645833333333334,83,217,912,13,scale-free,n100p50,gglasso,37,100,50,8.824431965127587
