aupr,auroc,f1,f1_opt,mcc,shd,precision,recall,tp,fp,tn,fn,topology,config,method,rep,n,p,wall_seconds
0.980801664110201,0.999526707234618,0.40358744394618834,0.945054945054945,0.4913674648880573,133,0.25280898876404495,1.0,45,133,2825,0,hub,n237p78,gglasso,1,237,78,6.305967977736145
