aupr,auroc,f1,f1_opt,mcc,shd,precision,recall,tp,fp,tn,fn,topology,config,method,rep,n,p,wall_seconds
0.7842472488322657,0.9263738240888295,0.5306666666666667,0.7310344827586207,0.5327355096358216,352,0.37832699619771865,0.8883928571428571,199,327,2452,25,cluster,n237p78,gglasso,37,237,78,13.264872496947646
