aupr,auroc,f1,f1_opt,mcc,shd,precision,recall,tp,fp,tn,fn,topology,config,method,rep,n,p,wall_seconds
0.7518504304914958,0.9600963608957795,0.2713347921225383,0.696774193548387,0.32589866282768304,333,0.15776081424936386,0.96875,62,331,830,2,random,n100p50,gglasso,24,100,50,4.914882440119982
