aupr,auroc,f1,f1_opt,mcc,shd,precision,recall,tp,fp,tn,fn,topology,config,method,rep,n,p,wall_seconds
0.7243993725717831,0.9313782477118395,0.38949671772428884,0.6798029556650246,0.4044817042442021,279,0.24653739612188366,0.9270833333333334,89,272,857,7,scale-free,n100p50,gglasso,27,100,50,6.76365865720436
