aupr,auroc,f1,f1_opt,mcc,shd,precision,recall,tp,fp,tn,fn,topology,config,method,rep,n,p,wall_seconds
0.969190174531624,0.9949352138516224,0.5083612040133779,0.926517571884984,0.551249707870214,294,0.3415730337078652,0.9934640522875817,152,293,2557,1,random,n237p78,gglasso,14,237,78,4.6074680290184915
