aupr,auroc,f1,f1_opt,mcc,shd,precision,recall,tp,fp,tn,fn,topology,config,method,rep,n,p,wall_seconds
0.831020542494948,0.9521586910626318,0.5101214574898786,0.785,0.5279264773912276,363,0.3513011152416357,0.9310344827586207,189,349,2451,14,cluster,n237p78,gglasso,35,237,78,14.89856034098193
