aupr,auroc,f1,f1_opt,mcc,shd,precision,recall,tp,fp,tn,fn,topology,config,method,rep,n,p,wall_seconds
0.747584937074505,0.8948390727013303,0.8187372708757638,0.8187372708757638,0.8158573914766659,89,0.8481012658227848,0.7913385826771654,201,36,13076,53,hub,n513p164,gglasso,8,513,164,15.583416082896292
