aupr,auroc,f1,f1_opt,mcc,shd,precision,recall,tp,fp,tn,fn,topology,config,method,rep,n,p,wall_seconds
0.9732826885810804,0.9911438212137513,0.43053435114503813,0.9424460431654677,0.4848997308297371,373,0.275390625,0.986013986013986,141,371,2489,2,random,n237p78,gglasso,11,237,78,4.648282780312002
