aupr,auroc,f1,f1_opt,mcc,shd,precision,recall,tp,fp,tn,fn,topology,config,method,rep,n,p,wall_seconds
0.968767035128037,0.9910337982652556,0.44720496894409933,0.9411764705882353,0.49867698997183685,356,0.2891566265060241,0.9863013698630136,144,354,2503,2,random,n237p78,gglasso,19,237,78,4.177808381151408
